Market,Dma,Females,Males,Population,F0-5,F5-9,F10-17,F18+,F18-34,F18-49,F35-49,F50-64,F65+,M0-5,M5-9,M10-17,M18+,M18-34,M18-49,M35-49,M50-64,M65+,P0-5,P5-9,P10-17,P18+,P18-34,P18-49,P35-49,P50-64,P65+
500,Portland-Auburn,514165.0,494110.0,1008275.0,23132.0,24873.0,43204.0,422956.0,98979.0,190717.0,91738.0,118784.0,113455.0,24829.0,26446.0,46142.0,396693.0,101205.0,190695.0,89490.0,111696.0,94302.0,47961.0,51319.0,89346.0,819649.0,200184.0,381412.0,181228.0,230480.0,207757.0
501,New York,10948865.0,10292042.0,21240907.0,623121.0,598857.0,1013685.0,8713202.0,2457307.0,4571990.0,2114683.0,2202999.0,1938213.0,651443.0,625237.0,1058921.0,7956441.0,2456171.0,4489077.0,2032906.0,2031511.0,1435853.0,1274564.0,1224094.0,2072606.0,16669643.0,4913478.0,9061067.0,4147589.0,4234510.0,3374066.0
502,Binghamton,167737.0,164939.0,332676.0,8113.0,8192.0,14966.0,136466.0,36390.0,63370.0,26980.0,36402.0,36694.0,8610.0,9399.0,15325.0,131605.0,38810.0,65523.0,26713.0,35617.0,30465.0,16723.0,17591.0,30291.0,268071.0,75200.0,128893.0,53693.0,72019.0,67159.0
503,Macon,339570.0,331608.0,671178.0,19117.0,19414.0,34781.0,266258.0,75838.0,136821.0,60983.0,68087.0,61350.0,19973.0,20636.0,36615.0,254384.0,80853.0,143252.0,62399.0,64126.0,47006.0,39090.0,40050.0,71396.0,520642.0,156691.0,280073.0,123382.0,132213.0,108356.0
504,Philadelphia,4187378.0,3947414.0,8134792.0,228328.0,237483.0,398289.0,3323278.0,930060.0,1701447.0,771387.0,861642.0,760189.0,239269.0,242597.0,419497.0,3046051.0,938706.0,1678084.0,739378.0,793902.0,574065.0,467597.0,480080.0,817786.0,6369329.0,1868766.0,3379531.0,1510765.0,1655544.0,1334254.0
505,Detroit,4424597.0,4246013.0,8670610.0,239155.0,245561.0,429533.0,3510348.0,945531.0,1759046.0,813515.0,933189.0,818113.0,251078.0,254304.0,451870.0,3288761.0,976675.0,1762421.0,785746.0,882100.0,644240.0,490233.0,499865.0,881403.0,6799109.0,1922206.0,3521467.0,1599261.0,1815289.0,1462353.0
506,Boston (Manchester),3394790.0,3232241.0,6627031.0,168405.0,169513.0,302892.0,2753980.0,798852.0,1430831.0,631979.0,711879.0,611270.0,175806.0,179012.0,314853.0,2562570.0,806279.0,1418609.0,612330.0,669607.0,474354.0,344211.0,348525.0,617745.0,5316550.0,1605131.0,2849440.0,1244309.0,1381486.0,1085624.0
507,Savannah,2912971.0,2768360.0,5681331.0,172301.0,184780.0,305436.0,2250454.0,680313.0,1262230.0,581917.0,549463.0,438761.0,181155.0,187907.0,317921.0,2081377.0,691300.0,1236174.0,544874.0,504163.0,341040.0,353456.0,372687.0,623357.0,4331831.0,1371613.0,2498404.0,1126791.0,1053626.0,779801.0
508,Pittsburgh,1426592.0,1371089.0,2797681.0,68846.0,70899.0,117454.0,1169393.0,302615.0,546892.0,244277.0,308913.0,313588.0,72186.0,71726.0,125127.0,1102050.0,319913.0,567339.0,247426.0,292925.0,241786.0,141032.0,142625.0,242581.0,2271443.0,622528.0,1114231.0,491703.0,601838.0,555374.0
509,Ft. Wayne,1060598.0,1026133.0,2086731.0,65251.0,70008.0,115551.0,809788.0,225054.0,425046.0,199992.0,205478.0,179264.0,67891.0,72031.0,123028.0,763183.0,227494.0,423595.0,196101.0,197846.0,141742.0,133142.0,142039.0,238579.0,1572971.0,452548.0,848641.0,396093.0,403324.0,321006.0
510,Cleveland-Akron (Canton),1958009.0,1853989.0,3811998.0,104504.0,106769.0,187113.0,1559623.0,405438.0,747690.0,342252.0,414969.0,396964.0,109517.0,112341.0,194221.0,1437910.0,411905.0,743749.0,331844.0,387040.0,307121.0,214021.0,219110.0,381334.0,2997533.0,817343.0,1491439.0,674096.0,802009.0,704085.0
511,"Washington, Dc (Hagrstwn)",4486319.0,4332793.0,8819112.0,265983.0,268549.0,446776.0,3505011.0,990519.0,1908535.0,918016.0,896018.0,700458.0,278568.0,280305.0,464906.0,3309014.0,1009117.0,1903571.0,894454.0,848305.0,557138.0,544551.0,548854.0,911682.0,6814025.0,1999636.0,3812106.0,1812470.0,1744323.0,1257596.0
512,Baltimore,2277147.0,2122648.0,4399795.0,126074.0,130447.0,213621.0,1807005.0,499482.0,927884.0,428402.0,473966.0,405155.0,131312.0,135346.0,222742.0,1633248.0,495583.0,894418.0,398835.0,430966.0,307864.0,257386.0,265793.0,436363.0,3440253.0,995065.0,1822302.0,827237.0,904932.0,713019.0
513,Flint-Saginaw-Bay City,578251.0,556088.0,1134339.0,30210.0,32177.0,53540.0,462324.0,120627.0,219795.0,99168.0,124013.0,118516.0,31476.0,33486.0,57609.0,433517.0,123237.0,220590.0,97353.0,117142.0,95785.0,61686.0,65663.0,111149.0,895841.0,243864.0,440385.0,196521.0,241155.0,214301.0
514,Buffalo,4107723.0,3897777.0,8005500.0,217826.0,218619.0,365217.0,3306061.0,928969.0,1648251.0,719282.0,850732.0,807078.0,228294.0,224509.0,384798.0,3060176.0,947836.0,1653504.0,705668.0,794079.0,612593.0,446120.0,443128.0,750015.0,6366237.0,1876805.0,3301755.0,1424950.0,1644811.0,1419671.0
515,Cincinnati,1220123.0,1176199.0,2396322.0,72602.0,76835.0,125558.0,945128.0,266026.0,492264.0,226238.0,246359.0,206505.0,75887.0,79325.0,131724.0,889263.0,271387.0,491589.0,220202.0,233704.0,163970.0,148489.0,156160.0,257282.0,1834391.0,537413.0,983853.0,446440.0,480063.0,370475.0
516,Erie,201068.0,195518.0,396586.0,10828.0,11760.0,18109.0,160371.0,42502.0,76669.0,34167.0,42468.0,41234.0,11048.0,11275.0,20299.0,152896.0,43852.0,77494.0,33642.0,41336.0,34066.0,21876.0,23035.0,38408.0,313267.0,86354.0,154163.0,67809.0,83804.0,75300.0
517,Charlotte,1699746.0,1613858.0,3313604.0,96146.0,102182.0,174687.0,1326731.0,372440.0,718913.0,346473.0,332086.0,275732.0,100670.0,103390.0,183448.0,1226350.0,370153.0,699721.0,329568.0,312147.0,214482.0,196816.0,205572.0,358135.0,2553081.0,742593.0,1418634.0,676041.0,644233.0,490214.0
518,Greensboro-H.Point-W.Salem,947732.0,875867.0,1823599.0,50069.0,53235.0,92990.0,751438.0,203566.0,378242.0,174676.0,194197.0,178999.0,52117.0,56196.0,95548.0,672006.0,192260.0,354760.0,162500.0,179729.0,137517.0,102186.0,109431.0,188538.0,1423444.0,395826.0,733002.0,337176.0,373926.0,316516.0
519,"Charleston, Sc",473429.0,448110.0,921539.0,26825.0,28171.0,42630.0,375803.0,107425.0,196931.0,89506.0,95124.0,83748.0,27254.0,28918.0,44894.0,347044.0,109896.0,195404.0,85508.0,84229.0,67411.0,54079.0,57089.0,87524.0,722847.0,217321.0,392335.0,175014.0,179353.0,151159.0
520,Augusta-Aiken,3631337.0,3426679.0,7058016.0,203116.0,214967.0,354472.0,2858782.0,789583.0,1460370.0,670787.0,727986.0,670426.0,213283.0,218242.0,374502.0,2620652.0,802951.0,1433265.0,630314.0,654767.0,532620.0,416399.0,433209.0,728974.0,5479434.0,1592534.0,2893635.0,1301101.0,1382753.0,1203046.0
521,Providence-New Bedford,833913.0,787186.0,1621099.0,41267.0,42741.0,73483.0,676422.0,189698.0,340828.0,151130.0,177698.0,157896.0,42960.0,42619.0,78927.0,622680.0,191721.0,337411.0,145690.0,165181.0,120088.0,84227.0,85360.0,152410.0,1299102.0,381419.0,678239.0,296820.0,342879.0,277984.0
522,"Columbus, Ga (Opelika, Al)",299251.0,291931.0,591182.0,18408.0,17732.0,29327.0,233784.0,74736.0,128978.0,54242.0,56025.0,48781.0,18723.0,18771.0,30565.0,223872.0,83284.0,135559.0,52275.0,51411.0,36902.0,37131.0,36503.0,59892.0,457656.0,158020.0,264537.0,106517.0,107436.0,85683.0
523,Burlington-Plattsburgh,444822.0,445363.0,890185.0,19697.0,21260.0,37455.0,366410.0,96889.0,173722.0,76833.0,100406.0,92282.0,20988.0,23276.0,39005.0,362094.0,107559.0,185733.0,78174.0,97089.0,79272.0,40685.0,44536.0,76460.0,728504.0,204448.0,359455.0,155007.0,197495.0,171554.0
524,Atlanta,5228824.0,4935972.0,10164796.0,304258.0,320673.0,564182.0,4039711.0,1191743.0,2264674.0,1072931.0,1000407.0,774630.0,315166.0,335197.0,581902.0,3703707.0,1175553.0,2177943.0,1002390.0,923863.0,601901.0,619424.0,655870.0,1146084.0,7743418.0,2367296.0,4442617.0,2075321.0,1924270.0,1376531.0
525,"Albany, Ga",208795.0,200700.0,409495.0,12657.0,13083.0,22228.0,160827.0,44807.0,83040.0,38233.0,40261.0,37526.0,13402.0,13668.0,24066.0,149564.0,46438.0,84422.0,37984.0,36954.0,28188.0,26059.0,26751.0,46294.0,310391.0,91245.0,167462.0,76217.0,77215.0,65714.0
526,Utica,79803.0,78809.0,158612.0,3308.0,3696.0,6623.0,66176.0,17329.0,29997.0,12668.0,17889.0,18290.0,3795.0,3964.0,6817.0,64233.0,17947.0,31004.0,13057.0,17460.0,15769.0,7103.0,7660.0,13440.0,130409.0,35276.0,61001.0,25725.0,35349.0,34059.0
527,Indianapolis,1555978.0,1500223.0,3056201.0,92815.0,96635.0,159596.0,1206932.0,359530.0,650734.0,291204.0,298900.0,257298.0,98286.0,101526.0,166986.0,1133425.0,361953.0,649689.0,287736.0,283596.0,200140.0,191101.0,198161.0,326582.0,2340357.0,721483.0,1300423.0,578940.0,582496.0,457438.0
528,Miami-Ft. Lauderdale,2422162.0,2300776.0,4722938.0,133560.0,126152.0,219280.0,1943170.0,513281.0,1005044.0,491763.0,492094.0,446032.0,139320.0,129370.0,226883.0,1805203.0,527846.0,1010056.0,482210.0,460378.0,334769.0,272880.0,255522.0,446163.0,3748373.0,1041127.0,2015100.0,973973.0,952472.0,780801.0
529,Louisville,902556.0,868777.0,1771333.0,52333.0,52456.0,90837.0,706930.0,191476.0,361665.0,170189.0,185448.0,159817.0,55319.0,55845.0,94320.0,663293.0,195592.0,363708.0,168116.0,174146.0,125439.0,107652.0,108301.0,185157.0,1370223.0,387068.0,725373.0,338305.0,359594.0,285256.0
530,Tallahassee-Thomasville,384017.0,371181.0,755198.0,20471.0,20765.0,35632.0,307149.0,105509.0,171399.0,65890.0,70713.0,65037.0,21386.0,23024.0,36346.0,290425.0,106852.0,173164.0,66312.0,65383.0,51878.0,41857.0,43789.0,71978.0,597574.0,212361.0,344563.0,132202.0,136096.0,116915.0
531,"Tri-Cities, Tn-Va",388102.0,379231.0,767333.0,17395.0,18250.0,35402.0,317055.0,73926.0,143194.0,69268.0,85261.0,88600.0,18533.0,19081.0,37101.0,304516.0,79293.0,150591.0,71298.0,80944.0,72981.0,35928.0,37331.0,72503.0,621571.0,153219.0,293785.0,140566.0,166205.0,161581.0
532,Albany-Schenectady-Troy,702255.0,680129.0,1382384.0,33761.0,35203.0,59827.0,573464.0,151042.0,274347.0,123305.0,153469.0,145648.0,35011.0,36692.0,63927.0,544499.0,157921.0,280375.0,122454.0,146398.0,117726.0,68772.0,71895.0,123754.0,1117963.0,308963.0,554722.0,245759.0,299867.0,263374.0
533,Hartford & New Haven,1344382.0,1281861.0,2626243.0,63736.0,67124.0,124878.0,1088644.0,290450.0,533998.0,243548.0,292300.0,262346.0,67327.0,68912.0,131463.0,1014159.0,304920.0,537549.0,232629.0,273637.0,202973.0,131063.0,136036.0,256341.0,2102803.0,595370.0,1071547.0,476177.0,565937.0,465319.0
534,Orlando-Daytona Bch-Melbrn,2204414.0,2098956.0,4303370.0,111088.0,116160.0,194378.0,1782788.0,464577.0,867565.0,402988.0,441704.0,473519.0,115162.0,117810.0,205437.0,1660547.0,476495.0,865885.0,389390.0,401093.0,393569.0,226250.0,233970.0,399815.0,3443335.0,941072.0,1733450.0,792378.0,842797.0,867088.0
535,"Columbus, Oh",1310267.0,1280622.0,2590889.0,81332.0,79917.0,131405.0,1017613.0,314752.0,567121.0,252369.0,246440.0,204052.0,84843.0,83328.0,137070.0,975381.0,323066.0,576996.0,253930.0,238326.0,160059.0,166175.0,163245.0,268475.0,1992994.0,637818.0,1144117.0,506299.0,484766.0,364111.0
536,Youngstown,325617.0,315012.0,640629.0,16217.0,16918.0,29671.0,262811.0,60275.0,114823.0,54548.0,71728.0,76260.0,17143.0,18153.0,30958.0,248758.0,65253.0,121130.0,55877.0,68410.0,59218.0,33360.0,35071.0,60629.0,511569.0,125528.0,235953.0,110425.0,140138.0,135478.0
537,Bangor,174951.0,170115.0,345066.0,7686.0,8601.0,14404.0,144260.0,33678.0,64138.0,30460.0,40900.0,39222.0,8121.0,8973.0,14829.0,138192.0,35784.0,65048.0,29264.0,38641.0,34503.0,15807.0,17574.0,29233.0,282452.0,69462.0,129186.0,59724.0,79541.0,73725.0
538,"Rochester, Ny",5712631.0,5337088.0,11049719.0,320428.0,292550.0,485452.0,4614201.0,1379201.0,2464625.0,1085424.0,1114356.0,1035220.0,336141.0,305411.0,507489.0,4188047.0,1347576.0,2395938.0,1048362.0,1024132.0,767977.0,656569.0,597961.0,992941.0,8802248.0,2726777.0,4860563.0,2133786.0,2138488.0,1803197.0
539,Tampa-St. Pete (Sarasota),2552610.0,2407205.0,4959815.0,123779.0,129055.0,216428.0,2083348.0,492212.0,942194.0,449982.0,526569.0,614585.0,129314.0,131061.0,231035.0,1915795.0,494135.0,925678.0,431543.0,478154.0,511963.0,253093.0,260116.0,447463.0,3999143.0,986347.0,1867872.0,881525.0,1004723.0,1126548.0
540,Traverse City-Cadillac,2198459.0,2123573.0,4322032.0,122181.0,123804.0,211880.0,1740594.0,480828.0,863618.0,382790.0,456203.0,420773.0,127004.0,129297.0,223399.0,1643873.0,492905.0,866266.0,373361.0,434265.0,343342.0,249185.0,253101.0,435279.0,3384467.0,973733.0,1729884.0,756151.0,890468.0,764115.0
541,Lexington,665876.0,641950.0,1307826.0,38547.0,38500.0,63351.0,525478.0,152990.0,276729.0,123739.0,131898.0,116851.0,40537.0,39982.0,67111.0,494320.0,155405.0,278325.0,122920.0,123452.0,92543.0,79084.0,78482.0,130462.0,1019798.0,308395.0,555054.0,246659.0,255350.0,209394.0
542,Dayton,617102.0,589438.0,1206540.0,35387.0,34212.0,61481.0,486022.0,130629.0,237455.0,106826.0,125743.0,122824.0,37286.0,37103.0,64734.0,450315.0,132481.0,235782.0,103301.0,118963.0,95570.0,72673.0,71315.0,126215.0,936337.0,263110.0,473237.0,210127.0,244706.0,218394.0
543,Springfield-Holyoke,363504.0,335033.0,698537.0,16525.0,19327.0,30505.0,297147.0,90495.0,153287.0,62792.0,74941.0,68919.0,17432.0,17867.0,34459.0,265275.0,87045.0,144101.0,57056.0,67800.0,53374.0,33957.0,37194.0,64964.0,562422.0,177540.0,297388.0,119848.0,142741.0,122293.0
544,Norfolk-Portsmth-Newpt Nws,1798590.0,1732818.0,3531408.0,104000.0,101628.0,167247.0,1425715.0,413064.0,745972.0,332908.0,363270.0,316473.0,107916.0,105231.0,176418.0,1343253.0,438615.0,765261.0,326646.0,332944.0,245048.0,211916.0,206859.0,343665.0,2768968.0,851679.0,1511233.0,659554.0,696214.0,561521.0
545,Greenville-N.Bern-Washngtn,406377.0,411720.0,818097.0,24753.0,23794.0,37775.0,320055.0,98386.0,166273.0,67887.0,77723.0,76059.0,25742.0,24945.0,39936.0,321097.0,125850.0,192131.0,66281.0,69009.0,59957.0,50495.0,48739.0,77711.0,641152.0,224236.0,358404.0,134168.0,146732.0,136016.0
546,"Columbia, Sc",575588.0,540303.0,1115891.0,31433.0,33231.0,56154.0,454770.0,135500.0,240730.0,105230.0,113996.0,100044.0,32802.0,34354.0,58832.0,414315.0,138652.0,235485.0,96833.0,101417.0,77413.0,64235.0,67585.0,114986.0,869085.0,274152.0,476215.0,202063.0,215413.0,177457.0
547,Toledo,536464.0,519146.0,1055610.0,30345.0,30546.0,53217.0,422356.0,117145.0,211149.0,94004.0,109134.0,102073.0,31536.0,33274.0,55218.0,399118.0,120508.0,213514.0,93006.0,104392.0,81212.0,61881.0,63820.0,108435.0,821474.0,237653.0,424663.0,187010.0,213526.0,183285.0
548,West Palm Beach-Ft. Pierce,1428683.0,1386535.0,2815218.0,62519.0,63783.0,115629.0,1186752.0,237206.0,455936.0,218730.0,301906.0,428910.0,67397.0,69180.0,120391.0,1129567.0,260574.0,479290.0,218716.0,270469.0,379808.0,129916.0,132963.0,236020.0,2316319.0,497780.0,935226.0,437446.0,572375.0,808718.0
549,Watertown,896766.0,905803.0,1802569.0,49685.0,51053.0,84952.0,711076.0,199167.0,355330.0,156163.0,187910.0,167836.0,51872.0,53183.0,89314.0,711434.0,229140.0,389137.0,159997.0,183594.0,138703.0,101557.0,104236.0,174266.0,1422510.0,428307.0,744467.0,316160.0,371504.0,306539.0
550,Wilmington,268822.0,250688.0,519510.0,11696.0,13529.0,21554.0,222043.0,54752.0,101467.0,46715.0,58378.0,62198.0,12930.0,13449.0,22794.0,201515.0,53633.0,99103.0,45470.0,50862.0,51550.0,24626.0,26978.0,44348.0,423558.0,108385.0,200570.0,92185.0,109240.0,113748.0
551,Lansing,345016.0,338475.0,683491.0,18599.0,18512.0,32127.0,275778.0,88075.0,147298.0,59223.0,68080.0,60400.0,19572.0,20448.0,32740.0,265715.0,91590.0,151349.0,59759.0,64771.0,49595.0,38171.0,38960.0,64867.0,541493.0,179665.0,298647.0,118982.0,132851.0,109995.0
552,Presque Isle,34038.0,33393.0,67431.0,1567.0,1749.0,2591.0,28131.0,5624.0,11305.0,5681.0,8022.0,8804.0,1746.0,1688.0,3039.0,26920.0,6072.0,11542.0,5470.0,7929.0,7449.0,3313.0,3437.0,5630.0,55051.0,11696.0,22847.0,11151.0,15951.0,16253.0
553,Marquette,103319.0,109002.0,212321.0,4855.0,4953.0,9029.0,84482.0,21216.0,37043.0,15827.0,22934.0,24505.0,4915.0,5588.0,9586.0,88913.0,26041.0,43312.0,17271.0,23081.0,22520.0,9770.0,10541.0,18615.0,173395.0,47257.0,80355.0,33098.0,46015.0,47025.0
554,Wheeling-Steubenville,162939.0,161879.0,324818.0,7662.0,8181.0,14502.0,132594.0,29512.0,57034.0,27522.0,36027.0,39533.0,8288.0,8474.0,15239.0,129878.0,32795.0,61280.0,28485.0,35947.0,32651.0,15950.0,16655.0,29741.0,262472.0,62307.0,118314.0,56007.0,71974.0,72184.0
555,Syracuse,463375.0,447944.0,911319.0,23226.0,24243.0,41140.0,374766.0,114451.0,192426.0,77975.0,96718.0,85622.0,24868.0,25524.0,43830.0,353722.0,115368.0,191834.0,76466.0,92795.0,69093.0,48094.0,49767.0,84970.0,728488.0,229819.0,384260.0,154441.0,189513.0,154715.0
556,Richmond-Petersburg,1679421.0,1625613.0,3305034.0,91483.0,95371.0,161503.0,1331064.0,370358.0,700471.0,330113.0,339803.0,290790.0,97074.0,100162.0,167476.0,1260901.0,380597.0,709483.0,328886.0,318286.0,233132.0,188557.0,195533.0,328979.0,2591965.0,750955.0,1409954.0,658999.0,658089.0,523922.0
557,Knoxville,1113501.0,1073493.0,2186994.0,59877.0,60071.0,103290.0,890263.0,239370.0,442133.0,202763.0,229385.0,218745.0,63653.0,64274.0,108827.0,836739.0,245402.0,445567.0,200165.0,213875.0,177297.0,123530.0,124345.0,212117.0,1727002.0,484772.0,887700.0,402928.0,443260.0,396042.0
558,Lima,90883.0,91470.0,182353.0,5511.0,5510.0,10162.0,69700.0,17586.0,33193.0,15607.0,18558.0,17949.0,5840.0,6263.0,10150.0,69217.0,20011.0,36389.0,16378.0,18401.0,14427.0,11351.0,11773.0,20312.0,138917.0,37597.0,69582.0,31985.0,36959.0,32376.0
559,Bluefield-Beckley-Oak Hill,1065936.0,1041437.0,2107373.0,54163.0,58076.0,95240.0,858457.0,208105.0,400979.0,192874.0,224473.0,233005.0,57189.0,59298.0,101528.0,823422.0,220468.0,415814.0,195346.0,214430.0,193178.0,111352.0,117374.0,196768.0,1681879.0,428573.0,816793.0,388220.0,438903.0,426183.0
560,Raleigh-Durham (Fayetvlle),1677281.0,1586238.0,3263519.0,99078.0,100799.0,171453.0,1305951.0,386534.0,719197.0,332663.0,319620.0,267134.0,103468.0,104497.0,176968.0,1201305.0,391845.0,706916.0,315071.0,291027.0,203362.0,202546.0,205296.0,348421.0,2507256.0,778379.0,1426113.0,647734.0,610647.0,470496.0
561,Jacksonville,1736836.0,1687372.0,3424208.0,93884.0,92738.0,159875.0,1390339.0,343857.0,648654.0,304797.0,363542.0,378143.0,96670.0,99083.0,164704.0,1326915.0,371192.0,675687.0,304495.0,334031.0,317197.0,190554.0,191821.0,324579.0,2717254.0,715049.0,1324341.0,609292.0,697573.0,695340.0
563,Grand Rapids-Kalmzoo-B.Crk,1485135.0,1466945.0,2952080.0,85476.0,89619.0,147085.0,1162955.0,344414.0,603803.0,259389.0,296770.0,262382.0,89217.0,92943.0,156864.0,1127921.0,358606.0,621116.0,262510.0,287817.0,218988.0,174693.0,182562.0,303949.0,2290876.0,703020.0,1224919.0,521899.0,584587.0,481370.0
564,Charleston-Huntington,563157.0,544693.0,1107850.0,29808.0,31298.0,52721.0,449330.0,106501.0,210040.0,103539.0,120523.0,118767.0,31468.0,33206.0,56743.0,423276.0,112033.0,214192.0,102159.0,112800.0,96284.0,61276.0,64504.0,109464.0,872606.0,218534.0,424232.0,205698.0,233323.0,215051.0
565,Elmira (Corning),119830.0,118732.0,238562.0,6294.0,6107.0,12126.0,95303.0,22688.0,43298.0,20610.0,26442.0,25563.0,6675.0,7044.0,11964.0,93049.0,24397.0,45405.0,21008.0,26000.0,21644.0,12969.0,13151.0,24090.0,188352.0,47085.0,88703.0,41618.0,52442.0,47207.0
566,Harrisburg-Lncstr-Leb-York,1034212.0,999984.0,2034196.0,58857.0,61167.0,100706.0,813482.0,212454.0,395996.0,183542.0,211381.0,206105.0,62209.0,61882.0,108080.0,767813.0,217712.0,399866.0,182154.0,202860.0,165087.0,121066.0,123049.0,208786.0,1581295.0,430166.0,795862.0,365696.0,414241.0,371192.0
567,Greenvll-Spart-Ashevll-And,6514895.0,6160884.0,12675779.0,356447.0,373016.0,634931.0,5150501.0,1427457.0,2662694.0,1235237.0,1295069.0,1192738.0,375272.0,387778.0,657827.0,4740007.0,1444809.0,2619977.0,1175168.0,1187447.0,932583.0,731719.0,760794.0,1292758.0,9890508.0,2872266.0,5282671.0,2410405.0,2482516.0,2125321.0
569,Harrisonburg,82033.0,81827.0,163860.0,4193.0,4457.0,7815.0,65568.0,15422.0,29775.0,14353.0,17965.0,17828.0,4327.0,4424.0,8462.0,64614.0,16756.0,31590.0,14834.0,17650.0,15374.0,8520.0,8881.0,16277.0,130182.0,32178.0,61365.0,29187.0,35615.0,33202.0
570,Myrtle Beach-Florence,418536.0,385125.0,803661.0,21880.0,22164.0,39618.0,334874.0,83283.0,156806.0,73523.0,89269.0,88799.0,22698.0,23318.0,40913.0,298196.0,80928.0,148685.0,67757.0,77379.0,72132.0,44578.0,45482.0,80531.0,633070.0,164211.0,305491.0,141280.0,166648.0,160931.0
571,Ft. Myers-Naples,3360930.0,3211943.0,6572873.0,172029.0,172334.0,288688.0,2727879.0,683055.0,1314427.0,631372.0,678147.0,735305.0,180641.0,175781.0,306310.0,2549211.0,711084.0,1336543.0,625459.0,619554.0,593114.0,352670.0,348115.0,594998.0,5277090.0,1394139.0,2650970.0,1256831.0,1297701.0,1328419.0
573,Roanoke-Lynchburg,426426.0,415722.0,842148.0,19204.0,21856.0,36496.0,348870.0,83876.0,155632.0,71756.0,94184.0,99054.0,20426.0,22308.0,38566.0,334422.0,90927.0,162680.0,71753.0,89763.0,81979.0,39630.0,44164.0,75062.0,683292.0,174803.0,318312.0,143509.0,183947.0,181033.0
574,Johnstown-Altoona-St Colge,363790.0,377348.0,741138.0,16835.0,17927.0,31166.0,297862.0,78795.0,139384.0,60589.0,76887.0,81591.0,18129.0,19129.0,32480.0,307610.0,93032.0,160937.0,67905.0,79963.0,66710.0,34964.0,37056.0,63646.0,605472.0,171827.0,300321.0,128494.0,156850.0,148301.0
575,Chattanooga,2140562.0,2041886.0,4182448.0,121615.0,122394.0,205632.0,1690921.0,490050.0,895509.0,405459.0,419508.0,375904.0,128329.0,129072.0,213432.0,1571053.0,487435.0,885123.0,397688.0,389864.0,296066.0,249944.0,251466.0,419064.0,3261974.0,977485.0,1780632.0,803147.0,809372.0,671970.0
576,Salisbury,228808.0,214323.0,443131.0,11383.0,11495.0,19361.0,186569.0,43908.0,78699.0,34791.0,50303.0,57567.0,11701.0,11045.0,20522.0,171055.0,44355.0,78078.0,33723.0,44543.0,48434.0,23084.0,22540.0,39883.0,357624.0,88263.0,156777.0,68514.0,94846.0,106001.0
577,Wilkes Barre-Scranton-Hztn,3034949.0,2975851.0,6010800.0,154030.0,164066.0,286085.0,2430768.0,607582.0,1146421.0,538839.0,650129.0,634218.0,161702.0,170072.0,302570.0,2341507.0,648192.0,1196502.0,548310.0,636484.0,508521.0,315732.0,334138.0,588655.0,4772275.0,1255774.0,2342923.0,1087149.0,1286613.0,1142739.0
581,Terre Haute,184718.0,189804.0,374522.0,10667.0,11177.0,17742.0,145132.0,39124.0,70727.0,31603.0,36991.0,37414.0,11298.0,12087.0,18954.0,147465.0,45370.0,80481.0,35111.0,37569.0,29415.0,21965.0,23264.0,36696.0,292597.0,84494.0,151208.0,66714.0,74560.0,66829.0
582,"Lafayette, In",98896.0,103101.0,201997.0,5792.0,5779.0,8977.0,78348.0,34213.0,49850.0,15637.0,15186.0,13312.0,6032.0,5683.0,9519.0,81867.0,41213.0,57104.0,15891.0,14553.0,10210.0,11824.0,11462.0,18496.0,160215.0,75426.0,106954.0,31528.0,29739.0,23522.0
583,Alpena,19503.0,19324.0,38827.0,836.0,841.0,1567.0,16259.0,2935.0,5925.0,2990.0,4871.0,5463.0,822.0,798.0,1790.0,15914.0,3228.0,6238.0,3010.0,4769.0,4907.0,1658.0,1639.0,3357.0,32173.0,6163.0,12163.0,6000.0,9640.0,10370.0
584,Charlottesville,107037.0,98098.0,205135.0,5544.0,5622.0,9784.0,86087.0,23029.0,42039.0,19010.0,22250.0,21798.0,5626.0,6073.0,9706.0,76693.0,21720.0,39508.0,17788.0,19654.0,17531.0,11170.0,11695.0,19490.0,162780.0,44749.0,81547.0,36798.0,41904.0,39329.0
588,South Bend-Elkhart,1583301.0,1520347.0,3103648.0,98301.0,98560.0,164839.0,1221601.0,354848.0,639977.0,285129.0,309183.0,272441.0,104415.0,104951.0,169542.0,1141439.0,353747.0,634058.0,280311.0,293253.0,214128.0,202716.0,203511.0,334381.0,2363040.0,708595.0,1274035.0,565440.0,602436.0,486569.0
592,Gainesville,175591.0,168478.0,344069.0,8799.0,8687.0,13229.0,144876.0,55712.0,83478.0,27766.0,31168.0,30230.0,8864.0,9398.0,14154.0,136062.0,55284.0,82801.0,27517.0,27995.0,25266.0,17663.0,18085.0,27383.0,280938.0,110996.0,166279.0,55283.0,59163.0,55496.0
596,Zanesville,44165.0,41868.0,86033.0,2571.0,2734.0,4269.0,34591.0,9032.0,16943.0,7911.0,9057.0,8591.0,2594.0,2675.0,4691.0,31908.0,9113.0,16776.0,7663.0,8574.0,6558.0,5165.0,5409.0,8960.0,66499.0,18145.0,33719.0,15574.0,17631.0,15149.0
597,Parkersburg,77466.0,74595.0,152061.0,3954.0,3456.0,7816.0,62240.0,14266.0,28138.0,13872.0,16825.0,17277.0,4136.0,3897.0,7806.0,58756.0,15044.0,28725.0,13681.0,16153.0,13878.0,8090.0,7353.0,15622.0,120996.0,29310.0,56863.0,27553.0,32978.0,31155.0
598,Clarksburg-Weston,133996.0,133903.0,267899.0,7018.0,7192.0,11973.0,107813.0,26549.0,50263.0,23714.0,28019.0,29531.0,7167.0,7463.0,12702.0,106571.0,28712.0,53731.0,25019.0,27704.0,25136.0,14185.0,14655.0,24675.0,214384.0,55261.0,103994.0,48733.0,55723.0,54667.0
600,Corpus Christi,297853.0,302679.0,600532.0,19310.0,20239.0,32487.0,225817.0,68513.0,122172.0,53659.0,53544.0,50101.0,20659.0,20690.0,34808.0,226522.0,76588.0,133139.0,56551.0,52015.0,41368.0,39969.0,40929.0,67295.0,452339.0,145101.0,255311.0,110210.0,105559.0,91469.0
602,Chicago,6437637.0,6230372.0,12668009.0,368021.0,382731.0,660972.0,5025913.0,1463270.0,2709081.0,1245811.0,1251514.0,1065318.0,384507.0,391736.0,693210.0,4760919.0,1512422.0,2741936.0,1229514.0,1191840.0,827143.0,752528.0,774467.0,1354182.0,9786832.0,2975692.0,5451017.0,2475325.0,2443354.0,1892461.0
603,Joplin-Pittsburg,321552.0,313718.0,635270.0,19580.0,19689.0,34120.0,248163.0,66063.0,121274.0,55211.0,63642.0,63247.0,21203.0,21422.0,35060.0,236033.0,68934.0,124510.0,55576.0,61518.0,50005.0,40783.0,41111.0,69180.0,484196.0,134997.0,245784.0,110787.0,125160.0,113252.0
604,Columbia-Jefferson City,242384.0,239524.0,481908.0,13813.0,13591.0,23217.0,191763.0,62183.0,104070.0,41887.0,45882.0,41811.0,14539.0,14612.0,24379.0,185994.0,63130.0,107008.0,43878.0,44528.0,34458.0,28352.0,28203.0,47596.0,377757.0,125313.0,211078.0,85765.0,90410.0,76269.0
605,Topeka,231397.0,231160.0,462557.0,14953.0,14650.0,22882.0,178912.0,57528.0,95138.0,37610.0,42691.0,41083.0,15559.0,15509.0,23896.0,176196.0,63438.0,101565.0,38127.0,40536.0,34095.0,30512.0,30159.0,46778.0,355108.0,120966.0,196703.0,75737.0,83227.0,75178.0
606,Dothan,134317.0,126257.0,260574.0,7892.0,7858.0,13531.0,105036.0,26749.0,51683.0,24934.0,26874.0,26479.0,8081.0,8114.0,14405.0,95657.0,27058.0,50414.0,23356.0,24691.0,20552.0,15973.0,15972.0,27936.0,200693.0,53807.0,102097.0,48290.0,51565.0,47031.0
609,St. Louis,2710406.0,2611840.0,5322246.0,156164.0,158256.0,267853.0,2128133.0,581911.0,1074860.0,492949.0,552222.0,501051.0,163677.0,167669.0,280409.0,2000085.0,598502.0,1085528.0,487026.0,523720.0,390837.0,319841.0,325925.0,548262.0,4128218.0,1180413.0,2160388.0,979975.0,1075942.0,891888.0
610,Rockford,236663.0,229945.0,466608.0,13557.0,13655.0,25340.0,184111.0,46458.0,89207.0,42749.0,48279.0,46625.0,14244.0,14305.0,26342.0,175054.0,47714.0,89924.0,42210.0,47506.0,37624.0,27801.0,27960.0,51682.0,359165.0,94172.0,179131.0,84959.0,95785.0,84249.0
611,Rochestr-Mason City-Austin,189740.0,185719.0,375459.0,11620.0,12217.0,19583.0,146320.0,37595.0,70200.0,32605.0,38184.0,37936.0,12089.0,12712.0,20769.0,140149.0,38175.0,72244.0,34069.0,37242.0,30663.0,23709.0,24929.0,40352.0,286469.0,75770.0,142444.0,66674.0,75426.0,68599.0
612,Shreveport,766998.0,733711.0,1500709.0,48074.0,48429.0,80628.0,589867.0,159739.0,297047.0,137308.0,148068.0,144752.0,48661.0,49320.0,85058.0,550672.0,165815.0,298136.0,132321.0,137847.0,114689.0,96735.0,97749.0,165686.0,1140539.0,325554.0,595183.0,269629.0,285915.0,259441.0
613,Minneapolis-St. Paul,4628491.0,4583885.0,9212376.0,279720.0,287065.0,469518.0,3592188.0,1026346.0,1883738.0,857392.0,922478.0,785972.0,292171.0,300139.0,487693.0,3503882.0,1063269.0,1942776.0,879507.0,911325.0,649781.0,571891.0,587204.0,957211.0,7096070.0,2089615.0,3826514.0,1736899.0,1833803.0,1435753.0
616,Kansas City,1299408.0,1257985.0,2557393.0,79418.0,81745.0,135629.0,1002616.0,294986.0,538884.0,243898.0,248503.0,215229.0,83297.0,85126.0,141718.0,947844.0,300028.0,542684.0,242656.0,235038.0,170122.0,162715.0,166871.0,277347.0,1950460.0,595014.0,1081568.0,486554.0,483541.0,385351.0
617,Milwaukee,1185080.0,1147251.0,2332331.0,67898.0,70712.0,120362.0,926108.0,257168.0,475653.0,218485.0,243649.0,206806.0,70880.0,73617.0,125638.0,877116.0,263076.0,478634.0,215558.0,234024.0,164458.0,138778.0,144329.0,246000.0,1803224.0,520244.0,954287.0,434043.0,477673.0,371264.0
618,Houston,3692414.0,3652746.0,7345160.0,258409.0,259571.0,430909.0,2743525.0,870086.0,1631454.0,761368.0,649130.0,462941.0,267053.0,270839.0,446846.0,2668008.0,894302.0,1658061.0,763759.0,630164.0,379783.0,525462.0,530410.0,877755.0,5411533.0,1764388.0,3289515.0,1525127.0,1279294.0,842724.0
619,"Springfield, Mo",818790.0,808034.0,1626824.0,46539.0,46251.0,82692.0,643308.0,174060.0,315694.0,141634.0,162306.0,165308.0,49632.0,50814.0,84411.0,623177.0,188447.0,330587.0,142140.0,153977.0,138613.0,96171.0,97065.0,167103.0,1266485.0,362507.0,646281.0,283774.0,316283.0,303921.0
622,New Orleans,926751.0,868531.0,1795282.0,55379.0,55526.0,89282.0,726564.0,206555.0,380071.0,173516.0,186922.0,159571.0,57909.0,55044.0,94485.0,661093.0,198989.0,362658.0,163669.0,171916.0,126519.0,113288.0,110570.0,183767.0,1387657.0,405544.0,742729.0,337185.0,358838.0,286090.0
623,Dallas-Ft. Worth,4123546.0,4010124.0,8133670.0,269123.0,282810.0,470557.0,3101056.0,964829.0,1818257.0,853428.0,740751.0,542048.0,282553.0,288579.0,493703.0,2945289.0,968204.0,1799183.0,830979.0,716072.0,430034.0,551676.0,571389.0,964260.0,6046345.0,1933033.0,3617440.0,1684407.0,1456823.0,972082.0
624,Sioux City,1783506.0,1760428.0,3543934.0,109351.0,111168.0,184947.0,1378040.0,387898.0,697970.0,310072.0,344603.0,335467.0,112679.0,118352.0,190409.0,1338988.0,408264.0,727373.0,319109.0,339787.0,271828.0,222030.0,229520.0,375356.0,2717028.0,796162.0,1425343.0,629181.0,684390.0,607295.0
625,Waco-Temple-Bryan,7407658.0,7317934.0,14725592.0,502691.0,501265.0,829646.0,5574056.0,1833452.0,3313375.0,1479923.0,1282952.0,977729.0,523840.0,518938.0,860774.0,5414382.0,1916619.0,3400647.0,1484028.0,1226855.0,786880.0,1026531.0,1020203.0,1690420.0,10988438.0,3750071.0,6714022.0,2963951.0,2509807.0,1764609.0
626,Victoria,46900.0,45144.0,92044.0,3113.0,3330.0,4989.0,35468.0,10333.0,18691.0,8358.0,8473.0,8304.0,3274.0,2968.0,5679.0,33223.0,10672.0,18716.0,8044.0,7964.0,6543.0,6387.0,6298.0,10668.0,68691.0,21005.0,37407.0,16402.0,16437.0,14847.0
627,Wichita Falls & Lawton,207230.0,213462.0,420692.0,13222.0,13849.0,21017.0,159142.0,47056.0,82365.0,35309.0,39322.0,37455.0,13535.0,13715.0,21764.0,164448.0,58421.0,95620.0,37199.0,38349.0,30479.0,26757.0,27564.0,42781.0,323590.0,105477.0,177985.0,72508.0,77671.0,67934.0
628,Monroe-El Dorado,237103.0,229070.0,466173.0,14754.0,14926.0,24135.0,183288.0,52588.0,94077.0,41489.0,45131.0,44080.0,14828.0,15422.0,25249.0,173571.0,57383.0,97933.0,40550.0,41907.0,33731.0,29582.0,30348.0,49384.0,356859.0,109971.0,192010.0,82039.0,87038.0,77811.0
630,Birmingham (Ann And Tusc),2058758.0,1927445.0,3986203.0,116557.0,116654.0,200038.0,1625509.0,439970.0,823204.0,383234.0,414937.0,387368.0,121436.0,122467.0,208805.0,1474737.0,434307.0,794273.0,359966.0,381955.0,298509.0,237993.0,239121.0,408843.0,3100246.0,874277.0,1617477.0,743200.0,796892.0,685877.0
631,Ottumwa-Kirksville,63492.0,61925.0,125417.0,3599.0,4359.0,5864.0,49670.0,14685.0,24408.0,9723.0,12231.0,13031.0,4182.0,3566.0,6208.0,47969.0,14827.0,25060.0,10233.0,12107.0,10802.0,7781.0,7925.0,12072.0,97639.0,29512.0,49468.0,19956.0,24338.0,23833.0
632,Paducah-Cape Girard-Harsbg,1052197.0,1026315.0,2078512.0,61113.0,60618.0,104387.0,826079.0,225551.0,410142.0,184591.0,209729.0,206208.0,64234.0,65737.0,106770.0,789574.0,239318.0,425888.0,186570.0,199824.0,163862.0,125347.0,126355.0,211157.0,1615653.0,464869.0,836030.0,371161.0,409553.0,370070.0
633,Odessa-Midland,238836.0,255053.0,493889.0,19616.0,19425.0,28338.0,171457.0,58027.0,102171.0,44144.0,38564.0,30722.0,20566.0,20173.0,30147.0,184167.0,66964.0,118641.0,51677.0,39880.0,25646.0,40182.0,39598.0,58485.0,355624.0,124991.0,220812.0,95821.0,78444.0,56368.0
634,Amarillo,266303.0,278202.0,544505.0,18841.0,19730.0,30937.0,196795.0,60858.0,107986.0,47128.0,45758.0,43051.0,20326.0,21235.0,31821.0,204820.0,69909.0,122449.0,52540.0,46883.0,35488.0,39167.0,40965.0,62758.0,401615.0,130767.0,230435.0,99668.0,92641.0,78539.0
635,Austin,1162368.0,1165506.0,2327874.0,70286.0,71267.0,117373.0,903442.0,300706.0,552692.0,251986.0,199447.0,151303.0,73842.0,74112.0,123855.0,893697.0,312700.0,575014.0,262314.0,193396.0,125287.0,144128.0,145379.0,241228.0,1797139.0,613406.0,1127706.0,514300.0,392843.0,276590.0
636,Harlingen-Wslco-Brnsvl-Mca,697982.0,670741.0,1368723.0,58280.0,57627.0,98283.0,483792.0,162133.0,291500.0,129367.0,101502.0,90790.0,60321.0,59201.0,101874.0,449345.0,167569.0,289415.0,121846.0,88070.0,71860.0,118601.0,116828.0,200157.0,933137.0,329702.0,580915.0,251213.0,189572.0,162650.0
637,Cedar Rapids-Wtrlo-Iwc&Dub,458266.0,450150.0,908416.0,27234.0,27136.0,44925.0,358971.0,109453.0,187613.0,78160.0,86912.0,84446.0,27709.0,28454.0,46852.0,347135.0,111795.0,192415.0,80620.0,85584.0,69136.0,54943.0,55590.0,91777.0,706106.0,221248.0,380028.0,158780.0,172496.0,153582.0
638,St. Joseph,79115.0,81463.0,160578.0,4836.0,4581.0,8165.0,61533.0,16203.0,29902.0,13699.0,16049.0,15582.0,5119.0,5150.0,8528.0,62666.0,18848.0,34335.0,15487.0,16158.0,12173.0,9955.0,9731.0,16693.0,124199.0,35051.0,64237.0,29186.0,32207.0,27755.0
639,"Jackson, Tn",127541.0,118212.0,245753.0,6924.0,7183.0,12741.0,100693.0,26858.0,49363.0,22505.0,26089.0,25241.0,7500.0,7573.0,13253.0,89886.0,25214.0,46537.0,21323.0,23905.0,19444.0,14424.0,14756.0,25994.0,190579.0,52072.0,95900.0,43828.0,49994.0,44685.0
640,Memphis,3681970.0,3505392.0,7187362.0,217627.0,222794.0,376146.0,2865403.0,803327.0,1477834.0,674507.0,719986.0,667583.0,228231.0,229872.0,395033.0,2652256.0,815989.0,1464446.0,648457.0,663980.0,523830.0,445858.0,452666.0,771179.0,5517659.0,1619316.0,2942280.0,1322964.0,1383966.0,1191413.0
641,San Antonio,4391631.0,4337452.0,8729083.0,289588.0,301089.0,513040.0,3287914.0,978757.0,1849280.0,870523.0,779320.0,659314.0,303644.0,318298.0,528016.0,3187494.0,1037403.0,1908405.0,871002.0,743255.0,535834.0,593232.0,619387.0,1041056.0,6475408.0,2016160.0,3757685.0,1741525.0,1522575.0,1195148.0
642,"Lafayette, La",310092.0,296405.0,606497.0,20452.0,20142.0,33215.0,236283.0,69973.0,126112.0,56139.0,61136.0,49035.0,21347.0,21123.0,34406.0,219529.0,70338.0,124680.0,54342.0,55774.0,39075.0,41799.0,41265.0,67621.0,455812.0,140311.0,250792.0,110481.0,116910.0,88110.0
643,Lake Charles,136892.0,135888.0,272780.0,9553.0,8955.0,14364.0,104020.0,30180.0,54884.0,24704.0,26557.0,22579.0,9653.0,9149.0,15446.0,101640.0,32304.0,58594.0,26290.0,24844.0,18202.0,19206.0,18104.0,29810.0,205660.0,62484.0,113478.0,50994.0,51401.0,40781.0
644,"Alexandria, La",120319.0,122176.0,242495.0,8370.0,7273.0,13118.0,91558.0,26370.0,47864.0,21494.0,22704.0,20990.0,8405.0,8180.0,13334.0,92257.0,32093.0,54655.0,22562.0,21377.0,16225.0,16775.0,15453.0,26452.0,183815.0,58463.0,102519.0,44056.0,44081.0,37215.0
647,Greenwood-Greenville,89603.0,86185.0,175788.0,5181.0,5522.0,9676.0,69224.0,19398.0,35309.0,15911.0,17804.0,16111.0,6534.0,5597.0,10103.0,63951.0,21109.0,36637.0,15528.0,15435.0,11879.0,11715.0,11119.0,19779.0,133175.0,40507.0,71946.0,31439.0,33239.0,27990.0
648,Champaign&Sprngfld-Decatur,483352.0,465903.0,949255.0,26647.0,26316.0,45580.0,384809.0,114384.0,196413.0,82029.0,94610.0,93786.0,27707.0,28753.0,46336.0,363107.0,118440.0,200308.0,81868.0,89629.0,73170.0,54354.0,55069.0,91916.0,747916.0,232824.0,396721.0,163897.0,184239.0,166956.0
649,Evansville,909950.0,892008.0,1801958.0,52178.0,53717.0,94027.0,710028.0,183954.0,351093.0,167139.0,188049.0,170886.0,54724.0,57381.0,98197.0,681706.0,193033.0,361049.0,168016.0,182365.0,138292.0,106902.0,111098.0,192224.0,1391734.0,376987.0,712142.0,335155.0,370414.0,309178.0
650,Oklahoma City,1691966.0,1660110.0,3352076.0,108849.0,112696.0,177172.0,1293249.0,405982.0,716220.0,310238.0,305302.0,271727.0,113613.0,114914.0,188395.0,1243188.0,421909.0,737126.0,315217.0,289943.0,216119.0,222462.0,227610.0,365567.0,2536437.0,827891.0,1453346.0,625455.0,595245.0,487846.0
651,Lubbock,235009.0,236201.0,471210.0,15370.0,15949.0,26972.0,176718.0,64086.0,104080.0,39994.0,38199.0,34439.0,17042.0,16495.0,26926.0,175738.0,70637.0,111937.0,41300.0,36513.0,27288.0,32412.0,32444.0,53898.0,352456.0,134723.0,216017.0,81294.0,74712.0,61727.0
652,Omaha,578184.0,572662.0,1150846.0,38779.0,39954.0,62039.0,437412.0,126344.0,233596.0,107252.0,108881.0,94935.0,40830.0,41752.0,66603.0,423477.0,131833.0,241444.0,109611.0,105822.0,76211.0,79609.0,81706.0,128642.0,860889.0,258177.0,475040.0,216863.0,214703.0,171146.0
656,Panama City,189192.0,203610.0,392802.0,10291.0,10664.0,17473.0,150764.0,35926.0,69401.0,33475.0,42222.0,39141.0,10797.0,10750.0,18589.0,163474.0,46767.0,87541.0,40774.0,41984.0,33949.0,21088.0,21414.0,36062.0,314238.0,82693.0,156942.0,74249.0,84206.0,73090.0
657,Sherman-Ada,178935.0,171700.0,350635.0,10969.0,11199.0,18688.0,138079.0,36885.0,67927.0,31042.0,34883.0,35269.0,11581.0,11621.0,19346.0,129152.0,37617.0,67918.0,30301.0,32670.0,28564.0,22550.0,22820.0,38034.0,267231.0,74502.0,135845.0,61343.0,67553.0,63833.0
658,Green Bay-Appleton,2411548.0,2381307.0,4792855.0,134457.0,142009.0,235990.0,1899092.0,524720.0,958638.0,433918.0,500883.0,439571.0,141515.0,148049.0,249158.0,1842585.0,546996.0,987891.0,440895.0,489462.0,365232.0,275972.0,290058.0,485148.0,3741677.0,1071716.0,1946529.0,874813.0,990345.0,804803.0
659,Nashville,2465012.0,2356024.0,4821036.0,151278.0,152238.0,249214.0,1912282.0,571923.0,1043903.0,471980.0,473167.0,395212.0,158365.0,156033.0,261251.0,1780375.0,578603.0,1033961.0,455358.0,436162.0,310252.0,309643.0,308271.0,510465.0,3692657.0,1150526.0,2077864.0,927338.0,909329.0,705464.0
661,San Angelo,1205798.0,1189273.0,2395071.0,86696.0,86806.0,144099.0,888197.0,287826.0,501476.0,213650.0,199525.0,187196.0,90132.0,88569.0,153056.0,857516.0,307294.0,518698.0,211404.0,186758.0,152060.0,176828.0,175375.0,297155.0,1745713.0,595120.0,1020174.0,425054.0,386283.0,339256.0
662,Abilene-Sweetwater,153552.0,159810.0,313362.0,9798.0,8941.0,16452.0,118361.0,35303.0,60581.0,25278.0,28210.0,29570.0,9943.0,10345.0,17261.0,122261.0,41951.0,70148.0,28197.0,27873.0,24240.0,19741.0,19286.0,33713.0,240622.0,77254.0,130729.0,53475.0,56083.0,53810.0
669,Madison,507181.0,507358.0,1014539.0,27615.0,29066.0,48073.0,402427.0,122832.0,215572.0,92740.0,99544.0,87311.0,29457.0,29671.0,51434.0,396796.0,131110.0,227222.0,96112.0,96929.0,72645.0,57072.0,58737.0,99507.0,799223.0,253942.0,442794.0,188852.0,196473.0,159956.0
670,Ft. Smith-Fay-Sprngdl-Rgrs,445122.0,439601.0,884723.0,28510.0,29970.0,48300.0,338342.0,103683.0,187467.0,83784.0,79395.0,71480.0,30461.0,31121.0,50550.0,327469.0,107785.0,193090.0,85305.0,76418.0,57961.0,58971.0,61091.0,98850.0,665811.0,211468.0,380557.0,169089.0,155813.0,129441.0
671,Tulsa,1062435.0,1044330.0,2106765.0,65395.0,67641.0,112611.0,816788.0,226840.0,416758.0,189918.0,205435.0,194595.0,68972.0,71553.0,117218.0,786587.0,241147.0,432114.0,190967.0,195732.0,158741.0,134367.0,139194.0,229829.0,1603375.0,467987.0,848872.0,380885.0,401167.0,353336.0
673,Columbus-Tupelo-West Point,254821.0,236745.0,491566.0,15073.0,15728.0,25795.0,198225.0,57043.0,102371.0,45328.0,48681.0,47173.0,15051.0,15678.0,26364.0,179652.0,57919.0,99642.0,41723.0,44416.0,35594.0,30124.0,31406.0,52159.0,377877.0,114962.0,202013.0,87051.0,93097.0,82767.0
675,Peoria-Bloomington,893191.0,873027.0,1766218.0,53097.0,55754.0,92325.0,692015.0,188567.0,352576.0,164009.0,175150.0,164289.0,56105.0,57960.0,97305.0,661657.0,194054.0,361137.0,167083.0,169686.0,130834.0,109202.0,113714.0,189630.0,1353672.0,382621.0,713713.0,331092.0,344836.0,295123.0
676,Duluth-Superior,562699.0,572093.0,1134792.0,30949.0,32758.0,57907.0,441085.0,107747.0,207302.0,99555.0,121686.0,112097.0,32393.0,36630.0,59477.0,443593.0,118109.0,222424.0,104315.0,121921.0,99248.0,63342.0,69388.0,117384.0,884678.0,225856.0,429726.0,203870.0,243607.0,211345.0
678,Wichita-Hutchinson Plus,2046743.0,2038296.0,4085039.0,129208.0,135831.0,222119.0,1559585.0,451030.0,810393.0,359363.0,389425.0,359767.0,137055.0,144968.0,230233.0,1526040.0,485352.0,854009.0,368657.0,378515.0,293516.0,266263.0,280799.0,452352.0,3085625.0,936382.0,1664402.0,728020.0,767940.0,653283.0
679,Des Moines-Ames,592274.0,588624.0,1180898.0,36818.0,37624.0,61117.0,456715.0,134741.0,242711.0,107970.0,110859.0,103145.0,38447.0,40134.0,63857.0,446186.0,144429.0,254990.0,110561.0,108748.0,82448.0,75265.0,77758.0,124974.0,902901.0,279170.0,497701.0,218531.0,219607.0,185593.0
682,Davenport-R.Island-Moline,382658.0,374700.0,757358.0,21715.0,21760.0,39435.0,299748.0,73903.0,140753.0,66850.0,78134.0,80861.0,22743.0,23764.0,39840.0,288353.0,77174.0,145470.0,68296.0,76659.0,66224.0,44458.0,45524.0,79275.0,588101.0,151077.0,286223.0,135146.0,154793.0,147085.0
686,Mobile-Pensacola (Ft Walt),752830.0,731063.0,1483893.0,44257.0,43289.0,73682.0,591602.0,162320.0,297192.0,134872.0,153666.0,140744.0,46140.0,44174.0,77416.0,563333.0,176358.0,307977.0,131619.0,141904.0,113452.0,90397.0,87463.0,151098.0,1154935.0,338678.0,605169.0,266491.0,295570.0,254196.0
687,Bismarck-Mnt-Dcknsn(Wlstn),752480.0,781799.0,1534279.0,48932.0,48100.0,73307.0,582141.0,183200.0,310847.0,127647.0,140402.0,130892.0,52550.0,49616.0,76621.0,603012.0,209532.0,348871.0,139339.0,140428.0,113713.0,101482.0,97716.0,149928.0,1185153.0,392732.0,659718.0,266986.0,280830.0,244605.0
691,Huntsville-Decatur (Flor),1743837.0,1633562.0,3377399.0,100479.0,100020.0,172547.0,1370791.0,392150.0,713562.0,321412.0,346765.0,310464.0,103988.0,104784.0,176803.0,1247987.0,387712.0,690810.0,303098.0,319011.0,238166.0,204467.0,204804.0,349350.0,2618778.0,779862.0,1404372.0,624510.0,665776.0,548630.0
692,Beaumont-Port Arthur,230069.0,235073.0,465142.0,14788.0,15138.0,24583.0,175560.0,48397.0,89563.0,41166.0,45139.0,40858.0,15709.0,15752.0,25323.0,178289.0,56152.0,100813.0,44661.0,44374.0,33102.0,30497.0,30890.0,49906.0,353849.0,104549.0,190376.0,85827.0,89513.0,73960.0
693,Little Rock-Pine Bluff,755031.0,719358.0,1474389.0,43105.0,44955.0,74663.0,592308.0,163438.0,300341.0,136903.0,147748.0,144219.0,45283.0,46300.0,77684.0,550091.0,165305.0,297243.0,131938.0,138378.0,114470.0,88388.0,91255.0,152347.0,1142399.0,328743.0,597584.0,268841.0,286126.0,258689.0
698,Montgomery-Selma,326509.0,297003.0,623512.0,18820.0,19383.0,30426.0,257880.0,73103.0,132963.0,59860.0,64829.0,60088.0,19369.0,20477.0,32070.0,225087.0,70164.0,122678.0,52514.0,57268.0,45141.0,38189.0,39860.0,62496.0,482967.0,143267.0,255641.0,112374.0,122097.0,105229.0
702,La Crosse-Eau Claire,279267.0,281601.0,560868.0,15894.0,16502.0,27403.0,219468.0,65438.0,111434.0,45996.0,55619.0,52415.0,16436.0,17285.0,28876.0,219004.0,67368.0,116532.0,49164.0,56822.0,45650.0,32330.0,33787.0,56279.0,438472.0,132806.0,227966.0,95160.0,112441.0,98065.0
705,Wausau-Rhinelander,221528.0,224810.0,446338.0,11252.0,12245.0,20667.0,177364.0,41170.0,77837.0,36667.0,50784.0,48743.0,11709.0,12578.0,22273.0,178250.0,44648.0,83091.0,38443.0,51465.0,43694.0,22961.0,24823.0,42940.0,355614.0,85818.0,160928.0,75110.0,102249.0,92437.0
709,Tyler-Longview(Lfkn&Ncgd),387697.0,376465.0,764162.0,23770.0,25069.0,40634.0,298224.0,84503.0,151818.0,67315.0,72759.0,73647.0,25469.0,25169.0,43256.0,282571.0,87120.0,153500.0,66380.0,68946.0,60125.0,49239.0,50238.0,83890.0,580795.0,171623.0,305318.0,133695.0,141705.0,133772.0
710,Hattiesburg-Laurel,154742.0,143794.0,298536.0,9635.0,8963.0,16610.0,119534.0,36227.0,64524.0,28297.0,28507.0,26503.0,9774.0,9669.0,17341.0,107010.0,33556.0,59904.0,26348.0,26761.0,20345.0,19409.0,18632.0,33951.0,226544.0,69783.0,124428.0,54645.0,55268.0,46848.0
711,Meridian,92317.0,84496.0,176813.0,5337.0,5718.0,9536.0,71726.0,19499.0,35571.0,16072.0,18179.0,17976.0,5330.0,5668.0,9714.0,63784.0,19710.0,34348.0,14638.0,15740.0,13696.0,10667.0,11386.0,19250.0,135510.0,39209.0,69919.0,30710.0,33919.0,31672.0
716,Baton Rouge,214957.0,208688.0,423645.0,13611.0,13988.0,23940.0,163418.0,45401.0,87808.0,42407.0,41366.0,34244.0,14150.0,14946.0,23833.0,155759.0,46361.0,88113.0,41752.0,39925.0,27721.0,27761.0,28934.0,47773.0,319177.0,91762.0,175921.0,84159.0,81291.0,61965.0
717,Quincy-Hannibal-Keokuk,3230782.0,3073584.0,6304366.0,185373.0,181175.0,307008.0,2557226.0,770014.0,1387637.0,617623.0,613729.0,555860.0,194401.0,186473.0,319734.0,2372976.0,773712.0,1383225.0,609513.0,575883.0,413868.0,379774.0,367648.0,626742.0,4930202.0,1543726.0,2770862.0,1227136.0,1189612.0,969728.0
718,"Jackson, Ms",1142531.0,1055799.0,2198330.0,67024.0,72054.0,118791.0,884662.0,249701.0,465162.0,215461.0,223286.0,196214.0,70237.0,72769.0,124441.0,788352.0,241481.0,439741.0,198260.0,199358.0,149253.0,137261.0,144823.0,243232.0,1673014.0,491182.0,904903.0,413721.0,422644.0,345467.0
722,Lincoln & Hastings-Krny,370140.0,371749.0,741889.0,22711.0,23100.0,38697.0,285632.0,85879.0,147985.0,62106.0,68241.0,69406.0,24543.0,24722.0,39987.0,282497.0,91550.0,157075.0,65525.0,67957.0,57465.0,47254.0,47822.0,78684.0,568129.0,177429.0,305060.0,127631.0,136198.0,126871.0
724,Fargo,491976.0,503891.0,995867.0,31243.0,31383.0,47782.0,381568.0,115426.0,196551.0,81125.0,93685.0,91332.0,33267.0,32118.0,50725.0,387781.0,126687.0,213305.0,86618.0,95988.0,78488.0,64510.0,63501.0,98507.0,769349.0,242113.0,409856.0,167743.0,189673.0,169820.0
725,Sioux Falls(Mitchell),771783.0,782498.0,1554281.0,53503.0,54276.0,81586.0,582418.0,166950.0,297107.0,130157.0,146490.0,138821.0,54386.0,56390.0,85784.0,585938.0,180815.0,319665.0,138850.0,147149.0,119124.0,107889.0,110666.0,167370.0,1168356.0,347765.0,616772.0,269007.0,293639.0,257945.0
734,Jonesboro,112341.0,108309.0,220650.0,6711.0,7159.0,11447.0,87024.0,25332.0,45657.0,20325.0,20716.0,20651.0,7554.0,7140.0,12554.0,81061.0,25883.0,46000.0,20117.0,19099.0,15962.0,14265.0,14299.0,24001.0,168085.0,51215.0,91657.0,40442.0,39815.0,36613.0
736,Bowling Green,116518.0,112190.0,228708.0,7172.0,6611.0,12114.0,90621.0,28727.0,49669.0,20942.0,21929.0,19023.0,7378.0,6945.0,12209.0,85658.0,29287.0,49727.0,20440.0,20668.0,15263.0,14550.0,13556.0,24323.0,176279.0,58014.0,99396.0,41382.0,42597.0,34286.0
737,Mankato,155269.0,156948.0,312217.0,9498.0,10496.0,17003.0,118272.0,35919.0,63784.0,27865.0,29029.0,25459.0,10477.0,11461.0,17968.0,117042.0,37508.0,66374.0,28866.0,28779.0,21889.0,19975.0,21957.0,34971.0,235314.0,73427.0,130158.0,56731.0,57808.0,47348.0
740,North Platte,982664.0,977686.0,1960350.0,64582.0,65597.0,105236.0,747249.0,220389.0,394926.0,174537.0,182062.0,170261.0,68326.0,69007.0,111092.0,729261.0,231047.0,411275.0,180228.0,179171.0,138815.0,132908.0,134604.0,216328.0,1476510.0,451436.0,806201.0,354765.0,361233.0,309076.0
743,Anchorage,272090.0,292156.0,564246.0,19959.0,20102.0,29642.0,202387.0,65511.0,116605.0,51094.0,51655.0,34127.0,20642.0,20889.0,32217.0,218408.0,75459.0,130162.0,54703.0,55167.0,33079.0,40601.0,40991.0,61859.0,420795.0,140970.0,246767.0,105797.0,106822.0,67206.0
744,Honolulu,707642.0,711996.0,1419638.0,42495.0,41130.0,62968.0,561049.0,151897.0,282823.0,130926.0,135437.0,142789.0,45683.0,43219.0,66751.0,556343.0,172219.0,306330.0,134111.0,131604.0,118409.0,88178.0,84349.0,129719.0,1117392.0,324116.0,589153.0,265037.0,267041.0,261198.0
745,Fairbanks,48493.0,56873.0,105366.0,3907.0,3860.0,4770.0,35956.0,13551.0,22251.0,8700.0,8267.0,5438.0,4164.0,3729.0,5115.0,43865.0,18977.0,28937.0,9960.0,9118.0,5810.0,8071.0,7589.0,9885.0,79821.0,32528.0,51188.0,18660.0,17385.0,11248.0
746,Biloxi-Gulfport,186436.0,180887.0,367323.0,10934.0,11536.0,19293.0,144673.0,40926.0,77021.0,36095.0,36808.0,30844.0,11716.0,12040.0,21068.0,136063.0,41975.0,75706.0,33731.0,34332.0,26025.0,22650.0,23576.0,40361.0,280736.0,82901.0,152727.0,69826.0,71140.0,56869.0
747,Juneau,16270.0,17129.0,33399.0,919.0,836.0,1538.0,12977.0,3689.0,7162.0,3473.0,3404.0,2411.0,970.0,1211.0,1561.0,13387.0,4210.0,7675.0,3465.0,3579.0,2133.0,1889.0,2047.0,3099.0,26364.0,7899.0,14837.0,6938.0,6983.0,4544.0
749,Laredo,147288.0,141802.0,289090.0,13036.0,12334.0,21569.0,100349.0,35423.0,63411.0,27988.0,21214.0,15724.0,13775.0,12912.0,21507.0,93608.0,36467.0,63021.0,26554.0,18552.0,12035.0,26811.0,25246.0,43076.0,193957.0,71890.0,126432.0,54542.0,39766.0,27759.0
751,Denver,2270838.0,2300452.0,4571290.0,129437.0,137013.0,225398.0,1778990.0,554309.0,1011277.0,456968.0,426516.0,341197.0,134403.0,142399.0,238683.0,1784967.0,596569.0,1079758.0,483189.0,416764.0,288445.0,263840.0,279412.0,464081.0,3563957.0,1150878.0,2091035.0,940157.0,843280.0,629642.0
752,Colorado Springs-Pueblo,497537.0,513840.0,1011377.0,30521.0,31658.0,51271.0,384087.0,115239.0,205587.0,90348.0,95774.0,82726.0,31792.0,32574.0,53992.0,395482.0,138205.0,234400.0,96195.0,91660.0,69422.0,62313.0,64232.0,105263.0,779569.0,253444.0,439987.0,186543.0,187434.0,152148.0
753,Phoenix (Prescott),2856235.0,2822672.0,5678907.0,167710.0,173746.0,300326.0,2214453.0,636392.0,1163789.0,527397.0,528232.0,522432.0,175768.0,181078.0,312286.0,2153540.0,677807.0,1213017.0,535210.0,494038.0,446485.0,343478.0,354824.0,612612.0,4367993.0,1314199.0,2376806.0,1062607.0,1022270.0,968917.0
754,Butte-Bozeman,92399.0,99946.0,192345.0,4777.0,5262.0,7839.0,74521.0,24069.0,40726.0,16657.0,17816.0,15979.0,5314.0,5000.0,8682.0,80950.0,28833.0,47450.0,18617.0,18171.0,15329.0,10091.0,10262.0,16521.0,155471.0,52902.0,88176.0,35274.0,35987.0,31308.0
755,Great Falls,83428.0,84601.0,168029.0,5566.0,5444.0,8395.0,64023.0,17207.0,30619.0,13412.0,16859.0,16545.0,6066.0,6032.0,8751.0,63752.0,18988.0,32900.0,13912.0,16190.0,14662.0,11632.0,11476.0,17146.0,127775.0,36195.0,63519.0,27324.0,33049.0,31207.0
756,Billings,145662.0,143372.0,289034.0,8150.0,9366.0,14464.0,113682.0,28801.0,54364.0,25563.0,29980.0,29338.0,8810.0,9347.0,15883.0,109332.0,29167.0,54856.0,25689.0,28688.0,25788.0,16960.0,18713.0,30347.0,223014.0,57968.0,109220.0,51252.0,58668.0,55126.0
757,Boise,417381.0,420964.0,838345.0,25512.0,28142.0,47830.0,315897.0,91194.0,171828.0,80634.0,76555.0,67514.0,26712.0,28483.0,51529.0,314240.0,97881.0,181078.0,83197.0,73965.0,59197.0,52224.0,56625.0,99359.0,630137.0,189075.0,352906.0,163831.0,150520.0,126711.0
758,Idaho Fals-Pocatllo(Jcksn),196555.0,200882.0,397437.0,14492.0,15242.0,24079.0,142742.0,47712.0,82888.0,35176.0,31460.0,28394.0,15442.0,16194.0,25574.0,143672.0,49751.0,85768.0,36017.0,32165.0,25739.0,29934.0,31436.0,49653.0,286414.0,97463.0,168656.0,71193.0,63625.0,54133.0
759,Cheyenne-Scottsbluff,76113.0,77055.0,153168.0,4740.0,4532.0,8192.0,58649.0,16109.0,29369.0,13260.0,14885.0,14395.0,4935.0,5112.0,8040.0,58968.0,18435.0,32281.0,13846.0,14481.0,12206.0,9675.0,9644.0,16232.0,117617.0,34544.0,61650.0,27106.0,29366.0,26601.0
760,Twin Falls,98852.0,99435.0,198287.0,7003.0,7630.0,12452.0,71767.0,20643.0,38056.0,17413.0,17505.0,16206.0,7233.0,7907.0,13041.0,71254.0,21422.0,39582.0,18160.0,17269.0,14403.0,14236.0,15537.0,25493.0,143021.0,42065.0,77638.0,35573.0,34774.0,30609.0
762,Missoula,157359.0,156970.0,314329.0,7963.0,7386.0,15479.0,126531.0,33757.0,61324.0,27567.0,33391.0,31816.0,8393.0,8705.0,15517.0,124355.0,35046.0,63360.0,28314.0,30842.0,30153.0,16356.0,16091.0,30996.0,250886.0,68803.0,124684.0,55881.0,64233.0,61969.0
764,Rapid City,133698.0,135501.0,269199.0,7778.0,7912.0,14413.0,103595.0,27277.0,49133.0,21856.0,28093.0,26369.0,8482.0,9234.0,13979.0,103806.0,30174.0,53000.0,22826.0,26819.0,23987.0,16260.0,17146.0,28392.0,207401.0,57451.0,102133.0,44682.0,54912.0,50356.0
765,El Paso (Las Cruces),853579.0,830798.0,1684377.0,54019.0,55382.0,97403.0,646775.0,194997.0,346951.0,151954.0,156357.0,143467.0,56063.0,57144.0,100810.0,616781.0,211955.0,360494.0,148539.0,139383.0,116904.0,110082.0,112526.0,198213.0,1263556.0,406952.0,707445.0,300493.0,295740.0,260371.0
766,Helena,159683.0,160506.0,320189.0,8834.0,9445.0,14881.0,126523.0,29161.0,56258.0,27097.0,35286.0,34979.0,9337.0,9678.0,16613.0,124878.0,30635.0,57800.0,27165.0,34118.0,32960.0,18171.0,19123.0,31494.0,251401.0,59796.0,114058.0,54262.0,69404.0,67939.0
767,Casper-Riverton,72781.0,73322.0,146103.0,4710.0,5097.0,7503.0,55471.0,15099.0,28308.0,13209.0,14135.0,13028.0,4845.0,4990.0,8315.0,55172.0,15584.0,28997.0,13413.0,14487.0,11688.0,9555.0,10087.0,15818.0,110643.0,30683.0,57305.0,26622.0,28622.0,24716.0
770,Salt Lake City,1651066.0,1681569.0,3332635.0,126876.0,135934.0,211771.0,1176485.0,419199.0,733220.0,314021.0,243824.0,199441.0,133871.0,140686.0,226858.0,1180154.0,438544.0,764639.0,326095.0,240269.0,175246.0,260747.0,276620.0,438629.0,2356639.0,857743.0,1497859.0,640116.0,484093.0,374687.0
771,Yuma-El Centro,190665.0,201846.0,392511.0,14627.0,13704.0,23283.0,139051.0,43103.0,74515.0,31412.0,30535.0,34001.0,14851.0,13824.0,24829.0,148342.0,55352.0,89273.0,33921.0,29324.0,29745.0,29478.0,27528.0,48112.0,287393.0,98455.0,163788.0,65333.0,59859.0,63746.0
773,Grand Junction-Montrose,98863.0,96379.0,195242.0,5309.0,5962.0,9300.0,78292.0,20069.0,37006.0,16937.0,19886.0,21400.0,5571.0,6080.0,9765.0,74963.0,21371.0,38367.0,16996.0,18569.0,18027.0,10880.0,12042.0,19065.0,153255.0,41440.0,75373.0,33933.0,38455.0,39427.0
789,Tucson (Sierra Vista),613830.0,597682.0,1211512.0,33377.0,35797.0,56422.0,488234.0,140247.0,242254.0,102007.0,114755.0,131225.0,34669.0,35164.0,60721.0,467128.0,151270.0,252951.0,101681.0,103646.0,110531.0,68046.0,70961.0,117143.0,955362.0,291517.0,495205.0,203688.0,218401.0,241756.0
790,Albuquerque-Santa Fe,1081894.0,1064742.0,2146636.0,60731.0,64937.0,112810.0,843416.0,227722.0,418460.0,190738.0,216242.0,208714.0,63396.0,67453.0,117822.0,816071.0,248369.0,439266.0,190897.0,200298.0,176507.0,124127.0,132390.0,230632.0,1659487.0,476091.0,857726.0,381635.0,416540.0,385221.0
798,Glendive,4726.0,5260.0,9986.0,310.0,269.0,457.0,3690.0,866.0,1612.0,746.0,1016.0,1062.0,287.0,288.0,503.0,4182.0,1043.0,2113.0,1070.0,1049.0,1020.0,597.0,557.0,960.0,7872.0,1909.0,3725.0,1816.0,2065.0,2082.0
801,Eugene,325740.0,318367.0,644107.0,14759.0,14588.0,27449.0,268944.0,78531.0,133002.0,54471.0,65154.0,70788.0,15864.0,16881.0,27824.0,257798.0,82388.0,136887.0,54499.0,59170.0,61741.0,30623.0,31469.0,55273.0,526742.0,160919.0,269889.0,108970.0,124324.0,132529.0
802,Eureka,81510.0,82283.0,163793.0,4416.0,4677.0,6697.0,65720.0,20050.0,34133.0,14083.0,15870.0,15717.0,4365.0,4664.0,7129.0,66125.0,21388.0,37778.0,16390.0,14853.0,13494.0,8781.0,9341.0,13826.0,131845.0,41438.0,71911.0,30473.0,30723.0,29211.0
803,Los Angeles,12600012.0,12311935.0,24911947.0,730344.0,731752.0,1249875.0,9888041.0,3014463.0,5509290.0,2494827.0,2387614.0,1991137.0,766220.0,759562.0,1311141.0,9475012.0,3137758.0,5623054.0,2485296.0,2282823.0,1569135.0,1496564.0,1491314.0,2561016.0,19363053.0,6152221.0,11132344.0,4980123.0,4670437.0,3560272.0
807,San Francisco-Oak-San Jose,3728346.0,3692012.0,7420358.0,199397.0,200662.0,336590.0,2991697.0,855090.0,1630879.0,775789.0,721357.0,639461.0,209391.0,214161.0,347951.0,2920509.0,908965.0,1702319.0,793354.0,707101.0,511089.0,408788.0,414823.0,684541.0,5912206.0,1764055.0,3333198.0,1569143.0,1428458.0,1150550.0
810,Yakima-Pasco-Rchlnd-Knnwck,367260.0,374411.0,741671.0,26438.0,27883.0,44706.0,268233.0,84728.0,149276.0,64548.0,62549.0,56408.0,27440.0,28830.0,46446.0,271695.0,92201.0,160065.0,67864.0,62330.0,49300.0,53878.0,56713.0,91152.0,539928.0,176929.0,309341.0,132412.0,124879.0,105708.0
811,Reno,355796.0,376106.0,731902.0,19936.0,20693.0,34288.0,280879.0,76589.0,139549.0,62960.0,73413.0,67917.0,20884.0,21405.0,36490.0,297327.0,89367.0,159033.0,69666.0,74670.0,63624.0,40820.0,42098.0,70778.0,578206.0,165956.0,298582.0,132626.0,148083.0,131541.0
813,Medford-Klamath Falls,227547.0,220238.0,447785.0,11445.0,12575.0,19880.0,183647.0,41461.0,79057.0,37596.0,48269.0,56321.0,12058.0,12414.0,21671.0,174095.0,43277.0,80560.0,37283.0,44010.0,49525.0,23503.0,24989.0,41551.0,357742.0,84738.0,159617.0,74879.0,92279.0,105846.0
819,Seattle-Tacoma,2697358.0,2706029.0,5403387.0,155532.0,157011.0,244457.0,2140358.0,630383.0,1166747.0,536364.0,522035.0,451576.0,163690.0,164499.0,254592.0,2123248.0,686859.0,1241328.0,554469.0,508255.0,373665.0,319222.0,321510.0,499049.0,4263606.0,1317242.0,2408075.0,1090833.0,1030290.0,825241.0
820,"Portland, Or",1734535.0,1703873.0,3438408.0,95136.0,102261.0,166276.0,1370862.0,387132.0,737986.0,350854.0,330547.0,302329.0,100722.0,105086.0,176216.0,1321849.0,397333.0,752898.0,355565.0,318552.0,250399.0,195858.0,207347.0,342492.0,2692711.0,784465.0,1490884.0,706419.0,649099.0,552728.0
821,"Bend, Or",96894.0,94855.0,191749.0,4749.0,5871.0,7977.0,78297.0,19078.0,38030.0,18952.0,20310.0,19957.0,4908.0,5679.0,9191.0,75077.0,19647.0,38726.0,19079.0,18169.0,18182.0,9657.0,11550.0,17168.0,153374.0,38725.0,76756.0,38031.0,38479.0,38139.0
825,San Diego,1649458.0,1674512.0,3323970.0,100381.0,93407.0,157030.0,1298640.0,413629.0,735990.0,322361.0,303554.0,259096.0,105373.0,98100.0,163959.0,1307080.0,475100.0,806059.0,330959.0,292380.0,208641.0,205754.0,191507.0,320989.0,2605720.0,888729.0,1542049.0,653320.0,595934.0,467737.0
828,Monterey-Salinas,381057.0,386637.0,767694.0,23854.0,23821.0,41234.0,292148.0,93558.0,162167.0,68609.0,69529.0,60452.0,24640.0,25562.0,42369.0,294066.0,99914.0,174236.0,74322.0,68496.0,51334.0,48494.0,49383.0,83603.0,586214.0,193472.0,336403.0,142931.0,138025.0,111786.0
839,Las Vegas,1141670.0,1137887.0,2279557.0,69219.0,70533.0,117416.0,884502.0,258370.0,490237.0,231867.0,210579.0,183686.0,72037.0,73327.0,122869.0,869654.0,266437.0,500709.0,234272.0,207666.0,161279.0,141256.0,143860.0,240285.0,1754156.0,524807.0,990946.0,466139.0,418245.0,344965.0
855,Santabarbra-Sanmar-Sanluob,6043319.0,5895919.0,11939238.0,348856.0,348052.0,594314.0,4752097.0,1491652.0,2691671.0,1200019.0,1127406.0,933020.0,364897.0,364322.0,623214.0,4543486.0,1546888.0,2748874.0,1201986.0,1071732.0,722880.0,713753.0,712374.0,1217528.0,9295583.0,3038540.0,5440545.0,2402005.0,2199138.0,1655900.0
862,Sacramnto-Stkton-Modesto,1976888.0,1924970.0,3901858.0,121335.0,128132.0,211798.0,1515623.0,450766.0,821803.0,371037.0,368453.0,325367.0,126827.0,132607.0,223472.0,1442064.0,466023.0,835507.0,369484.0,346003.0,260554.0,248162.0,260739.0,435270.0,2957687.0,916789.0,1657310.0,740521.0,714456.0,585921.0
866,Fresno-Visalia,1020465.0,1031689.0,2052154.0,76908.0,81099.0,131160.0,731298.0,249459.0,433566.0,184107.0,162800.0,134932.0,81132.0,83490.0,137656.0,729411.0,266042.0,457142.0,191100.0,160178.0,112091.0,158040.0,164589.0,268816.0,1460709.0,515501.0,890708.0,375207.0,322978.0,247023.0
868,Chico-Redding,260608.0,255633.0,516241.0,14215.0,14689.0,24648.0,207056.0,58351.0,100788.0,42437.0,51914.0,54354.0,15311.0,15816.0,25578.0,198928.0,61236.0,103913.0,42677.0,48549.0,46466.0,29526.0,30505.0,50226.0,405984.0,119587.0,204701.0,85114.0,100463.0,100820.0
881,Spokane,602696.0,601804.0,1204500.0,34554.0,36014.0,59531.0,472597.0,135216.0,238092.0,102876.0,119584.0,114921.0,36057.0,39546.0,61334.0,464867.0,143429.0,248558.0,105129.0,113453.0,102856.0,70611.0,75560.0,120865.0,937464.0,278645.0,486650.0,208005.0,233037.0,217777.0
