,DMA Code,DMA Name,male_under_5,female_under_5,total_under_5,male_5_to_9,female_5_to_9,total_5_to_9,male_10_to_17,female_10_to_17,total_10_to_17,male_18_to_34,female_18_to_34,total_18_to_34,male_35_to_49,female_35_to_49,total_35_to_49,male_50_to_64,female_50_to_64,total_50_to_64,male_65_and_over,female_65_and_over,total_65_and_over
0,500,Portland-Auburn,24829.0,23132.0,47961.0,26446.0,24873.0,51319.0,46142.0,43204.0,89346.0,101205.0,98979.0,200184.0,89490.0,91738.0,181228.0,111696.0,118784.0,230480.0,94302.0,113455.0,207757.0
1,501,New York,651443.0,623121.0,1274564.0,625237.0,598857.0,1224094.0,1058921.0,1013685.0,2072606.0,2456171.0,2457307.0,4913478.0,2032906.0,2114683.0,4147589.0,2031511.0,2202999.0,4234510.0,1435853.0,1938213.0,3374066.0
2,502,Binghamton,8610.0,8113.0,16723.0,9399.0,8192.0,17591.0,15325.0,14966.0,30291.0,38810.0,36390.0,75200.0,26713.0,26980.0,53693.0,35617.0,36402.0,72019.0,30465.0,36694.0,67159.0
3,503,Macon,19973.0,19117.0,39090.0,20636.0,19414.0,40050.0,36615.0,34781.0,71396.0,80853.0,75838.0,156691.0,62399.0,60983.0,123382.0,64126.0,68087.0,132213.0,47006.0,61350.0,108356.0
4,504,Philadelphia,239269.0,228328.0,467597.0,242597.0,237483.0,480080.0,419497.0,398289.0,817786.0,938706.0,930060.0,1868766.0,739378.0,771387.0,1510765.0,793902.0,861642.0,1655544.0,574065.0,760189.0,1334254.0
5,505,Detroit,251078.0,239155.0,490233.0,254304.0,245561.0,499865.0,451870.0,429533.0,881403.0,976675.0,945531.0,1922206.0,785746.0,813515.0,1599261.0,882100.0,933189.0,1815289.0,644240.0,818113.0,1462353.0
6,506,Boston (Manchester),175806.0,168405.0,344211.0,179012.0,169513.0,348525.0,314853.0,302892.0,617745.0,806279.0,798852.0,1605131.0,612330.0,631979.0,1244309.0,669607.0,711879.0,1381486.0,474354.0,611270.0,1085624.0
7,507,Savannah,181155.0,172301.0,353456.0,187907.0,184780.0,372687.0,317921.0,305436.0,623357.0,691300.0,680313.0,1371613.0,544874.0,581917.0,1126791.0,504163.0,549463.0,1053626.0,341040.0,438761.0,779801.0
8,508,Pittsburgh,72186.0,68846.0,141032.0,71726.0,70899.0,142625.0,125127.0,117454.0,242581.0,319913.0,302615.0,622528.0,247426.0,244277.0,491703.0,292925.0,308913.0,601838.0,241786.0,313588.0,555374.0
9,509,Ft. Wayne,67891.0,65251.0,133142.0,72031.0,70008.0,142039.0,123028.0,115551.0,238579.0,227494.0,225054.0,452548.0,196101.0,199992.0,396093.0,197846.0,205478.0,403324.0,141742.0,179264.0,321006.0
10,510,Cleveland-Akron (Canton),109517.0,104504.0,214021.0,112341.0,106769.0,219110.0,194221.0,187113.0,381334.0,411905.0,405438.0,817343.0,331844.0,342252.0,674096.0,387040.0,414969.0,802009.0,307121.0,396964.0,704085.0
11,511,"Washington, Dc (Hagrstwn)",278568.0,265983.0,544551.0,280305.0,268549.0,548854.0,464906.0,446776.0,911682.0,1009117.0,990519.0,1999636.0,894454.0,918016.0,1812470.0,848305.0,896018.0,1744323.0,557138.0,700458.0,1257596.0
12,512,Baltimore,131312.0,126074.0,257386.0,135346.0,130447.0,265793.0,222742.0,213621.0,436363.0,495583.0,499482.0,995065.0,398835.0,428402.0,827237.0,430966.0,473966.0,904932.0,307864.0,405155.0,713019.0
13,513,Flint-Saginaw-Bay City,31476.0,30210.0,61686.0,33486.0,32177.0,65663.0,57609.0,53540.0,111149.0,123237.0,120627.0,243864.0,97353.0,99168.0,196521.0,117142.0,124013.0,241155.0,95785.0,118516.0,214301.0
14,514,Buffalo,228294.0,217826.0,446120.0,224509.0,218619.0,443128.0,384798.0,365217.0,750015.0,947836.0,928969.0,1876805.0,705668.0,719282.0,1424950.0,794079.0,850732.0,1644811.0,612593.0,807078.0,1419671.0
15,515,Cincinnati,75887.0,72602.0,148489.0,79325.0,76835.0,156160.0,131724.0,125558.0,257282.0,271387.0,266026.0,537413.0,220202.0,226238.0,446440.0,233704.0,246359.0,480063.0,163970.0,206505.0,370475.0
16,516,Erie,11048.0,10828.0,21876.0,11275.0,11760.0,23035.0,20299.0,18109.0,38408.0,43852.0,42502.0,86354.0,33642.0,34167.0,67809.0,41336.0,42468.0,83804.0,34066.0,41234.0,75300.0
17,517,Charlotte,100670.0,96146.0,196816.0,103390.0,102182.0,205572.0,183448.0,174687.0,358135.0,370153.0,372440.0,742593.0,329568.0,346473.0,676041.0,312147.0,332086.0,644233.0,214482.0,275732.0,490214.0
18,518,Greensboro-H.Point-W.Salem,52117.0,50069.0,102186.0,56196.0,53235.0,109431.0,95548.0,92990.0,188538.0,192260.0,203566.0,395826.0,162500.0,174676.0,337176.0,179729.0,194197.0,373926.0,137517.0,178999.0,316516.0
19,519,"Charleston, Sc",27254.0,26825.0,54079.0,28918.0,28171.0,57089.0,44894.0,42630.0,87524.0,109896.0,107425.0,217321.0,85508.0,89506.0,175014.0,84229.0,95124.0,179353.0,67411.0,83748.0,151159.0
20,520,Augusta-Aiken,213283.0,203116.0,416399.0,218242.0,214967.0,433209.0,374502.0,354472.0,728974.0,802951.0,789583.0,1592534.0,630314.0,670787.0,1301101.0,654767.0,727986.0,1382753.0,532620.0,670426.0,1203046.0
21,521,Providence-New Bedford,42960.0,41267.0,84227.0,42619.0,42741.0,85360.0,78927.0,73483.0,152410.0,191721.0,189698.0,381419.0,145690.0,151130.0,296820.0,165181.0,177698.0,342879.0,120088.0,157896.0,277984.0
22,522,"Columbus, Ga (Opelika, Al)",18723.0,18408.0,37131.0,18771.0,17732.0,36503.0,30565.0,29327.0,59892.0,83284.0,74736.0,158020.0,52275.0,54242.0,106517.0,51411.0,56025.0,107436.0,36902.0,48781.0,85683.0
23,523,Burlington-Plattsburgh,20988.0,19697.0,40685.0,23276.0,21260.0,44536.0,39005.0,37455.0,76460.0,107559.0,96889.0,204448.0,78174.0,76833.0,155007.0,97089.0,100406.0,197495.0,79272.0,92282.0,171554.0
24,524,Atlanta,315166.0,304258.0,619424.0,335197.0,320673.0,655870.0,581902.0,564182.0,1146084.0,1175553.0,1191743.0,2367296.0,1002390.0,1072931.0,2075321.0,923863.0,1000407.0,1924270.0,601901.0,774630.0,1376531.0
25,525,"Albany, Ga",13402.0,12657.0,26059.0,13668.0,13083.0,26751.0,24066.0,22228.0,46294.0,46438.0,44807.0,91245.0,37984.0,38233.0,76217.0,36954.0,40261.0,77215.0,28188.0,37526.0,65714.0
26,526,Utica,3795.0,3308.0,7103.0,3964.0,3696.0,7660.0,6817.0,6623.0,13440.0,17947.0,17329.0,35276.0,13057.0,12668.0,25725.0,17460.0,17889.0,35349.0,15769.0,18290.0,34059.0
27,527,Indianapolis,98286.0,92815.0,191101.0,101526.0,96635.0,198161.0,166986.0,159596.0,326582.0,361953.0,359530.0,721483.0,287736.0,291204.0,578940.0,283596.0,298900.0,582496.0,200140.0,257298.0,457438.0
28,528,Miami-Ft. Lauderdale,139320.0,133560.0,272880.0,129370.0,126152.0,255522.0,226883.0,219280.0,446163.0,527846.0,513281.0,1041127.0,482210.0,491763.0,973973.0,460378.0,492094.0,952472.0,334769.0,446032.0,780801.0
29,529,Louisville,55319.0,52333.0,107652.0,55845.0,52456.0,108301.0,94320.0,90837.0,185157.0,195592.0,191476.0,387068.0,168116.0,170189.0,338305.0,174146.0,185448.0,359594.0,125439.0,159817.0,285256.0
30,530,Tallahassee-Thomasville,21386.0,20471.0,41857.0,23024.0,20765.0,43789.0,36346.0,35632.0,71978.0,106852.0,105509.0,212361.0,66312.0,65890.0,132202.0,65383.0,70713.0,136096.0,51878.0,65037.0,116915.0
31,531,"Tri-Cities, Tn-Va",18533.0,17395.0,35928.0,19081.0,18250.0,37331.0,37101.0,35402.0,72503.0,79293.0,73926.0,153219.0,71298.0,69268.0,140566.0,80944.0,85261.0,166205.0,72981.0,88600.0,161581.0
32,532,Albany-Schenectady-Troy,35011.0,33761.0,68772.0,36692.0,35203.0,71895.0,63927.0,59827.0,123754.0,157921.0,151042.0,308963.0,122454.0,123305.0,245759.0,146398.0,153469.0,299867.0,117726.0,145648.0,263374.0
33,533,Hartford & New Haven,67327.0,63736.0,131063.0,68912.0,67124.0,136036.0,131463.0,124878.0,256341.0,304920.0,290450.0,595370.0,232629.0,243548.0,476177.0,273637.0,292300.0,565937.0,202973.0,262346.0,465319.0
34,534,Orlando-Daytona Bch-Melbrn,115162.0,111088.0,226250.0,117810.0,116160.0,233970.0,205437.0,194378.0,399815.0,476495.0,464577.0,941072.0,389390.0,402988.0,792378.0,401093.0,441704.0,842797.0,393569.0,473519.0,867088.0
35,535,"Columbus, Oh",84843.0,81332.0,166175.0,83328.0,79917.0,163245.0,137070.0,131405.0,268475.0,323066.0,314752.0,637818.0,253930.0,252369.0,506299.0,238326.0,246440.0,484766.0,160059.0,204052.0,364111.0
36,536,Youngstown,17143.0,16217.0,33360.0,18153.0,16918.0,35071.0,30958.0,29671.0,60629.0,65253.0,60275.0,125528.0,55877.0,54548.0,110425.0,68410.0,71728.0,140138.0,59218.0,76260.0,135478.0
37,537,Bangor,8121.0,7686.0,15807.0,8973.0,8601.0,17574.0,14829.0,14404.0,29233.0,35784.0,33678.0,69462.0,29264.0,30460.0,59724.0,38641.0,40900.0,79541.0,34503.0,39222.0,73725.0
38,538,"Rochester, Ny",336141.0,320428.0,656569.0,305411.0,292550.0,597961.0,507489.0,485452.0,992941.0,1347576.0,1379201.0,2726777.0,1048362.0,1085424.0,2133786.0,1024132.0,1114356.0,2138488.0,767977.0,1035220.0,1803197.0
39,539,Tampa-St. Pete (Sarasota),129314.0,123779.0,253093.0,131061.0,129055.0,260116.0,231035.0,216428.0,447463.0,494135.0,492212.0,986347.0,431543.0,449982.0,881525.0,478154.0,526569.0,1004723.0,511963.0,614585.0,1126548.0
40,540,Traverse City-Cadillac,127004.0,122181.0,249185.0,129297.0,123804.0,253101.0,223399.0,211880.0,435279.0,492905.0,480828.0,973733.0,373361.0,382790.0,756151.0,434265.0,456203.0,890468.0,343342.0,420773.0,764115.0
41,541,Lexington,40537.0,38547.0,79084.0,39982.0,38500.0,78482.0,67111.0,63351.0,130462.0,155405.0,152990.0,308395.0,122920.0,123739.0,246659.0,123452.0,131898.0,255350.0,92543.0,116851.0,209394.0
42,542,Dayton,37286.0,35387.0,72673.0,37103.0,34212.0,71315.0,64734.0,61481.0,126215.0,132481.0,130629.0,263110.0,103301.0,106826.0,210127.0,118963.0,125743.0,244706.0,95570.0,122824.0,218394.0
43,543,Springfield-Holyoke,17432.0,16525.0,33957.0,17867.0,19327.0,37194.0,34459.0,30505.0,64964.0,87045.0,90495.0,177540.0,57056.0,62792.0,119848.0,67800.0,74941.0,142741.0,53374.0,68919.0,122293.0
44,544,Norfolk-Portsmth-Newpt Nws,107916.0,104000.0,211916.0,105231.0,101628.0,206859.0,176418.0,167247.0,343665.0,438615.0,413064.0,851679.0,326646.0,332908.0,659554.0,332944.0,363270.0,696214.0,245048.0,316473.0,561521.0
45,545,Greenville-N.Bern-Washngtn,25742.0,24753.0,50495.0,24945.0,23794.0,48739.0,39936.0,37775.0,77711.0,125850.0,98386.0,224236.0,66281.0,67887.0,134168.0,69009.0,77723.0,146732.0,59957.0,76059.0,136016.0
46,546,"Columbia, Sc",32802.0,31433.0,64235.0,34354.0,33231.0,67585.0,58832.0,56154.0,114986.0,138652.0,135500.0,274152.0,96833.0,105230.0,202063.0,101417.0,113996.0,215413.0,77413.0,100044.0,177457.0
47,547,Toledo,31536.0,30345.0,61881.0,33274.0,30546.0,63820.0,55218.0,53217.0,108435.0,120508.0,117145.0,237653.0,93006.0,94004.0,187010.0,104392.0,109134.0,213526.0,81212.0,102073.0,183285.0
48,548,West Palm Beach-Ft. Pierce,67397.0,62519.0,129916.0,69180.0,63783.0,132963.0,120391.0,115629.0,236020.0,260574.0,237206.0,497780.0,218716.0,218730.0,437446.0,270469.0,301906.0,572375.0,379808.0,428910.0,808718.0
49,549,Watertown,51872.0,49685.0,101557.0,53183.0,51053.0,104236.0,89314.0,84952.0,174266.0,229140.0,199167.0,428307.0,159997.0,156163.0,316160.0,183594.0,187910.0,371504.0,138703.0,167836.0,306539.0
50,550,Wilmington,12930.0,11696.0,24626.0,13449.0,13529.0,26978.0,22794.0,21554.0,44348.0,53633.0,54752.0,108385.0,45470.0,46715.0,92185.0,50862.0,58378.0,109240.0,51550.0,62198.0,113748.0
51,551,Lansing,19572.0,18599.0,38171.0,20448.0,18512.0,38960.0,32740.0,32127.0,64867.0,91590.0,88075.0,179665.0,59759.0,59223.0,118982.0,64771.0,68080.0,132851.0,49595.0,60400.0,109995.0
52,552,Presque Isle,1746.0,1567.0,3313.0,1688.0,1749.0,3437.0,3039.0,2591.0,5630.0,6072.0,5624.0,11696.0,5470.0,5681.0,11151.0,7929.0,8022.0,15951.0,7449.0,8804.0,16253.0
53,553,Marquette,4915.0,4855.0,9770.0,5588.0,4953.0,10541.0,9586.0,9029.0,18615.0,26041.0,21216.0,47257.0,17271.0,15827.0,33098.0,23081.0,22934.0,46015.0,22520.0,24505.0,47025.0
54,554,Wheeling-Steubenville,8288.0,7662.0,15950.0,8474.0,8181.0,16655.0,15239.0,14502.0,29741.0,32795.0,29512.0,62307.0,28485.0,27522.0,56007.0,35947.0,36027.0,71974.0,32651.0,39533.0,72184.0
55,555,Syracuse,24868.0,23226.0,48094.0,25524.0,24243.0,49767.0,43830.0,41140.0,84970.0,115368.0,114451.0,229819.0,76466.0,77975.0,154441.0,92795.0,96718.0,189513.0,69093.0,85622.0,154715.0
56,556,Richmond-Petersburg,97074.0,91483.0,188557.0,100162.0,95371.0,195533.0,167476.0,161503.0,328979.0,380597.0,370358.0,750955.0,328886.0,330113.0,658999.0,318286.0,339803.0,658089.0,233132.0,290790.0,523922.0
57,557,Knoxville,63653.0,59877.0,123530.0,64274.0,60071.0,124345.0,108827.0,103290.0,212117.0,245402.0,239370.0,484772.0,200165.0,202763.0,402928.0,213875.0,229385.0,443260.0,177297.0,218745.0,396042.0
58,558,Lima,5840.0,5511.0,11351.0,6263.0,5510.0,11773.0,10150.0,10162.0,20312.0,20011.0,17586.0,37597.0,16378.0,15607.0,31985.0,18401.0,18558.0,36959.0,14427.0,17949.0,32376.0
59,559,Bluefield-Beckley-Oak Hill,57189.0,54163.0,111352.0,59298.0,58076.0,117374.0,101528.0,95240.0,196768.0,220468.0,208105.0,428573.0,195346.0,192874.0,388220.0,214430.0,224473.0,438903.0,193178.0,233005.0,426183.0
60,560,Raleigh-Durham (Fayetvlle),103468.0,99078.0,202546.0,104497.0,100799.0,205296.0,176968.0,171453.0,348421.0,391845.0,386534.0,778379.0,315071.0,332663.0,647734.0,291027.0,319620.0,610647.0,203362.0,267134.0,470496.0
61,561,Jacksonville,96670.0,93884.0,190554.0,99083.0,92738.0,191821.0,164704.0,159875.0,324579.0,371192.0,343857.0,715049.0,304495.0,304797.0,609292.0,334031.0,363542.0,697573.0,317197.0,378143.0,695340.0
62,563,Grand Rapids-Kalmzoo-B.Crk,89217.0,85476.0,174693.0,92943.0,89619.0,182562.0,156864.0,147085.0,303949.0,358606.0,344414.0,703020.0,262510.0,259389.0,521899.0,287817.0,296770.0,584587.0,218988.0,262382.0,481370.0
63,564,Charleston-Huntington,31468.0,29808.0,61276.0,33206.0,31298.0,64504.0,56743.0,52721.0,109464.0,112033.0,106501.0,218534.0,102159.0,103539.0,205698.0,112800.0,120523.0,233323.0,96284.0,118767.0,215051.0
64,565,Elmira (Corning),6675.0,6294.0,12969.0,7044.0,6107.0,13151.0,11964.0,12126.0,24090.0,24397.0,22688.0,47085.0,21008.0,20610.0,41618.0,26000.0,26442.0,52442.0,21644.0,25563.0,47207.0
65,566,Harrisburg-Lncstr-Leb-York,62209.0,58857.0,121066.0,61882.0,61167.0,123049.0,108080.0,100706.0,208786.0,217712.0,212454.0,430166.0,182154.0,183542.0,365696.0,202860.0,211381.0,414241.0,165087.0,206105.0,371192.0
66,567,Greenvll-Spart-Ashevll-And,375272.0,356447.0,731719.0,387778.0,373016.0,760794.0,657827.0,634931.0,1292758.0,1444809.0,1427457.0,2872266.0,1175168.0,1235237.0,2410405.0,1187447.0,1295069.0,2482516.0,932583.0,1192738.0,2125321.0
67,569,Harrisonburg,4327.0,4193.0,8520.0,4424.0,4457.0,8881.0,8462.0,7815.0,16277.0,16756.0,15422.0,32178.0,14834.0,14353.0,29187.0,17650.0,17965.0,35615.0,15374.0,17828.0,33202.0
68,570,Myrtle Beach-Florence,22698.0,21880.0,44578.0,23318.0,22164.0,45482.0,40913.0,39618.0,80531.0,80928.0,83283.0,164211.0,67757.0,73523.0,141280.0,77379.0,89269.0,166648.0,72132.0,88799.0,160931.0
69,571,Ft. Myers-Naples,180641.0,172029.0,352670.0,175781.0,172334.0,348115.0,306310.0,288688.0,594998.0,711084.0,683055.0,1394139.0,625459.0,631372.0,1256831.0,619554.0,678147.0,1297701.0,593114.0,735305.0,1328419.0
70,573,Roanoke-Lynchburg,20426.0,19204.0,39630.0,22308.0,21856.0,44164.0,38566.0,36496.0,75062.0,90927.0,83876.0,174803.0,71753.0,71756.0,143509.0,89763.0,94184.0,183947.0,81979.0,99054.0,181033.0
71,574,Johnstown-Altoona-St Colge,18129.0,16835.0,34964.0,19129.0,17927.0,37056.0,32480.0,31166.0,63646.0,93032.0,78795.0,171827.0,67905.0,60589.0,128494.0,79963.0,76887.0,156850.0,66710.0,81591.0,148301.0
72,575,Chattanooga,128329.0,121615.0,249944.0,129072.0,122394.0,251466.0,213432.0,205632.0,419064.0,487435.0,490050.0,977485.0,397688.0,405459.0,803147.0,389864.0,419508.0,809372.0,296066.0,375904.0,671970.0
73,576,Salisbury,11701.0,11383.0,23084.0,11045.0,11495.0,22540.0,20522.0,19361.0,39883.0,44355.0,43908.0,88263.0,33723.0,34791.0,68514.0,44543.0,50303.0,94846.0,48434.0,57567.0,106001.0
74,577,Wilkes Barre-Scranton-Hztn,161702.0,154030.0,315732.0,170072.0,164066.0,334138.0,302570.0,286085.0,588655.0,648192.0,607582.0,1255774.0,548310.0,538839.0,1087149.0,636484.0,650129.0,1286613.0,508521.0,634218.0,1142739.0
75,581,Terre Haute,11298.0,10667.0,21965.0,12087.0,11177.0,23264.0,18954.0,17742.0,36696.0,45370.0,39124.0,84494.0,35111.0,31603.0,66714.0,37569.0,36991.0,74560.0,29415.0,37414.0,66829.0
76,582,"Lafayette, In",6032.0,5792.0,11824.0,5683.0,5779.0,11462.0,9519.0,8977.0,18496.0,41213.0,34213.0,75426.0,15891.0,15637.0,31528.0,14553.0,15186.0,29739.0,10210.0,13312.0,23522.0
77,583,Alpena,822.0,836.0,1658.0,798.0,841.0,1639.0,1790.0,1567.0,3357.0,3228.0,2935.0,6163.0,3010.0,2990.0,6000.0,4769.0,4871.0,9640.0,4907.0,5463.0,10370.0
78,584,Charlottesville,5626.0,5544.0,11170.0,6073.0,5622.0,11695.0,9706.0,9784.0,19490.0,21720.0,23029.0,44749.0,17788.0,19010.0,36798.0,19654.0,22250.0,41904.0,17531.0,21798.0,39329.0
79,588,South Bend-Elkhart,104415.0,98301.0,202716.0,104951.0,98560.0,203511.0,169542.0,164839.0,334381.0,353747.0,354848.0,708595.0,280311.0,285129.0,565440.0,293253.0,309183.0,602436.0,214128.0,272441.0,486569.0
80,592,Gainesville,8864.0,8799.0,17663.0,9398.0,8687.0,18085.0,14154.0,13229.0,27383.0,55284.0,55712.0,110996.0,27517.0,27766.0,55283.0,27995.0,31168.0,59163.0,25266.0,30230.0,55496.0
81,596,Zanesville,2594.0,2571.0,5165.0,2675.0,2734.0,5409.0,4691.0,4269.0,8960.0,9113.0,9032.0,18145.0,7663.0,7911.0,15574.0,8574.0,9057.0,17631.0,6558.0,8591.0,15149.0
82,597,Parkersburg,4136.0,3954.0,8090.0,3897.0,3456.0,7353.0,7806.0,7816.0,15622.0,15044.0,14266.0,29310.0,13681.0,13872.0,27553.0,16153.0,16825.0,32978.0,13878.0,17277.0,31155.0
83,598,Clarksburg-Weston,7167.0,7018.0,14185.0,7463.0,7192.0,14655.0,12702.0,11973.0,24675.0,28712.0,26549.0,55261.0,25019.0,23714.0,48733.0,27704.0,28019.0,55723.0,25136.0,29531.0,54667.0
84,600,Corpus Christi,20659.0,19310.0,39969.0,20690.0,20239.0,40929.0,34808.0,32487.0,67295.0,76588.0,68513.0,145101.0,56551.0,53659.0,110210.0,52015.0,53544.0,105559.0,41368.0,50101.0,91469.0
85,602,Chicago,384507.0,368021.0,752528.0,391736.0,382731.0,774467.0,693210.0,660972.0,1354182.0,1512422.0,1463270.0,2975692.0,1229514.0,1245811.0,2475325.0,1191840.0,1251514.0,2443354.0,827143.0,1065318.0,1892461.0
86,603,Joplin-Pittsburg,21203.0,19580.0,40783.0,21422.0,19689.0,41111.0,35060.0,34120.0,69180.0,68934.0,66063.0,134997.0,55576.0,55211.0,110787.0,61518.0,63642.0,125160.0,50005.0,63247.0,113252.0
87,604,Columbia-Jefferson City,14539.0,13813.0,28352.0,14612.0,13591.0,28203.0,24379.0,23217.0,47596.0,63130.0,62183.0,125313.0,43878.0,41887.0,85765.0,44528.0,45882.0,90410.0,34458.0,41811.0,76269.0
88,605,Topeka,15559.0,14953.0,30512.0,15509.0,14650.0,30159.0,23896.0,22882.0,46778.0,63438.0,57528.0,120966.0,38127.0,37610.0,75737.0,40536.0,42691.0,83227.0,34095.0,41083.0,75178.0
89,606,Dothan,8081.0,7892.0,15973.0,8114.0,7858.0,15972.0,14405.0,13531.0,27936.0,27058.0,26749.0,53807.0,23356.0,24934.0,48290.0,24691.0,26874.0,51565.0,20552.0,26479.0,47031.0
90,609,St. Louis,163677.0,156164.0,319841.0,167669.0,158256.0,325925.0,280409.0,267853.0,548262.0,598502.0,581911.0,1180413.0,487026.0,492949.0,979975.0,523720.0,552222.0,1075942.0,390837.0,501051.0,891888.0
91,610,Rockford,14244.0,13557.0,27801.0,14305.0,13655.0,27960.0,26342.0,25340.0,51682.0,47714.0,46458.0,94172.0,42210.0,42749.0,84959.0,47506.0,48279.0,95785.0,37624.0,46625.0,84249.0
92,611,Rochestr-Mason City-Austin,12089.0,11620.0,23709.0,12712.0,12217.0,24929.0,20769.0,19583.0,40352.0,38175.0,37595.0,75770.0,34069.0,32605.0,66674.0,37242.0,38184.0,75426.0,30663.0,37936.0,68599.0
93,612,Shreveport,48661.0,48074.0,96735.0,49320.0,48429.0,97749.0,85058.0,80628.0,165686.0,165815.0,159739.0,325554.0,132321.0,137308.0,269629.0,137847.0,148068.0,285915.0,114689.0,144752.0,259441.0
94,613,Minneapolis-St. Paul,292171.0,279720.0,571891.0,300139.0,287065.0,587204.0,487693.0,469518.0,957211.0,1063269.0,1026346.0,2089615.0,879507.0,857392.0,1736899.0,911325.0,922478.0,1833803.0,649781.0,785972.0,1435753.0
95,616,Kansas City,83297.0,79418.0,162715.0,85126.0,81745.0,166871.0,141718.0,135629.0,277347.0,300028.0,294986.0,595014.0,242656.0,243898.0,486554.0,235038.0,248503.0,483541.0,170122.0,215229.0,385351.0
96,617,Milwaukee,70880.0,67898.0,138778.0,73617.0,70712.0,144329.0,125638.0,120362.0,246000.0,263076.0,257168.0,520244.0,215558.0,218485.0,434043.0,234024.0,243649.0,477673.0,164458.0,206806.0,371264.0
97,618,Houston,267053.0,258409.0,525462.0,270839.0,259571.0,530410.0,446846.0,430909.0,877755.0,894302.0,870086.0,1764388.0,763759.0,761368.0,1525127.0,630164.0,649130.0,1279294.0,379783.0,462941.0,842724.0
98,619,"Springfield, Mo",49632.0,46539.0,96171.0,50814.0,46251.0,97065.0,84411.0,82692.0,167103.0,188447.0,174060.0,362507.0,142140.0,141634.0,283774.0,153977.0,162306.0,316283.0,138613.0,165308.0,303921.0
99,622,New Orleans,57909.0,55379.0,113288.0,55044.0,55526.0,110570.0,94485.0,89282.0,183767.0,198989.0,206555.0,405544.0,163669.0,173516.0,337185.0,171916.0,186922.0,358838.0,126519.0,159571.0,286090.0
100,623,Dallas-Ft. Worth,282553.0,269123.0,551676.0,288579.0,282810.0,571389.0,493703.0,470557.0,964260.0,968204.0,964829.0,1933033.0,830979.0,853428.0,1684407.0,716072.0,740751.0,1456823.0,430034.0,542048.0,972082.0
101,624,Sioux City,112679.0,109351.0,222030.0,118352.0,111168.0,229520.0,190409.0,184947.0,375356.0,408264.0,387898.0,796162.0,319109.0,310072.0,629181.0,339787.0,344603.0,684390.0,271828.0,335467.0,607295.0
102,625,Waco-Temple-Bryan,523840.0,502691.0,1026531.0,518938.0,501265.0,1020203.0,860774.0,829646.0,1690420.0,1916619.0,1833452.0,3750071.0,1484028.0,1479923.0,2963951.0,1226855.0,1282952.0,2509807.0,786880.0,977729.0,1764609.0
103,626,Victoria,3274.0,3113.0,6387.0,2968.0,3330.0,6298.0,5679.0,4989.0,10668.0,10672.0,10333.0,21005.0,8044.0,8358.0,16402.0,7964.0,8473.0,16437.0,6543.0,8304.0,14847.0
104,627,Wichita Falls & Lawton,13535.0,13222.0,26757.0,13715.0,13849.0,27564.0,21764.0,21017.0,42781.0,58421.0,47056.0,105477.0,37199.0,35309.0,72508.0,38349.0,39322.0,77671.0,30479.0,37455.0,67934.0
105,628,Monroe-El Dorado,14828.0,14754.0,29582.0,15422.0,14926.0,30348.0,25249.0,24135.0,49384.0,57383.0,52588.0,109971.0,40550.0,41489.0,82039.0,41907.0,45131.0,87038.0,33731.0,44080.0,77811.0
106,630,Birmingham (Ann And Tusc),121436.0,116557.0,237993.0,122467.0,116654.0,239121.0,208805.0,200038.0,408843.0,434307.0,439970.0,874277.0,359966.0,383234.0,743200.0,381955.0,414937.0,796892.0,298509.0,387368.0,685877.0
107,631,Ottumwa-Kirksville,4182.0,3599.0,7781.0,3566.0,4359.0,7925.0,6208.0,5864.0,12072.0,14827.0,14685.0,29512.0,10233.0,9723.0,19956.0,12107.0,12231.0,24338.0,10802.0,13031.0,23833.0
108,632,Paducah-Cape Girard-Harsbg,64234.0,61113.0,125347.0,65737.0,60618.0,126355.0,106770.0,104387.0,211157.0,239318.0,225551.0,464869.0,186570.0,184591.0,371161.0,199824.0,209729.0,409553.0,163862.0,206208.0,370070.0
109,633,Odessa-Midland,20566.0,19616.0,40182.0,20173.0,19425.0,39598.0,30147.0,28338.0,58485.0,66964.0,58027.0,124991.0,51677.0,44144.0,95821.0,39880.0,38564.0,78444.0,25646.0,30722.0,56368.0
110,634,Amarillo,20326.0,18841.0,39167.0,21235.0,19730.0,40965.0,31821.0,30937.0,62758.0,69909.0,60858.0,130767.0,52540.0,47128.0,99668.0,46883.0,45758.0,92641.0,35488.0,43051.0,78539.0
111,635,Austin,73842.0,70286.0,144128.0,74112.0,71267.0,145379.0,123855.0,117373.0,241228.0,312700.0,300706.0,613406.0,262314.0,251986.0,514300.0,193396.0,199447.0,392843.0,125287.0,151303.0,276590.0
112,636,Harlingen-Wslco-Brnsvl-Mca,60321.0,58280.0,118601.0,59201.0,57627.0,116828.0,101874.0,98283.0,200157.0,167569.0,162133.0,329702.0,121846.0,129367.0,251213.0,88070.0,101502.0,189572.0,71860.0,90790.0,162650.0
113,637,Cedar Rapids-Wtrlo-Iwc&Dub,27709.0,27234.0,54943.0,28454.0,27136.0,55590.0,46852.0,44925.0,91777.0,111795.0,109453.0,221248.0,80620.0,78160.0,158780.0,85584.0,86912.0,172496.0,69136.0,84446.0,153582.0
114,638,St. Joseph,5119.0,4836.0,9955.0,5150.0,4581.0,9731.0,8528.0,8165.0,16693.0,18848.0,16203.0,35051.0,15487.0,13699.0,29186.0,16158.0,16049.0,32207.0,12173.0,15582.0,27755.0
115,639,"Jackson, Tn",7500.0,6924.0,14424.0,7573.0,7183.0,14756.0,13253.0,12741.0,25994.0,25214.0,26858.0,52072.0,21323.0,22505.0,43828.0,23905.0,26089.0,49994.0,19444.0,25241.0,44685.0
116,640,Memphis,228231.0,217627.0,445858.0,229872.0,222794.0,452666.0,395033.0,376146.0,771179.0,815989.0,803327.0,1619316.0,648457.0,674507.0,1322964.0,663980.0,719986.0,1383966.0,523830.0,667583.0,1191413.0
117,641,San Antonio,303644.0,289588.0,593232.0,318298.0,301089.0,619387.0,528016.0,513040.0,1041056.0,1037403.0,978757.0,2016160.0,871002.0,870523.0,1741525.0,743255.0,779320.0,1522575.0,535834.0,659314.0,1195148.0
118,642,"Lafayette, La",21347.0,20452.0,41799.0,21123.0,20142.0,41265.0,34406.0,33215.0,67621.0,70338.0,69973.0,140311.0,54342.0,56139.0,110481.0,55774.0,61136.0,116910.0,39075.0,49035.0,88110.0
119,643,Lake Charles,9653.0,9553.0,19206.0,9149.0,8955.0,18104.0,15446.0,14364.0,29810.0,32304.0,30180.0,62484.0,26290.0,24704.0,50994.0,24844.0,26557.0,51401.0,18202.0,22579.0,40781.0
120,644,"Alexandria, La",8405.0,8370.0,16775.0,8180.0,7273.0,15453.0,13334.0,13118.0,26452.0,32093.0,26370.0,58463.0,22562.0,21494.0,44056.0,21377.0,22704.0,44081.0,16225.0,20990.0,37215.0
121,647,Greenwood-Greenville,6534.0,5181.0,11715.0,5597.0,5522.0,11119.0,10103.0,9676.0,19779.0,21109.0,19398.0,40507.0,15528.0,15911.0,31439.0,15435.0,17804.0,33239.0,11879.0,16111.0,27990.0
122,648,Champaign&Sprngfld-Decatur,27707.0,26647.0,54354.0,28753.0,26316.0,55069.0,46336.0,45580.0,91916.0,118440.0,114384.0,232824.0,81868.0,82029.0,163897.0,89629.0,94610.0,184239.0,73170.0,93786.0,166956.0
123,649,Evansville,54724.0,52178.0,106902.0,57381.0,53717.0,111098.0,98197.0,94027.0,192224.0,193033.0,183954.0,376987.0,168016.0,167139.0,335155.0,182365.0,188049.0,370414.0,138292.0,170886.0,309178.0
124,650,Oklahoma City,113613.0,108849.0,222462.0,114914.0,112696.0,227610.0,188395.0,177172.0,365567.0,421909.0,405982.0,827891.0,315217.0,310238.0,625455.0,289943.0,305302.0,595245.0,216119.0,271727.0,487846.0
125,651,Lubbock,17042.0,15370.0,32412.0,16495.0,15949.0,32444.0,26926.0,26972.0,53898.0,70637.0,64086.0,134723.0,41300.0,39994.0,81294.0,36513.0,38199.0,74712.0,27288.0,34439.0,61727.0
126,652,Omaha,40830.0,38779.0,79609.0,41752.0,39954.0,81706.0,66603.0,62039.0,128642.0,131833.0,126344.0,258177.0,109611.0,107252.0,216863.0,105822.0,108881.0,214703.0,76211.0,94935.0,171146.0
127,656,Panama City,10797.0,10291.0,21088.0,10750.0,10664.0,21414.0,18589.0,17473.0,36062.0,46767.0,35926.0,82693.0,40774.0,33475.0,74249.0,41984.0,42222.0,84206.0,33949.0,39141.0,73090.0
128,657,Sherman-Ada,11581.0,10969.0,22550.0,11621.0,11199.0,22820.0,19346.0,18688.0,38034.0,37617.0,36885.0,74502.0,30301.0,31042.0,61343.0,32670.0,34883.0,67553.0,28564.0,35269.0,63833.0
129,658,Green Bay-Appleton,141515.0,134457.0,275972.0,148049.0,142009.0,290058.0,249158.0,235990.0,485148.0,546996.0,524720.0,1071716.0,440895.0,433918.0,874813.0,489462.0,500883.0,990345.0,365232.0,439571.0,804803.0
130,659,Nashville,158365.0,151278.0,309643.0,156033.0,152238.0,308271.0,261251.0,249214.0,510465.0,578603.0,571923.0,1150526.0,455358.0,471980.0,927338.0,436162.0,473167.0,909329.0,310252.0,395212.0,705464.0
131,661,San Angelo,90132.0,86696.0,176828.0,88569.0,86806.0,175375.0,153056.0,144099.0,297155.0,307294.0,287826.0,595120.0,211404.0,213650.0,425054.0,186758.0,199525.0,386283.0,152060.0,187196.0,339256.0
132,662,Abilene-Sweetwater,9943.0,9798.0,19741.0,10345.0,8941.0,19286.0,17261.0,16452.0,33713.0,41951.0,35303.0,77254.0,28197.0,25278.0,53475.0,27873.0,28210.0,56083.0,24240.0,29570.0,53810.0
133,669,Madison,29457.0,27615.0,57072.0,29671.0,29066.0,58737.0,51434.0,48073.0,99507.0,131110.0,122832.0,253942.0,96112.0,92740.0,188852.0,96929.0,99544.0,196473.0,72645.0,87311.0,159956.0
134,670,Ft. Smith-Fay-Sprngdl-Rgrs,30461.0,28510.0,58971.0,31121.0,29970.0,61091.0,50550.0,48300.0,98850.0,107785.0,103683.0,211468.0,85305.0,83784.0,169089.0,76418.0,79395.0,155813.0,57961.0,71480.0,129441.0
135,671,Tulsa,68972.0,65395.0,134367.0,71553.0,67641.0,139194.0,117218.0,112611.0,229829.0,241147.0,226840.0,467987.0,190967.0,189918.0,380885.0,195732.0,205435.0,401167.0,158741.0,194595.0,353336.0
136,673,Columbus-Tupelo-West Point,15051.0,15073.0,30124.0,15678.0,15728.0,31406.0,26364.0,25795.0,52159.0,57919.0,57043.0,114962.0,41723.0,45328.0,87051.0,44416.0,48681.0,93097.0,35594.0,47173.0,82767.0
137,675,Peoria-Bloomington,56105.0,53097.0,109202.0,57960.0,55754.0,113714.0,97305.0,92325.0,189630.0,194054.0,188567.0,382621.0,167083.0,164009.0,331092.0,169686.0,175150.0,344836.0,130834.0,164289.0,295123.0
138,676,Duluth-Superior,32393.0,30949.0,63342.0,36630.0,32758.0,69388.0,59477.0,57907.0,117384.0,118109.0,107747.0,225856.0,104315.0,99555.0,203870.0,121921.0,121686.0,243607.0,99248.0,112097.0,211345.0
139,678,Wichita-Hutchinson Plus,137055.0,129208.0,266263.0,144968.0,135831.0,280799.0,230233.0,222119.0,452352.0,485352.0,451030.0,936382.0,368657.0,359363.0,728020.0,378515.0,389425.0,767940.0,293516.0,359767.0,653283.0
140,679,Des Moines-Ames,38447.0,36818.0,75265.0,40134.0,37624.0,77758.0,63857.0,61117.0,124974.0,144429.0,134741.0,279170.0,110561.0,107970.0,218531.0,108748.0,110859.0,219607.0,82448.0,103145.0,185593.0
141,682,Davenport-R.Island-Moline,22743.0,21715.0,44458.0,23764.0,21760.0,45524.0,39840.0,39435.0,79275.0,77174.0,73903.0,151077.0,68296.0,66850.0,135146.0,76659.0,78134.0,154793.0,66224.0,80861.0,147085.0
142,686,Mobile-Pensacola (Ft Walt),46140.0,44257.0,90397.0,44174.0,43289.0,87463.0,77416.0,73682.0,151098.0,176358.0,162320.0,338678.0,131619.0,134872.0,266491.0,141904.0,153666.0,295570.0,113452.0,140744.0,254196.0
143,687,Bismarck-Mnt-Dcknsn(Wlstn),52550.0,48932.0,101482.0,49616.0,48100.0,97716.0,76621.0,73307.0,149928.0,209532.0,183200.0,392732.0,139339.0,127647.0,266986.0,140428.0,140402.0,280830.0,113713.0,130892.0,244605.0
144,691,Huntsville-Decatur (Flor),103988.0,100479.0,204467.0,104784.0,100020.0,204804.0,176803.0,172547.0,349350.0,387712.0,392150.0,779862.0,303098.0,321412.0,624510.0,319011.0,346765.0,665776.0,238166.0,310464.0,548630.0
145,692,Beaumont-Port Arthur,15709.0,14788.0,30497.0,15752.0,15138.0,30890.0,25323.0,24583.0,49906.0,56152.0,48397.0,104549.0,44661.0,41166.0,85827.0,44374.0,45139.0,89513.0,33102.0,40858.0,73960.0
146,693,Little Rock-Pine Bluff,45283.0,43105.0,88388.0,46300.0,44955.0,91255.0,77684.0,74663.0,152347.0,165305.0,163438.0,328743.0,131938.0,136903.0,268841.0,138378.0,147748.0,286126.0,114470.0,144219.0,258689.0
147,698,Montgomery-Selma,19369.0,18820.0,38189.0,20477.0,19383.0,39860.0,32070.0,30426.0,62496.0,70164.0,73103.0,143267.0,52514.0,59860.0,112374.0,57268.0,64829.0,122097.0,45141.0,60088.0,105229.0
148,702,La Crosse-Eau Claire,16436.0,15894.0,32330.0,17285.0,16502.0,33787.0,28876.0,27403.0,56279.0,67368.0,65438.0,132806.0,49164.0,45996.0,95160.0,56822.0,55619.0,112441.0,45650.0,52415.0,98065.0
149,705,Wausau-Rhinelander,11709.0,11252.0,22961.0,12578.0,12245.0,24823.0,22273.0,20667.0,42940.0,44648.0,41170.0,85818.0,38443.0,36667.0,75110.0,51465.0,50784.0,102249.0,43694.0,48743.0,92437.0
150,709,Tyler-Longview(Lfkn&Ncgd),25469.0,23770.0,49239.0,25169.0,25069.0,50238.0,43256.0,40634.0,83890.0,87120.0,84503.0,171623.0,66380.0,67315.0,133695.0,68946.0,72759.0,141705.0,60125.0,73647.0,133772.0
151,710,Hattiesburg-Laurel,9774.0,9635.0,19409.0,9669.0,8963.0,18632.0,17341.0,16610.0,33951.0,33556.0,36227.0,69783.0,26348.0,28297.0,54645.0,26761.0,28507.0,55268.0,20345.0,26503.0,46848.0
152,711,Meridian,5330.0,5337.0,10667.0,5668.0,5718.0,11386.0,9714.0,9536.0,19250.0,19710.0,19499.0,39209.0,14638.0,16072.0,30710.0,15740.0,18179.0,33919.0,13696.0,17976.0,31672.0
153,716,Baton Rouge,14150.0,13611.0,27761.0,14946.0,13988.0,28934.0,23833.0,23940.0,47773.0,46361.0,45401.0,91762.0,41752.0,42407.0,84159.0,39925.0,41366.0,81291.0,27721.0,34244.0,61965.0
154,717,Quincy-Hannibal-Keokuk,194401.0,185373.0,379774.0,186473.0,181175.0,367648.0,319734.0,307008.0,626742.0,773712.0,770014.0,1543726.0,609513.0,617623.0,1227136.0,575883.0,613729.0,1189612.0,413868.0,555860.0,969728.0
155,718,"Jackson, Ms",70237.0,67024.0,137261.0,72769.0,72054.0,144823.0,124441.0,118791.0,243232.0,241481.0,249701.0,491182.0,198260.0,215461.0,413721.0,199358.0,223286.0,422644.0,149253.0,196214.0,345467.0
156,722,Lincoln & Hastings-Krny,24543.0,22711.0,47254.0,24722.0,23100.0,47822.0,39987.0,38697.0,78684.0,91550.0,85879.0,177429.0,65525.0,62106.0,127631.0,67957.0,68241.0,136198.0,57465.0,69406.0,126871.0
157,724,Fargo,33267.0,31243.0,64510.0,32118.0,31383.0,63501.0,50725.0,47782.0,98507.0,126687.0,115426.0,242113.0,86618.0,81125.0,167743.0,95988.0,93685.0,189673.0,78488.0,91332.0,169820.0
158,725,Sioux Falls(Mitchell),54386.0,53503.0,107889.0,56390.0,54276.0,110666.0,85784.0,81586.0,167370.0,180815.0,166950.0,347765.0,138850.0,130157.0,269007.0,147149.0,146490.0,293639.0,119124.0,138821.0,257945.0
159,734,Jonesboro,7554.0,6711.0,14265.0,7140.0,7159.0,14299.0,12554.0,11447.0,24001.0,25883.0,25332.0,51215.0,20117.0,20325.0,40442.0,19099.0,20716.0,39815.0,15962.0,20651.0,36613.0
160,736,Bowling Green,7378.0,7172.0,14550.0,6945.0,6611.0,13556.0,12209.0,12114.0,24323.0,29287.0,28727.0,58014.0,20440.0,20942.0,41382.0,20668.0,21929.0,42597.0,15263.0,19023.0,34286.0
161,737,Mankato,10477.0,9498.0,19975.0,11461.0,10496.0,21957.0,17968.0,17003.0,34971.0,37508.0,35919.0,73427.0,28866.0,27865.0,56731.0,28779.0,29029.0,57808.0,21889.0,25459.0,47348.0
162,740,North Platte,68326.0,64582.0,132908.0,69007.0,65597.0,134604.0,111092.0,105236.0,216328.0,231047.0,220389.0,451436.0,180228.0,174537.0,354765.0,179171.0,182062.0,361233.0,138815.0,170261.0,309076.0
163,743,Anchorage,20642.0,19959.0,40601.0,20889.0,20102.0,40991.0,32217.0,29642.0,61859.0,75459.0,65511.0,140970.0,54703.0,51094.0,105797.0,55167.0,51655.0,106822.0,33079.0,34127.0,67206.0
164,744,Honolulu,45683.0,42495.0,88178.0,43219.0,41130.0,84349.0,66751.0,62968.0,129719.0,172219.0,151897.0,324116.0,134111.0,130926.0,265037.0,131604.0,135437.0,267041.0,118409.0,142789.0,261198.0
165,745,Fairbanks,4164.0,3907.0,8071.0,3729.0,3860.0,7589.0,5115.0,4770.0,9885.0,18977.0,13551.0,32528.0,9960.0,8700.0,18660.0,9118.0,8267.0,17385.0,5810.0,5438.0,11248.0
166,746,Biloxi-Gulfport,11716.0,10934.0,22650.0,12040.0,11536.0,23576.0,21068.0,19293.0,40361.0,41975.0,40926.0,82901.0,33731.0,36095.0,69826.0,34332.0,36808.0,71140.0,26025.0,30844.0,56869.0
167,747,Juneau,970.0,919.0,1889.0,1211.0,836.0,2047.0,1561.0,1538.0,3099.0,4210.0,3689.0,7899.0,3465.0,3473.0,6938.0,3579.0,3404.0,6983.0,2133.0,2411.0,4544.0
168,749,Laredo,13775.0,13036.0,26811.0,12912.0,12334.0,25246.0,21507.0,21569.0,43076.0,36467.0,35423.0,71890.0,26554.0,27988.0,54542.0,18552.0,21214.0,39766.0,12035.0,15724.0,27759.0
169,751,Denver,134403.0,129437.0,263840.0,142399.0,137013.0,279412.0,238683.0,225398.0,464081.0,596569.0,554309.0,1150878.0,483189.0,456968.0,940157.0,416764.0,426516.0,843280.0,288445.0,341197.0,629642.0
170,752,Colorado Springs-Pueblo,31792.0,30521.0,62313.0,32574.0,31658.0,64232.0,53992.0,51271.0,105263.0,138205.0,115239.0,253444.0,96195.0,90348.0,186543.0,91660.0,95774.0,187434.0,69422.0,82726.0,152148.0
171,753,Phoenix (Prescott),175768.0,167710.0,343478.0,181078.0,173746.0,354824.0,312286.0,300326.0,612612.0,677807.0,636392.0,1314199.0,535210.0,527397.0,1062607.0,494038.0,528232.0,1022270.0,446485.0,522432.0,968917.0
172,754,Butte-Bozeman,5314.0,4777.0,10091.0,5000.0,5262.0,10262.0,8682.0,7839.0,16521.0,28833.0,24069.0,52902.0,18617.0,16657.0,35274.0,18171.0,17816.0,35987.0,15329.0,15979.0,31308.0
173,755,Great Falls,6066.0,5566.0,11632.0,6032.0,5444.0,11476.0,8751.0,8395.0,17146.0,18988.0,17207.0,36195.0,13912.0,13412.0,27324.0,16190.0,16859.0,33049.0,14662.0,16545.0,31207.0
174,756,Billings,8810.0,8150.0,16960.0,9347.0,9366.0,18713.0,15883.0,14464.0,30347.0,29167.0,28801.0,57968.0,25689.0,25563.0,51252.0,28688.0,29980.0,58668.0,25788.0,29338.0,55126.0
175,757,Boise,26712.0,25512.0,52224.0,28483.0,28142.0,56625.0,51529.0,47830.0,99359.0,97881.0,91194.0,189075.0,83197.0,80634.0,163831.0,73965.0,76555.0,150520.0,59197.0,67514.0,126711.0
176,758,Idaho Fals-Pocatllo(Jcksn),15442.0,14492.0,29934.0,16194.0,15242.0,31436.0,25574.0,24079.0,49653.0,49751.0,47712.0,97463.0,36017.0,35176.0,71193.0,32165.0,31460.0,63625.0,25739.0,28394.0,54133.0
177,759,Cheyenne-Scottsbluff,4935.0,4740.0,9675.0,5112.0,4532.0,9644.0,8040.0,8192.0,16232.0,18435.0,16109.0,34544.0,13846.0,13260.0,27106.0,14481.0,14885.0,29366.0,12206.0,14395.0,26601.0
178,760,Twin Falls,7233.0,7003.0,14236.0,7907.0,7630.0,15537.0,13041.0,12452.0,25493.0,21422.0,20643.0,42065.0,18160.0,17413.0,35573.0,17269.0,17505.0,34774.0,14403.0,16206.0,30609.0
179,762,Missoula,8393.0,7963.0,16356.0,8705.0,7386.0,16091.0,15517.0,15479.0,30996.0,35046.0,33757.0,68803.0,28314.0,27567.0,55881.0,30842.0,33391.0,64233.0,30153.0,31816.0,61969.0
180,764,Rapid City,8482.0,7778.0,16260.0,9234.0,7912.0,17146.0,13979.0,14413.0,28392.0,30174.0,27277.0,57451.0,22826.0,21856.0,44682.0,26819.0,28093.0,54912.0,23987.0,26369.0,50356.0
181,765,El Paso (Las Cruces),56063.0,54019.0,110082.0,57144.0,55382.0,112526.0,100810.0,97403.0,198213.0,211955.0,194997.0,406952.0,148539.0,151954.0,300493.0,139383.0,156357.0,295740.0,116904.0,143467.0,260371.0
182,766,Helena,9337.0,8834.0,18171.0,9678.0,9445.0,19123.0,16613.0,14881.0,31494.0,30635.0,29161.0,59796.0,27165.0,27097.0,54262.0,34118.0,35286.0,69404.0,32960.0,34979.0,67939.0
183,767,Casper-Riverton,4845.0,4710.0,9555.0,4990.0,5097.0,10087.0,8315.0,7503.0,15818.0,15584.0,15099.0,30683.0,13413.0,13209.0,26622.0,14487.0,14135.0,28622.0,11688.0,13028.0,24716.0
184,770,Salt Lake City,133871.0,126876.0,260747.0,140686.0,135934.0,276620.0,226858.0,211771.0,438629.0,438544.0,419199.0,857743.0,326095.0,314021.0,640116.0,240269.0,243824.0,484093.0,175246.0,199441.0,374687.0
185,771,Yuma-El Centro,14851.0,14627.0,29478.0,13824.0,13704.0,27528.0,24829.0,23283.0,48112.0,55352.0,43103.0,98455.0,33921.0,31412.0,65333.0,29324.0,30535.0,59859.0,29745.0,34001.0,63746.0
186,773,Grand Junction-Montrose,5571.0,5309.0,10880.0,6080.0,5962.0,12042.0,9765.0,9300.0,19065.0,21371.0,20069.0,41440.0,16996.0,16937.0,33933.0,18569.0,19886.0,38455.0,18027.0,21400.0,39427.0
187,789,Tucson (Sierra Vista),34669.0,33377.0,68046.0,35164.0,35797.0,70961.0,60721.0,56422.0,117143.0,151270.0,140247.0,291517.0,101681.0,102007.0,203688.0,103646.0,114755.0,218401.0,110531.0,131225.0,241756.0
188,790,Albuquerque-Santa Fe,63396.0,60731.0,124127.0,67453.0,64937.0,132390.0,117822.0,112810.0,230632.0,248369.0,227722.0,476091.0,190897.0,190738.0,381635.0,200298.0,216242.0,416540.0,176507.0,208714.0,385221.0
189,798,Glendive,287.0,310.0,597.0,288.0,269.0,557.0,503.0,457.0,960.0,1043.0,866.0,1909.0,1070.0,746.0,1816.0,1049.0,1016.0,2065.0,1020.0,1062.0,2082.0
190,801,Eugene,15864.0,14759.0,30623.0,16881.0,14588.0,31469.0,27824.0,27449.0,55273.0,82388.0,78531.0,160919.0,54499.0,54471.0,108970.0,59170.0,65154.0,124324.0,61741.0,70788.0,132529.0
191,802,Eureka,4365.0,4416.0,8781.0,4664.0,4677.0,9341.0,7129.0,6697.0,13826.0,21388.0,20050.0,41438.0,16390.0,14083.0,30473.0,14853.0,15870.0,30723.0,13494.0,15717.0,29211.0
192,803,Los Angeles,766220.0,730344.0,1496564.0,759562.0,731752.0,1491314.0,1311141.0,1249875.0,2561016.0,3137758.0,3014463.0,6152221.0,2485296.0,2494827.0,4980123.0,2282823.0,2387614.0,4670437.0,1569135.0,1991137.0,3560272.0
193,807,San Francisco-Oak-San Jose,209391.0,199397.0,408788.0,214161.0,200662.0,414823.0,347951.0,336590.0,684541.0,908965.0,855090.0,1764055.0,793354.0,775789.0,1569143.0,707101.0,721357.0,1428458.0,511089.0,639461.0,1150550.0
194,810,Yakima-Pasco-Rchlnd-Knnwck,27440.0,26438.0,53878.0,28830.0,27883.0,56713.0,46446.0,44706.0,91152.0,92201.0,84728.0,176929.0,67864.0,64548.0,132412.0,62330.0,62549.0,124879.0,49300.0,56408.0,105708.0
195,811,Reno,20884.0,19936.0,40820.0,21405.0,20693.0,42098.0,36490.0,34288.0,70778.0,89367.0,76589.0,165956.0,69666.0,62960.0,132626.0,74670.0,73413.0,148083.0,63624.0,67917.0,131541.0
196,813,Medford-Klamath Falls,12058.0,11445.0,23503.0,12414.0,12575.0,24989.0,21671.0,19880.0,41551.0,43277.0,41461.0,84738.0,37283.0,37596.0,74879.0,44010.0,48269.0,92279.0,49525.0,56321.0,105846.0
197,819,Seattle-Tacoma,163690.0,155532.0,319222.0,164499.0,157011.0,321510.0,254592.0,244457.0,499049.0,686859.0,630383.0,1317242.0,554469.0,536364.0,1090833.0,508255.0,522035.0,1030290.0,373665.0,451576.0,825241.0
198,820,"Portland, Or",100722.0,95136.0,195858.0,105086.0,102261.0,207347.0,176216.0,166276.0,342492.0,397333.0,387132.0,784465.0,355565.0,350854.0,706419.0,318552.0,330547.0,649099.0,250399.0,302329.0,552728.0
199,821,"Bend, Or",4908.0,4749.0,9657.0,5679.0,5871.0,11550.0,9191.0,7977.0,17168.0,19647.0,19078.0,38725.0,19079.0,18952.0,38031.0,18169.0,20310.0,38479.0,18182.0,19957.0,38139.0
200,825,San Diego,105373.0,100381.0,205754.0,98100.0,93407.0,191507.0,163959.0,157030.0,320989.0,475100.0,413629.0,888729.0,330959.0,322361.0,653320.0,292380.0,303554.0,595934.0,208641.0,259096.0,467737.0
201,828,Monterey-Salinas,24640.0,23854.0,48494.0,25562.0,23821.0,49383.0,42369.0,41234.0,83603.0,99914.0,93558.0,193472.0,74322.0,68609.0,142931.0,68496.0,69529.0,138025.0,51334.0,60452.0,111786.0
202,839,Las Vegas,72037.0,69219.0,141256.0,73327.0,70533.0,143860.0,122869.0,117416.0,240285.0,266437.0,258370.0,524807.0,234272.0,231867.0,466139.0,207666.0,210579.0,418245.0,161279.0,183686.0,344965.0
203,855,Santabarbra-Sanmar-Sanluob,364897.0,348856.0,713753.0,364322.0,348052.0,712374.0,623214.0,594314.0,1217528.0,1546888.0,1491652.0,3038540.0,1201986.0,1200019.0,2402005.0,1071732.0,1127406.0,2199138.0,722880.0,933020.0,1655900.0
204,862,Sacramnto-Stkton-Modesto,126827.0,121335.0,248162.0,132607.0,128132.0,260739.0,223472.0,211798.0,435270.0,466023.0,450766.0,916789.0,369484.0,371037.0,740521.0,346003.0,368453.0,714456.0,260554.0,325367.0,585921.0
205,866,Fresno-Visalia,81132.0,76908.0,158040.0,83490.0,81099.0,164589.0,137656.0,131160.0,268816.0,266042.0,249459.0,515501.0,191100.0,184107.0,375207.0,160178.0,162800.0,322978.0,112091.0,134932.0,247023.0
206,868,Chico-Redding,15311.0,14215.0,29526.0,15816.0,14689.0,30505.0,25578.0,24648.0,50226.0,61236.0,58351.0,119587.0,42677.0,42437.0,85114.0,48549.0,51914.0,100463.0,46466.0,54354.0,100820.0
207,881,Spokane,36057.0,34554.0,70611.0,39546.0,36014.0,75560.0,61334.0,59531.0,120865.0,143429.0,135216.0,278645.0,105129.0,102876.0,208005.0,113453.0,119584.0,233037.0,102856.0,114921.0,217777.0
