,DMA Code,DMA Name,total_one_bed,total_one_bed_with_cash_rent,0_299,300_499,500_749,750_999,1000_1499,1500_more
0,500,Portland-Auburn,6267.883362177978,6128.511321812006,573.1545639830404,811.8950712851156,1130.4119054821354,1461.8952458406686,1878.656170191664,272.4983650293819
1,501,New York,88665.20874344019,87035.3842740802,5134.840209177508,4292.94229681435,4079.348447926447,7813.57915648329,28204.163614764664,37510.510548913946
2,502,Binghamton,4568.314919020308,4450.171824838581,412.79103091296037,711.3823299546706,2291.4413092618643,739.7545780278709,148.40091861150188,146.40165806971348
3,503,Macon,1948.3563480924586,1912.5613130942909,240.5487650071963,245.97247525991617,675.5575614814551,516.5256176453936,166.96273864757188,66.99415505275799
4,504,Philadelphia,29640.97527386072,29307.050555933085,2181.922530287191,1628.247922872521,3171.0008129279768,7781.865838118541,9879.462179241953,4664.551272484902
5,505,Detroit,31207.38911403004,30794.416879781238,3162.5674936365494,2548.954797759327,8188.647475898466,10314.663182175187,4775.205483120565,1804.3784471911436
6,506,Boston (Manchester),38799.22405387873,38183.2650766233,4100.31038258309,3839.0340834379676,2642.962265907614,3959.5327074824304,9092.558377650565,14548.867259561635
7,507,Savannah,17139.180942282714,16946.96268110413,1202.9429783267337,771.2310796536938,1257.2052404621381,3014.47271669262,7702.012560965028,2999.0981050039154
8,508,Pittsburgh,31840.56826779036,31423.45420725237,3034.2884535442035,3373.4049528877667,8765.018463863464,8650.045987373114,5752.954223873272,1847.742125710544
9,509,Ft. Wayne,6435.8965055869685,6368.538351613121,487.2521551651842,777.2039400382704,2314.1199292098504,1635.5193002835535,979.2718476890409,175.17117922722193
10,510,Cleveland-Akron (Canton),25874.46525995029,25425.38741888112,3387.9031549859155,2688.9416101477495,10193.52109628599,5701.411295074132,2384.4678488813474,1069.142413505988
11,511,"Washington, Dc (Hagrstwn)",21349.806826016043,21086.643100688594,848.250869361904,715.1992359321438,737.8521503071964,1261.4809683786757,7044.017219874291,10479.842656834386
12,512,Baltimore,19681.886042190603,19470.576663003616,1640.2444566167287,1251.0194313598704,1407.7626721244967,3544.0872711114953,8219.11927851184,3408.3435532791873
13,513,Flint-Saginaw-Bay City,5726.939759630939,5630.818324151775,731.5698622722132,827.1420227991808,2772.101292470769,894.7475049345919,199.5869735590507,205.67066811596885
14,514,Buffalo,35390.54538055087,34948.853496221345,3150.92132746237,2729.702452314034,6414.367001686341,9473.050436574855,8850.373070389107,4330.439207794641
15,515,Cincinnati,19637.870510307046,19389.01310633546,1648.9010850795512,2251.589416614295,8030.236239119785,4633.963891747437,2046.345869628539,777.9766041458536
16,516,Erie,6361.12954062927,6235.474802438815,741.3250795539932,1275.1344374234086,2744.9398112893546,912.8127316647588,396.7188856893587,164.54385681794113
17,517,Charlotte,16515.302157107486,16437.890613362368,438.5337955289769,501.4955371854935,1925.2246855689455,4196.841574913598,7680.234129364884,1695.5608908004697
18,518,Greensboro-H.Point-W.Salem,7804.535380859498,7681.521166659994,729.0536165023121,828.0850384322431,2586.521883922946,2540.2366254861954,857.2230802934198,140.40092202287894
19,519,"Charleston, Sc",6838.637533517301,6657.078340688783,298.6228862804504,229.73049105897852,783.5817941508715,1349.4359479088785,3150.6443818438506,845.0628394457532
20,520,Augusta-Aiken,4175.533170936422,4075.40905092876,278.7428035017206,359.1674454974316,853.5323809127098,1230.946367789475,1132.7534222081672,220.26663101925527
21,521,Providence-New Bedford,20565.895697918513,20123.073162095592,3547.5035997184627,2947.6883595634818,2939.4204548889365,5335.147487599463,4035.0551070600873,1318.2581532651614
22,522,"Columbus, Ga (Opelika, Al)",3272.65700072059,3244.8816608083466,175.3233251350684,455.6334208416359,1236.049514362751,955.1257988233742,372.04107533720577,50.70852630831114
23,523,Burlington-Plattsburgh,2646.9488948926346,2596.0061088425437,245.69304358082871,275.5395305470211,513.0204126108619,704.113755005982,627.5905828563726,230.04878424147788
24,524,Atlanta,14991.34413184485,14860.967710222616,819.4989079957926,575.9989464618867,1071.7632521105195,2946.231049496714,7274.603841729829,2172.8717124278737
25,525,"Albany, Ga",776.2819497185558,740.1435402141663,82.55345242310652,193.09854821182188,350.16059048340026,81.36046838178733,28.592708091673888,4.377772622376341
26,526,Utica,1495.3160605754924,1444.4310960078683,196.07299573802737,252.32376491059944,590.7951731268756,239.66706176077474,125.37613169243185,40.1959687791592
27,527,Indianapolis,17114.106408904387,16881.296954290636,1094.1960286643452,933.6024613564357,5482.1534470409515,6254.318593246976,2476.711662616431,640.3147613654992
28,528,Miami-Ft. Lauderdale,101432.97042709432,100074.07348222652,6689.690269912499,3991.5543343994777,5180.161004230841,18907.991431181184,43431.88633028848,21872.79011221405
29,529,Louisville,15315.3814460635,15169.152292651917,1813.3271615218596,1614.077487406377,4368.913962535558,4666.601962476846,2450.0001377493672,256.2315809619083
30,530,Tallahassee-Thomasville,5291.821846720993,5227.417184632375,178.11516052743787,409.5776445382536,1104.5861787239903,2275.0863919131143,1193.2768293877896,66.77497954178905
31,531,"Tri-Cities, Tn-Va",1877.0827815303135,1744.053946591636,211.2242585683139,433.9918027766302,772.6328491020197,243.199348913705,50.04632538936811,32.95936184159941
32,532,Albany-Schenectady-Troy,7482.8746317955065,7385.103987748701,607.6904535932129,605.9081601060197,1368.5809087778794,2300.1273307561432,1948.6402490190858,554.1568854963599
33,533,Hartford & New Haven,27866.38879342087,27368.381164271545,2624.0865022772073,2403.4468299391947,3034.711262819168,7276.231065822926,9343.534203422912,2686.371299990138
34,534,Orlando-Daytona Bch-Melbrn,20127.40873896504,19762.965718727417,564.9408712241801,739.6247071481188,2043.8861008930212,5284.624815202968,9309.292139648695,1820.597084610433
35,535,"Columbus, Oh",30424.253441579316,30129.758392968586,2216.562514256689,1461.697448250388,7751.8814156067665,9911.639243904312,7737.485987242217,1050.4917837082173
36,536,Youngstown,4351.7244364522985,4263.765366538199,662.3925033053451,1126.517930034388,2023.265810632987,258.98383775945206,82.08698794466063,110.51829686136594
37,537,Bangor,3169.4403795215985,3049.3634261271754,465.11035859806526,453.0835695200338,1003.8951881669013,887.2556525418325,165.06763343824076,74.95102386210175
38,538,"Rochester, Ny",125251.69449422199,122849.8429558254,6749.891061392602,5783.34924716185,6054.924635278056,10860.632077250108,33992.05282170524,59408.99311303753
39,539,Tampa-St. Pete (Sarasota),27055.979557906896,26682.972075571368,1333.9375206534921,1134.5500941063326,4073.6404660254466,8195.942381318659,9128.645947883137,2816.2556655843014
40,540,Traverse City-Cadillac,28145.375783196418,27728.674029252903,4128.593614994058,3249.842790613304,9252.546549169465,6804.027745051402,3165.0497714963703,1128.6135579283077
41,541,Lexington,4097.425831112089,4032.121693558623,286.0494255352012,353.44452243647095,1595.2299311987986,1329.4145429132009,358.8414750891938,109.14179638575774
42,542,Dayton,10050.182399257383,9925.26761151723,1290.420689740912,1653.434876589255,4618.879102226201,1595.5887629088136,512.807435310889,254.13674474116067
43,543,Springfield-Holyoke,13253.086360493431,13011.431161126755,2660.5158323753785,1985.0550593597764,1822.1243212600048,4118.9862226338755,1972.5071170174233,452.2426084802952
44,544,Norfolk-Portsmth-Newpt Nws,3972.196314614454,3933.699037041316,229.1248595461074,197.503693427664,324.90399976439994,1031.6859507595836,1510.1102829239783,640.370250619583
45,545,Greenville-N.Bern-Washngtn,2589.6681432641853,2541.717110562684,268.67579027914786,413.65189946913387,1137.2325604420992,480.63967353504535,230.14468088747424,11.37250594978346
46,546,"Columbia, Sc",5536.4725927532345,5438.662479579098,383.8511064252691,453.7348029511843,1193.2522943549145,2091.0823476486503,1184.060174336024,132.6817538630565
47,547,Toledo,8371.374149543866,8282.88172904766,1163.3290192400602,1428.9759447144304,3954.3128314434307,1351.9204118945445,305.1886653214729,79.1548564337208
48,548,West Palm Beach-Ft. Pierce,5496.277387754696,5325.377797385496,323.10400935202887,371.34047061364345,890.8667314573863,1499.3932263860206,1559.8643291567473,680.8090304196692
49,549,Watertown,7646.05949231347,7513.472598829781,553.2192487499785,563.2268362542571,1165.193068892231,2029.9484230562048,2582.152741448455,619.7322804286549
50,550,Wilmington,3776.8328598102057,3761.6551230967643,256.1575349848896,155.88626397951916,662.4859367480897,1280.8225770437525,1303.0796288810611,103.22318145945216
51,551,Lansing,6980.106658317374,6905.447016859038,608.6799884709528,594.4185073395261,2631.036673489483,2124.524279032204,838.4344636578975,108.35310486897413
52,552,Presque Isle,2715.0,2688.0,712.0,832.0,824.0,164.0,76.0,80.0
53,553,Marquette,1137.4680130557033,1110.0131263511382,181.24640049736013,284.8264561677837,411.3116507552244,183.27713226670934,23.81701291911775,25.534473744942797
54,554,Wheeling-Steubenville,976.1495883848802,938.8149517575997,259.43271000991325,277.0413523881066,319.6669611905744,55.98515476359069,20.87603211644675,5.812741288967977
55,555,Syracuse,10708.205132341147,10623.361371813824,1194.7603001802881,1257.0256869438695,3236.860785301305,3048.0022143727942,1470.8341327241067,415.8782522914589
56,556,Richmond-Petersburg,6034.7466274174485,5928.430835204721,246.47036218084293,154.93288026688984,433.22829538213523,883.6595599319098,1971.7527066287366,2238.3870308142064
57,557,Knoxville,5717.8203150077225,5607.645596650013,598.8546603237137,548.6556725807203,1839.1024721604174,1706.6728751885007,739.8504957032347,174.50942069342668
58,558,Lima,1610.241564438205,1532.439148245436,338.42775276524105,295.49567048526757,703.1806605868837,107.62745882985199,41.280812490060484,46.42679308813126
59,559,Bluefield-Beckley-Oak Hill,1347.4842986979525,1285.8215669461458,223.32740905383147,236.45975059944303,492.3340647336755,261.80781807492076,63.05947831731734,8.83304616695763
60,560,Raleigh-Durham (Fayetvlle),15196.966091204005,15022.275926691404,552.3793619709278,567.1662340559378,1342.7311279634039,4462.848188106152,7065.304749259925,1031.846265335057
61,561,Jacksonville,12820.947984176195,12542.976624375622,765.9927110152188,723.8295611715176,2306.0661449304484,4386.337903246532,3822.873271133062,537.8770328788438
62,563,Grand Rapids-Kalmzoo-B.Crk,8250.6344181052,8118.978614400694,727.8112259830357,775.8513197474323,2548.298687366196,2744.86394034037,1026.0592287471884,296.0942122164711
63,564,Charleston-Huntington,1506.755798167622,1446.891043011238,283.1855233109175,277.2739026041432,557.3605163153857,244.86891817484317,71.9128492124385,12.289333393509953
64,565,Elmira (Corning),2269.0513116087222,2218.81417828489,335.5941138991122,416.4515849129367,891.858812384202,318.4522555981254,200.147362111317,56.310049379197025
65,566,Harrisburg-Lncstr-Leb-York,9277.267467834958,9159.221879307599,587.5325317717663,709.0858545587544,2630.4063821775285,3138.517332646412,1601.6415620716982,492.0382160814396
66,567,Greenvll-Spart-Ashevll-And,10610.51089917235,10503.200720997107,473.89066975686467,533.777120443643,1531.1301722758026,2969.8467230298033,4218.140513730951,776.4155217600432
67,569,Harrisonburg,832.4591114365923,817.929183449286,117.50743317466129,77.44464787013304,286.08911265714636,182.95745148297328,107.07993409007689,46.85060417429513
68,570,Myrtle Beach-Florence,2336.0804518323025,2260.809420887663,207.10321018439367,330.4883402330087,577.0740536121574,764.1838523954752,341.8927420890152,40.06722237361276
69,571,Ft. Myers-Naples,67921.84649361094,66977.19397499388,5047.797005814657,2968.03587943963,4910.193268605676,13783.614463112248,26786.367503221194,13481.18585480048
70,573,Roanoke-Lynchburg,833.5984731899856,806.3665578971867,88.93850487087781,121.35369554995084,234.75381880619557,195.3777744529465,125.12285607755408,40.81990813966191
71,574,Johnstown-Altoona-St Colge,2873.608784059109,2805.7817855783946,364.3464604432643,496.41818257868306,797.9851444670223,591.9238927163362,489.9359012761456,65.1722040969428
72,575,Chattanooga,10980.784232105216,10785.779894454157,856.8822110878605,777.8157875483449,1740.5977814906487,2742.0362608214136,3330.1027254851706,1338.345128020719
73,576,Salisbury,1653.5967174492419,1609.1800618778645,303.0046532515215,275.32915774342126,486.6217664753763,309.5145746968729,167.05365681931525,67.65625289135718
74,577,Wilkes Barre-Scranton-Hztn,9662.801269049045,9518.219796699274,726.9895343381912,795.7344902508818,1884.8509873893656,2223.460800725361,2724.9743152325814,1162.2096687628934
75,581,Terre Haute,1479.609200527606,1419.0715792396709,210.66612909254997,255.79092549970363,611.1363578107562,225.9973058992529,53.93442040787991,61.546440529528304
76,582,"Lafayette, In",7586.0322628553895,7501.820239904553,284.7751649776977,610.1298385619588,2573.2215923998874,3087.265340574365,866.0440996648465,80.3842037257979
77,583,Alpena,483.2009941535529,474.9169649985835,188.5265408092307,119.17598578308909,100.42156231488397,35.306204445360194,4.3934890668864455,27.093182579133078
78,584,Charlottesville,1654.2535452263144,1609.8249884222582,44.64090964486801,52.711458307943545,138.74009310941574,317.37849708728396,862.730635922685,193.62339435006214
79,588,South Bend-Elkhart,17087.804827093794,16856.001630339524,1172.417619846065,1090.6582009300023,5871.891086875832,6173.669953229232,1942.5566871629774,604.808082295415
80,592,Gainesville,8122.385166928726,8046.719849797569,396.8781988496493,270.7449029119159,1934.060464616109,2904.014215171957,1976.8677271128754,564.154341135063
81,596,Zanesville,2363.0,2330.0,373.0,566.0,962.0,358.0,9.0,62.0
82,597,Parkersburg,1653.6785040214124,1513.1015250458697,321.689065572369,367.15748285227636,540.674242573704,254.02832415938337,27.968387686520536,1.5840222016164565
83,598,Clarksburg-Weston,678.4912523003071,632.1625127380095,127.99185887218691,146.72554208862294,200.2065181281005,124.10341583955146,28.11331509262819,5.021862716919436
84,600,Corpus Christi,8249.002406199836,8106.613262906889,607.8973310331505,527.1822350848913,1489.4982765281447,3510.7791091898516,1642.758384232647,328.49792683820345
85,602,Chicago,108579.94335771313,106978.30565276676,7671.193629717188,5770.743943108976,9958.74870589372,27180.419542723725,32562.697862860692,23834.501968462446
86,603,Joplin-Pittsburg,1450.9413225872463,1394.8277629984102,289.052975900011,337.4213043272939,497.7498229099438,226.78004942780234,27.16646307869095,16.657147354668094
87,604,Columbia-Jefferson City,2343.8721083692326,2286.3704960282876,157.6787312101065,354.33115241913396,977.2184400341973,409.6895341019448,347.37378918797776,40.07884907492717
88,605,Topeka,2779.486037396472,2731.398350905942,158.1358470415538,457.2805665031552,1244.0901878038815,614.433561701585,164.40690120352735,93.05128665223963
89,606,Dothan,893.6686622610084,857.8467498675999,167.53986583465735,256.44137941621193,297.5715881093279,119.74981771013225,12.502291095811554,4.041807701459087
90,609,St. Louis,14470.491936862745,14259.830413701284,820.2495155240852,1172.5341028956573,4470.66162856809,4579.97687461271,2399.1343709028106,817.2739211979303
91,610,Rockford,5117.91924699105,5017.55858879402,586.1584649213045,1044.8506347940884,2430.69429371121,438.3600131159346,309.0632800980695,208.43190215341357
92,611,Rochestr-Mason City-Austin,2685.5861598736483,2628.404166633374,222.85249521252655,294.28956290833355,720.5414199686251,553.2446924963845,523.1096604422853,314.3663356052192
93,612,Shreveport,2103.301133664155,2046.1125681261321,209.94091192896158,315.7378519086645,842.3972855496968,468.03022704601625,144.5258907622997,65.48040093049352
94,613,Minneapolis-St. Paul,26874.790411181653,26646.15600557337,2005.231367021928,1644.133589640718,1923.8916806044392,8273.803145355769,8759.871724732035,4039.2244982184834
95,616,Kansas City,15267.858034334186,15060.755949515775,755.8168283091414,997.0317980067983,2914.693664602977,5634.164072944596,3817.507370591849,941.542215060415
96,617,Milwaukee,24446.45584481791,24192.125019561972,2224.5528876475937,2149.0205018069905,7533.7784341073375,7474.428858082321,3453.252443156653,1357.0918947610778
97,618,Houston,168316.95135191065,166829.33779658985,4092.5283799127587,3670.5212763234563,26528.923138638227,61296.661628746,54451.731247787655,16788.97212518175
98,619,"Springfield, Mo",3365.2476678485195,3274.156573175709,188.2038653228622,584.9238356454048,1331.7582479727369,832.1344970322543,272.39757896367405,64.73854823877691
99,622,New Orleans,10534.810057138655,10334.830691222884,792.7071975321984,600.0563387813168,1949.264917712092,4203.461875070323,2093.6837338089504,695.6566283180025
100,623,Dallas-Ft. Worth,86708.73088027914,86139.89975164963,1866.5596474900015,1697.946681264423,8499.47109963891,29765.376046852158,34979.437425663935,9331.108850740195
101,624,Sioux City,4131.839783133659,4075.0312714627307,273.0338609579072,483.831596468783,1477.8934757249995,1157.2152534443362,522.7942966770826,160.26278818962206
102,625,Waco-Temple-Bryan,114155.35159136556,113140.02946706659,3050.8790894790513,2786.50084132441,17064.943260277752,41299.130295067254,37908.93748101944,11029.638499898678
103,626,Victoria,3013.0,2920.0,149.0,317.0,804.0,1167.0,483.0,0.0
104,627,Wichita Falls & Lawton,2195.0199766099663,2152.646936476092,182.13176623277838,297.8938296901296,1196.9856165555798,320.86264060167537,102.04863890922574,52.72444448670286
105,628,Monroe-El Dorado,1556.3702917157364,1510.1586771434636,137.68066147117057,366.1079449045741,666.7916932126057,226.53061846138667,73.44041804222894,39.60734105149805
106,630,Birmingham (Ann And Tusc),5635.030298757991,5518.492675862218,455.52035433218026,717.708446107737,1636.0412997030005,1456.3818290237602,1049.8862589286095,202.95448776693007
107,631,Ottumwa-Kirksville,528.9829448958276,518.5303746701005,104.21409378313945,198.17514372054825,157.26088967205402,31.35314989196042,16.076098136616245,11.450999465782152
108,632,Paducah-Cape Girard-Harsbg,1397.4045629758211,1354.1929750706274,236.83266153863917,295.61308618858106,535.2097048272996,210.23861589444758,45.08336733201444,31.21553928964567
109,633,Odessa-Midland,3487.7744979134986,3392.6476090781534,213.4480601916625,136.85083085470623,507.7600553970629,1001.5306475746575,1274.0910467736678,258.9669682863963
110,634,Amarillo,2370.6577460262074,2326.660649580812,116.3170457571556,190.7810745539527,1076.748547763565,739.4813142211734,131.86342090522587,71.46924637973939
111,635,Austin,49931.04336961536,49574.37108967238,945.0466017490637,726.2698410652811,1421.4472205110756,9596.442751197013,27514.269989698754,9370.894685451189
112,636,Harlingen-Wslco-Brnsvl-Mca,9562.675113956586,9060.241840752293,1461.092062455296,2277.404077377234,3290.0388866118274,1625.842179900535,371.6308814858814,34.233752921518814
113,637,Cedar Rapids-Wtrlo-Iwc&Dub,3603.9505457851906,3580.144472356277,286.1786362195294,529.7946348369029,1582.7165428614203,763.3686251673242,270.26712211145554,147.81891115964493
114,638,St. Joseph,2008.7314202443674,1989.874017611379,294.2576567151167,427.56702661634847,817.3635118135735,385.3256735044651,47.84263099552866,17.517517966346574
115,639,"Jackson, Tn",974.1196648667565,938.0373993399877,201.27530081016306,222.6674994811864,242.6008065008362,140.80835635780642,123.12124775689412,7.5641884331015286
116,640,Memphis,6373.682625419452,6300.479819995152,482.40305733870093,569.3292690697922,2079.693279676187,1980.3065210852048,1029.2711851719728,159.47650765329476
117,641,San Antonio,27628.068013329696,27340.581815180358,1242.5452578466718,1074.2601190755088,4054.903719669065,9495.498308470662,9954.458270931782,1518.9161391866705
118,642,"Lafayette, La",3164.5005498790592,3055.514915984745,446.9630880284651,359.76893702689375,805.9928309620658,1039.0567241058077,334.0893277295683,69.64400813194459
119,643,Lake Charles,3366.6003482660017,3249.4906041498643,492.66286018036516,403.4132341080724,1359.7154996700638,454.12788694185787,422.8151074125669,116.75601583693819
120,644,"Alexandria, La",1676.948617497268,1588.7270459184724,205.98293985443001,348.25380317119937,653.9838924513907,207.5959463081713,120.51871172601497,52.391752407266125
121,647,Greenwood-Greenville,666.1466596127153,630.6740050515393,162.73891278130475,217.67419846633447,179.26868159373794,51.15154049195622,3.333196805242679,16.507474912963342
122,648,Champaign&Sprngfld-Decatur,3919.986489404849,3874.3544337401436,310.3614571427067,540.8955296522009,1556.7965183222632,1074.585240004003,262.00002106915423,129.71566754981538
123,649,Evansville,1576.2568117569888,1544.2036090741292,167.1928751946494,268.565948817897,751.9907816941349,283.088865001293,49.21017970452141,24.15495866163362
124,650,Oklahoma City,17025.342875579194,16762.402762944515,1407.9208958866088,1275.6724337395692,7214.5920340111625,4650.4366798366145,1745.544105801897,468.2366136686639
125,651,Lubbock,8300.339504679443,8229.350516754737,267.0405254557416,541.3899768680631,2934.6768404745235,2986.2310604613654,1351.802491458161,148.2096220368838
126,652,Omaha,14931.574074202805,14775.927184002028,764.424101921543,724.324594255009,4288.430185272399,5610.731175152888,2881.5340427824403,506.48308461775076
127,656,Panama City,2291.6029679074954,2203.1170589762783,124.80048472258287,153.03412915412855,431.8258868335701,886.404852826615,551.5746839374544,55.477021501927176
128,657,Sherman-Ada,1622.8882997989363,1567.7997262110173,156.70696593323544,191.69527286209308,556.4706888930084,437.81970139889063,201.24967273660647,23.857424387183254
129,658,Green Bay-Appleton,16586.301234441682,16438.701318316536,1287.5025643379572,1350.627260369863,4661.503027527434,5072.5772795129415,3045.2302840373845,1021.2609025309549
130,659,Nashville,13695.778670808515,13519.320495636206,914.3271788470362,845.8387267798871,2678.6665399304215,3941.8415189183406,3873.1678821730434,1265.4786489874791
131,661,San Angelo,6878.882391377959,6615.194185057561,692.0529775526487,1236.8409992856161,2527.898937442773,1565.573752510886,517.8992171839583,74.92830108167983
132,662,Abilene-Sweetwater,2324.386588035563,2278.020647047185,108.65811744882916,286.2247560329587,978.1955693415283,650.1413349416969,154.90933489063764,99.89153439153439
133,669,Madison,16612.02346681596,16542.111358952192,610.7133890367941,554.40993397001,1937.8561376152122,5646.61247029439,6250.257163105607,1542.2622649301802
134,670,Ft. Smith-Fay-Sprngdl-Rgrs,4390.2873080048785,4304.037486309274,221.6648928534694,613.3771451629493,2011.9830297166457,987.9655960114069,410.3859354848919,58.660887079910886
135,671,Tulsa,9896.905765474554,9739.888083388512,679.4305643961239,686.9008802595448,4487.647299532695,2813.025408624123,759.9685612775986,312.91536929842675
136,673,Columbus-Tupelo-West Point,644.8244223563062,621.0737317064239,95.8939064133809,100.26112058197678,245.9169694405227,149.8262023817758,25.088814116517415,4.086718772250318
137,675,Peoria-Bloomington,5833.511245497441,5732.5073479038265,562.6380254306093,734.5785344730945,1498.1519093339555,1766.196189258631,842.1175517404987,328.8251376670377
138,676,Duluth-Superior,3089.866936848339,3045.034784348145,458.1305243604114,436.12477793287223,580.3520786188129,705.2855959506236,527.6169650473391,337.5248424380856
139,678,Wichita-Hutchinson Plus,8895.814340573004,8774.62299062506,422.9742041630447,938.2215104923112,2843.0852851098853,2657.2904753173716,1530.0946115814318,382.95690396101486
140,679,Des Moines-Ames,7577.781445984328,7449.694957566191,430.8737808007127,664.4604182579699,2266.558027873703,2508.5290033516867,1276.1997395202634,303.07398776185585
141,682,Davenport-R.Island-Moline,2819.5352277258576,2776.4609629791985,304.22688741651905,494.6103876898376,1342.0216014091093,433.98335397526665,123.30278811341532,78.31594437505117
142,686,Mobile-Pensacola (Ft Walt),5473.547856213353,5250.441154449815,499.54283091840176,652.644648232723,1694.4829721550002,1437.6664799955252,803.0016975617514,163.10252558641358
143,687,Bismarck-Mnt-Dcknsn(Wlstn),3156.1220495099,3122.245452098347,170.93499096318206,316.9157962795554,1205.9754575276074,988.4734073789709,319.6959216674412,120.24987828159024
144,691,Huntsville-Decatur (Flor),7326.071398730206,7156.371524655512,585.5498515277586,972.0884760728596,2261.6388096283563,1852.1184950312356,1267.9429022155807,217.03299017972114
145,692,Beaumont-Port Arthur,5924.231267010935,5772.997785622455,638.0964565659519,617.0677900512102,1927.0650468029119,1716.3845836325252,837.088751392048,37.29515717780807
146,693,Little Rock-Pine Bluff,4981.01015607143,4903.125786342682,332.6850688658149,525.7396182418615,2016.599832879925,1504.8657240389068,418.307220143395,104.928322172778
147,698,Montgomery-Selma,2692.0836583738565,2661.0276161485262,323.7427812135131,285.3779734792595,979.977641168093,750.5192602548148,234.0768790336032,87.33308099924301
148,702,La Crosse-Eau Claire,2143.0772481225526,2100.325618505602,184.67577576185485,255.79258934366018,958.0451657074392,541.051217042156,120.82019655248651,39.94067409800523
149,705,Wausau-Rhinelander,1794.9237954196146,1770.4918156195529,133.43911788823718,430.61613844216714,812.4402470773271,299.40536544054055,61.906702991903,32.68424377937796
150,709,Tyler-Longview(Lfkn&Ncgd),2677.0509329173656,2590.3424195393127,168.3007241919907,250.35313847063844,1030.9833804873836,797.4088845035477,256.468141572075,86.82815031367696
151,710,Hattiesburg-Laurel,970.8668200820001,948.7826895248813,150.65986011737277,132.4359943189431,373.8441327009138,213.80705174585307,62.38073130208752,15.654919339711123
152,711,Meridian,889.3827433503193,873.7397193645264,202.38197417610698,141.78010666636504,346.87503746896436,93.7954449050692,82.04681782448124,6.860338323539558
153,716,Baton Rouge,818.6220609236507,762.0855598437371,90.06008096401467,68.0681891678174,286.1505883463749,156.92565473450648,105.19283362249053,55.68821300853308
154,717,Quincy-Hannibal-Keokuk,206573.10351239124,203507.91728985912,14774.643200759601,10914.69400317177,18499.128097099692,51123.45442460035,61655.165809853046,46540.83175437467
155,718,"Jackson, Ms",2811.5802600155575,2771.656757629655,303.4980935528333,300.0506147848594,948.042394453972,883.0425491168296,248.86979297921604,88.15331274194503
156,722,Lincoln & Hastings-Krny,6909.4529545525,6885.412724814628,227.1604296599626,822.4976377867848,2638.93884664687,2024.2520363558428,908.749920810256,263.8138535549118
157,724,Fargo,2890.3707362529335,2865.5574931190613,174.91897010343752,287.8189838602946,1216.4786472490805,911.9925301270149,201.75729690812128,72.59106487111231
158,725,Sioux Falls(Mitchell),2559.2905973887605,2546.1272331064974,205.87975597720103,269.755706979626,1211.5965690888586,610.0248912519679,186.0954640763157,62.77484573252842
159,734,Jonesboro,1717.8181917063223,1615.2236755041922,155.506734647632,395.923367323816,756.1492136868343,203.20664400634487,38.22148198504419,66.21623385452074
160,736,Bowling Green,2351.4044414712207,2286.689626073421,257.2416749742029,299.43891337425885,1052.0230424821168,566.1972427724435,63.32851496231001,48.46023750808891
161,737,Mankato,1526.4599973736215,1515.8253682534903,224.09460727634945,191.5009016165039,562.5011066021389,328.29965056355036,142.18828250863982,67.24081968630792
162,740,North Platte,11316.356711811666,11215.199631188309,531.0236692427372,730.8351896345041,3487.8356528170993,4037.672277909557,2029.5408901471676,398.29195143724337
163,743,Anchorage,4291.193700974398,4205.153335601848,116.72726789379101,401.8031195613261,422.3647540257264,1850.281981617947,1188.7009673085852,225.27524519447192
164,744,Honolulu,19113.66340644587,18575.597162797836,1496.2122505878258,664.7574895853732,717.5186737745819,2074.481165621095,7206.569629722507,6416.057953506457
165,745,Fairbanks,3542.758442002164,3417.170159254408,31.9011066188334,303.5357895336257,792.3470379439287,1192.6184347892108,950.0654860201582,146.70230434865135
166,746,Biloxi-Gulfport,3988.154645911092,3907.6955349923633,251.926715724308,416.1287395561944,1630.0897411814667,1198.884303460442,376.42829607729436,34.23773899265768
167,747,Juneau,1348.9864367196624,1293.010449414653,18.260456899907183,160.49980538339472,99.06874457319081,193.72133896224437,751.2236593909997,70.23644420491631
168,749,Laredo,4476.534681241136,4294.944944480958,515.4111833685012,496.94776367221283,1905.9558960877234,1099.016472378844,277.613628973676,0.0
169,751,Denver,19209.007234500546,19045.325456271647,914.8137873554292,658.5510092337174,916.3329152164926,2752.819426245108,8956.894347766167,4845.91397045473
170,752,Colorado Springs-Pueblo,15372.777644735841,15223.975722208434,627.0264125049314,579.2214693432815,2637.592586147401,4979.955821617458,5160.263220342168,1239.9162122531955
171,753,Phoenix (Prescott),107232.15567890089,105824.86410800529,3241.4677201088166,3512.1534895711447,15610.024377754382,33233.47102761147,41662.496402036515,8565.251090922953
172,754,Butte-Bozeman,1939.0952507213601,1869.7450206659908,112.07972653305258,184.74655956744394,517.8972315370818,462.31456497439495,461.10260729418496,131.60433075983258
173,755,Great Falls,1326.7904825952662,1306.7135851549435,161.9374810300603,234.94971701313463,659.4055073826542,137.1778443006862,88.7759374869814,24.46709794142678
174,756,Billings,3009.0215649369966,2972.7430267719365,225.741037386605,414.6407481472768,1028.9282956330396,768.8529031186641,344.3305666461385,190.24947584021254
175,757,Boise,5649.271685284698,5599.043406950599,262.67878140860864,467.7105821588964,1397.759206531917,2111.18596043395,1133.6451353559692,226.0637410612576
176,758,Idaho Fals-Pocatllo(Jcksn),1306.9037834927296,1269.272453244162,85.20406756290934,262.4792155737891,600.2051947855887,180.0064865626502,67.97657490369544,73.4009138555293
177,759,Cheyenne-Scottsbluff,2014.9059398830043,1965.4636804032175,283.919898412201,139.60667371774784,697.4433301995196,545.8246304711166,180.9362791183537,117.7328684842787
178,760,Twin Falls,790.9657365334086,761.1245366564626,134.29379132267871,165.00266785013642,336.82135490475923,66.9094897799654,30.889160661061997,27.208072137860775
179,762,Missoula,3016.213079289534,2947.08360348552,187.7183078875955,288.6025629197433,1067.8231534475024,1018.8101129708044,297.1853344743883,86.94413178548591
180,764,Rapid City,1512.321657955639,1503.473058963815,200.4212608516376,192.77888848026925,603.9677636246792,324.1486075356892,137.2160669244685,44.94047154707113
181,765,El Paso (Las Cruces),10997.48542695608,10711.427787840847,1166.1120058039262,1501.0051692703,3956.9027913584664,2989.320877689496,947.2626686305977,150.82427508805927
182,766,Helena,716.9560509574032,693.2061875954514,76.78470528344197,94.00152097667316,323.19689308502166,119.20809896654788,65.45902888606417,14.555940397702607
183,767,Casper-Riverton,1390.6223417725853,1365.371477656174,139.94536730936395,116.60981636242924,617.0977118881885,356.0265634518114,135.69201864438102,0.0
184,770,Salt Lake City,13376.366992184863,13260.88232644739,584.2313733727216,739.9051240234829,1972.7578276648958,4448.949222162043,4697.945174614081,817.0936046101658
185,771,Yuma-El Centro,3811.4599514408515,3613.4950103309206,464.8624930256732,784.623210559704,1517.5013642929753,532.5399364603795,219.32266866406292,94.64533732812583
186,773,Grand Junction-Montrose,1999.0233658741458,1954.3544012046589,259.23033978344824,482.5710144333699,744.4468608188812,286.36550537281937,113.5806844838713,68.15999631226887
187,789,Tucson (Sierra Vista),36764.4304868627,36095.49791665291,1934.0772274645235,2081.707159318273,16555.37949768554,9922.535111497038,4131.544050739903,1470.2548699476356
188,790,Albuquerque-Santa Fe,9343.0798556439,9223.155031873126,545.9698919611895,610.1016744338583,3820.156016669803,2955.8839766033925,1104.346491906406,186.69698029847626
189,798,Glendive,127.40737031844583,127.40737031844583,4.418185459643501,96.48007210094133,0.0,26.509112757861008,0.0,0.0
190,801,Eugene,9090.184140212728,8776.852949898075,569.004333130986,1031.3250081120063,2739.8928081824915,2287.0952000211146,1646.025064158595,503.51053629288305
191,802,Eureka,5391.771144065986,5135.012863797598,278.46335313474935,456.7401170990213,1478.0900893200564,2036.1063293303132,818.3074062994145,67.30556861404334
192,803,Los Angeles,274358.7869863002,271120.38321569166,8836.25450178583,9549.787259382016,11397.79263322935,31870.222826260826,104358.63142298753,105107.69457204608
193,807,San Francisco-Oak-San Jose,56052.126281103956,55307.546589935424,1976.037311407347,2080.794682682426,1713.1390317017049,2905.9708270140068,10079.479782107548,36552.12495502239
194,810,Yakima-Pasco-Rchlnd-Knnwck,3859.5051309812575,3736.404398985534,363.48046775457044,471.70794462773927,1269.1388823346201,1103.7830250879433,380.1318468701082,148.1622323105528
195,811,Reno,11532.771924383316,11513.005084013981,464.8531565701419,491.72309680804256,2506.9452863908004,3764.9400028965624,3610.625407499911,673.9181338485206
196,813,Medford-Klamath Falls,3855.8497604877343,3752.231479393012,364.9563317216968,612.94493116116,941.1143048561252,1228.2646158312584,377.9107205466909,227.04057527608114
197,819,Seattle-Tacoma,62389.15024631773,61756.43314887495,2728.8963848045682,2041.764290249801,2391.230426952576,6089.439033332242,20948.759060011806,27556.34395352397
198,820,"Portland, Or",17901.905226488536,17671.76663676911,822.9893430331712,712.4644454642962,1368.8694907643303,3249.244071093366,7702.581805882257,3815.6174805316878
199,821,"Bend, Or",3694.0,3672.0,227.0,168.0,561.0,961.0,1383.0,372.0
200,825,San Diego,133053.0,131694.0,3565.0,3896.0,4213.0,12747.0,52627.0,54646.0
201,828,Monterey-Salinas,9748.59191943665,9499.879083332682,413.1194317006515,403.2658663477896,625.0898782587853,1280.0417171425072,3338.5441855739396,3439.8180043090083
202,839,Las Vegas,67035.19549982737,66504.96352887862,1463.2810142496985,2446.0575410046777,12536.124189919357,24387.579001534068,23374.179238334465,2297.742543836368
203,855,Santabarbra-Sanmar-Sanluob,487578.3413937305,481695.31267271837,15435.44433371711,17116.486207913775,20518.15217788606,60026.918671275336,193895.12102941578,174703.19025251025
204,862,Sacramnto-Stkton-Modesto,27198.34849884337,26869.993438510577,1199.3581065738424,1317.0814168532017,2936.066798945528,7513.734833507524,10526.749029308601,3377.003253321879
205,866,Fresno-Visalia,12577.91654914787,12257.00139853052,1083.2799307459381,1609.501128570273,3328.218628329063,3415.576558094568,2188.265171132381,632.1599816582966
206,868,Chico-Redding,4658.300861419376,4549.285475194725,317.54695190812043,385.99467496769915,1402.583394189923,1519.699218000895,771.4576564046637,152.00357972342374
207,881,Spokane,9153.621326691571,9022.318399335823,825.054191780822,829.8159792444998,3178.4732146118718,2662.6090743046902,1029.2355848899958,497.1303545039436
