,DMA Code,DMA Name,universe,0_9999,10000_14999,15000_19999,20000_24999,25000_29999,30000_34999,35000_39999,40000_44999,45000_49999,50000_59999,60000_74999,75000_99999,100000_124999,125000_149999,150000_199999,200000_more
0,500,Portland-Auburn,428888.0,20053.0,18398.0,18440.0,18546.0,18847.0,19373.0,18641.0,18811.0,17218.0,33408.0,44385.0,61808.0,43159.0,27031.0,26420.0,24350.0
1,501,New York,7792301.0,455655.0,309519.0,276768.0,274316.0,252472.0,265202.0,237094.0,247717.0,221751.0,455417.0,616136.0,896957.0,737879.0,567165.0,772581.0,1205672.0
2,502,Binghamton,139935.0,9258.0,8122.0,8036.0,7598.0,7412.0,6597.0,6323.0,6504.0,6216.0,10912.0,14431.0,18743.0,11335.0,6973.0,6652.0,4823.0
3,503,Macon,246612.0,25026.0,15857.0,14890.0,13420.0,15012.0,12103.0,10969.0,10690.0,9332.0,17808.0,21649.0,29403.0,19281.0,11992.0,10486.0,8694.0
4,504,Philadelphia,3077379.0,180952.0,109276.0,113220.0,118351.0,116530.0,121925.0,108667.0,113927.0,103322.0,207797.0,282027.0,390526.0,305272.0,216545.0,267329.0,321713.0
5,505,Detroit,3472241.0,205966.0,130150.0,140012.0,149949.0,152782.0,157825.0,144154.0,150907.0,132668.0,258957.0,341033.0,450681.0,330626.0,223917.0,248097.0,254517.0
6,506,Boston (Manchester),2551432.0,116264.0,92565.0,79476.0,78383.0,73341.0,80704.0,73182.0,77419.0,71312.0,146923.0,209307.0,310711.0,268078.0,206339.0,281175.0,386253.0
7,507,Savannah,2074659.0,135768.0,87433.0,90533.0,96495.0,95700.0,93507.0,87438.0,92229.0,81156.0,157045.0,205607.0,262533.0,186357.0,118097.0,129147.0,155614.0
8,508,Pittsburgh,1209090.0,74161.0,53485.0,58273.0,58244.0,56483.0,56162.0,52380.0,52423.0,46771.0,94400.0,119739.0,155287.0,111257.0,73231.0,74288.0,72506.0
9,509,Ft. Wayne,810464.0,36207.0,28443.0,34100.0,35171.0,34825.0,39413.0,34175.0,36408.0,35129.0,67586.0,92540.0,115561.0,77712.0,47424.0,49911.0,45859.0
10,510,Cleveland-Akron (Canton),1582195.0,111117.0,71778.0,73957.0,79161.0,75029.0,77072.0,71605.0,74850.0,66193.0,126996.0,163890.0,204279.0,135788.0,85943.0,83620.0,80917.0
11,511,"Washington, Dc (Hagrstwn)",3200614.0,124578.0,70127.0,73098.0,77162.0,80484.0,88789.0,85571.0,92127.0,85979.0,181382.0,265663.0,407922.0,352205.0,279465.0,388383.0,547679.0
12,512,Baltimore,1669267.0,82698.0,45956.0,50551.0,49688.0,52106.0,55025.0,53988.0,60209.0,53655.0,109912.0,151282.0,219386.0,182893.0,136312.0,171777.0,193829.0
13,513,Flint-Saginaw-Bay City,470747.0,35003.0,23782.0,23331.0,26913.0,25858.0,27584.0,24211.0,24520.0,22467.0,41488.0,49328.0,54399.0,34536.0,21388.0,20124.0,15815.0
14,514,Buffalo,3257619.0,222785.0,148488.0,150620.0,152901.0,148001.0,149701.0,138124.0,139329.0,124582.0,251088.0,314038.0,414442.0,293455.0,189763.0,208751.0,211551.0
15,515,Cincinnati,941288.0,56630.0,36121.0,39617.0,42108.0,39146.0,41206.0,37365.0,38965.0,33907.0,71446.0,92938.0,125785.0,93026.0,61142.0,66075.0,65811.0
16,516,Erie,162681.0,10403.0,7655.0,8757.0,9806.0,9311.0,8923.0,7696.0,7990.0,7187.0,13345.0,17876.0,21026.0,13367.0,7361.0,6552.0,5426.0
17,517,Charlotte,1257186.0,67773.0,54045.0,55892.0,55714.0,57297.0,60435.0,58064.0,57646.0,50134.0,101388.0,125264.0,162242.0,113516.0,69955.0,76112.0,91709.0
18,518,Greensboro-H.Point-W.Salem,726606.0,49931.0,38700.0,41063.0,38822.0,39061.0,40073.0,36830.0,37438.0,31652.0,58246.0,73526.0,90736.0,57181.0,32643.0,31044.0,29660.0
19,519,"Charleston, Sc",353691.0,23825.0,13451.0,14248.0,16488.0,15789.0,15578.0,15537.0,15503.0,13823.0,27297.0,35107.0,44154.0,32519.0,21507.0,22454.0,26411.0
20,520,Augusta-Aiken,2670119.0,198944.0,132703.0,130036.0,136882.0,134621.0,137500.0,123790.0,122879.0,112127.0,211507.0,274343.0,331362.0,221318.0,136583.0,137273.0,128251.0
21,521,Providence-New Bedford,635095.0,34499.0,30955.0,27131.0,25695.0,24728.0,24515.0,22511.0,24497.0,20229.0,41376.0,58247.0,84032.0,65801.0,48420.0,52675.0,49784.0
22,522,"Columbus, Ga (Opelika, Al)",223485.0,24373.0,12244.0,13419.0,12915.0,13151.0,11539.0,10009.0,9927.0,8419.0,16529.0,21527.0,24962.0,16513.0,9763.0,9597.0,8598.0
23,523,Burlington-Plattsburgh,367308.0,17669.0,17387.0,16078.0,16317.0,16699.0,16496.0,15217.0,15567.0,14214.0,29843.0,38600.0,51600.0,35683.0,22522.0,21837.0,21579.0
24,524,Atlanta,3689275.0,206853.0,131967.0,143149.0,154628.0,157205.0,161049.0,151260.0,155139.0,141303.0,278154.0,373640.0,483257.0,350510.0,237595.0,265192.0,298374.0
25,525,"Albany, Ga",151199.0,15981.0,11060.0,9890.0,10437.0,9387.0,8483.0,6669.0,7839.0,6690.0,12097.0,14103.0,15239.0,10300.0,5427.0,4173.0,3424.0
26,526,Utica,65043.0,3161.0,3163.0,3551.0,3050.0,3227.0,3066.0,2999.0,3310.0,2855.0,5520.0,6695.0,9483.0,5972.0,3566.0,3200.0,2225.0
27,527,Indianapolis,1192922.0,71762.0,46652.0,52269.0,56504.0,54936.0,58812.0,55378.0,55167.0,47496.0,99184.0,126927.0,156029.0,109585.0,68136.0,67617.0,66468.0
28,528,Miami-Ft. Lauderdale,1639936.0,122995.0,74929.0,76161.0,79302.0,77704.0,80258.0,70558.0,76134.0,66752.0,125011.0,158316.0,195141.0,133594.0,87872.0,97279.0,117930.0
29,529,Louisville,693773.0,40885.0,31019.0,31203.0,31627.0,33626.0,34869.0,31146.0,33705.0,29280.0,57843.0,73591.0,93094.0,62191.0,37638.0,38501.0,33555.0
30,530,Tallahassee-Thomasville,285883.0,29102.0,14672.0,16814.0,15356.0,16184.0,15913.0,13013.0,13273.0,11397.0,22555.0,28067.0,32690.0,21051.0,12995.0,11705.0,11096.0
31,531,"Tri-Cities, Tn-Va",316595.0,27291.0,21023.0,22330.0,21019.0,19316.0,18078.0,16521.0,17103.0,14054.0,24671.0,31774.0,35054.0,19764.0,10956.0,9524.0,8117.0
32,532,Albany-Schenectady-Troy,568640.0,26726.0,23095.0,23076.0,23733.0,23444.0,24900.0,20794.0,23092.0,22848.0,42916.0,56173.0,75738.0,59832.0,40176.0,43423.0,38674.0
33,533,Hartford & New Haven,1040367.0,53968.0,37652.0,35190.0,39165.0,36403.0,37922.0,37052.0,38629.0,33010.0,71743.0,96139.0,133908.0,107171.0,78784.0,97359.0,106272.0
34,534,Orlando-Daytona Bch-Melbrn,1598627.0,88817.0,62674.0,70983.0,76574.0,77717.0,83507.0,75984.0,80518.0,70489.0,136260.0,170211.0,206716.0,142445.0,84353.0,83683.0,87696.0
35,535,"Columbus, Oh",994269.0,58846.0,37046.0,40184.0,41724.0,43427.0,45300.0,44390.0,44369.0,39712.0,78460.0,103896.0,132020.0,93975.0,61644.0,65537.0,63739.0
36,536,Youngstown,273239.0,20426.0,15359.0,15892.0,17753.0,16220.0,15729.0,13905.0,13426.0,12169.0,23092.0,27210.0,33627.0,20676.0,11741.0,9002.0,7012.0
37,537,Bangor,147271.0,9453.0,8796.0,8340.0,9000.0,7200.0,8415.0,7097.0,7169.0,6049.0,13156.0,15559.0,18280.0,11162.0,6929.0,6017.0,4649.0
38,538,"Rochester, Ny",4259319.0,281381.0,198683.0,173548.0,170264.0,158086.0,161238.0,144445.0,151190.0,134930.0,268976.0,359505.0,502213.0,390326.0,280490.0,352249.0,531795.0
39,539,Tampa-St. Pete (Sarasota),1935134.0,113800.0,82882.0,90818.0,94665.0,100025.0,100219.0,94647.0,97438.0,85495.0,161614.0,195198.0,240142.0,158972.0,99472.0,104554.0,115193.0
40,540,Traverse City-Cadillac,1731468.0,141840.0,85189.0,85940.0,90450.0,88406.0,93139.0,83838.0,83840.0,73005.0,140785.0,174832.0,211740.0,133817.0,82819.0,82772.0,79056.0
41,541,Lexington,511466.0,46957.0,30709.0,28752.0,27877.0,27620.0,27247.0,23854.0,23616.0,20198.0,40213.0,49305.0,61822.0,39778.0,22673.0,20838.0,20007.0
42,542,Dayton,495461.0,31071.0,21291.0,23814.0,24822.0,22854.0,25386.0,23158.0,23134.0,20662.0,39772.0,54007.0,68117.0,42765.0,28645.0,26179.0,19784.0
43,543,Springfield-Holyoke,270889.0,17202.0,14503.0,13300.0,12270.0,11262.0,12860.0,11428.0,10666.0,10074.0,19292.0,25458.0,33017.0,25514.0,17312.0,19202.0,17529.0
44,544,Norfolk-Portsmth-Newpt Nws,1355608.0,72545.0,48829.0,52023.0,57513.0,53180.0,54455.0,52730.0,55318.0,55353.0,104787.0,135180.0,183270.0,137109.0,90141.0,102132.0,101043.0
45,545,Greenville-N.Bern-Washngtn,316394.0,23883.0,19155.0,17515.0,17032.0,19181.0,17653.0,18359.0,15597.0,13762.0,26898.0,31457.0,39439.0,22841.0,13578.0,11147.0,8897.0
46,546,"Columbia, Sc",428426.0,37874.0,20626.0,20523.0,22178.0,20933.0,23382.0,20213.0,19200.0,18866.0,34775.0,43665.0,52635.0,33121.0,20855.0,22018.0,17562.0
47,547,Toledo,434058.0,28643.0,20241.0,19634.0,22577.0,21906.0,24036.0,20482.0,21893.0,18820.0,36757.0,46964.0,55615.0,37986.0,21763.0,20450.0,16291.0
48,548,West Palm Beach-Ft. Pierce,1091652.0,61101.0,43831.0,46268.0,55078.0,56653.0,56038.0,53170.0,51863.0,49074.0,92971.0,113852.0,138694.0,93202.0,52751.0,57552.0,69554.0
49,549,Watertown,708118.0,35667.0,31300.0,28938.0,30288.0,30401.0,31241.0,27758.0,30729.0,27935.0,53815.0,69916.0,96002.0,70879.0,46572.0,50561.0,46116.0
50,550,Wilmington,215165.0,16833.0,10456.0,9448.0,12714.0,10393.0,10069.0,9205.0,10365.0,8624.0,17982.0,22135.0,26401.0,17450.0,11165.0,10300.0,11625.0
51,551,Lansing,269293.0,16539.0,10888.0,11374.0,13348.0,12509.0,13818.0,12099.0,12212.0,12318.0,22167.0,29771.0,36373.0,24029.0,14963.0,14843.0,12042.0
52,552,Presque Isle,29594.0,2256.0,2536.0,1910.0,2101.0,1725.0,1626.0,1646.0,1274.0,1453.0,2376.0,2951.0,3423.0,1833.0,920.0,837.0,727.0
53,553,Marquette,89826.0,6414.0,4990.0,5133.0,4957.0,5275.0,4810.0,5078.0,4221.0,4337.0,7930.0,9635.0,11604.0,6457.0,3724.0,2943.0,2318.0
54,554,Wheeling-Steubenville,131853.0,9871.0,7677.0,8109.0,8089.0,7456.0,7192.0,6494.0,6984.0,5892.0,11232.0,12836.0,16414.0,10116.0,5422.0,4712.0,3357.0
55,555,Syracuse,363356.0,23200.0,15560.0,17263.0,16030.0,15643.0,16063.0,16079.0,16148.0,14485.0,28382.0,37537.0,48217.0,34365.0,22623.0,22473.0,19288.0
56,556,Richmond-Petersburg,1250617.0,57615.0,40944.0,40448.0,42895.0,41865.0,47724.0,44423.0,45758.0,42882.0,90069.0,114567.0,159321.0,126819.0,92391.0,114912.0,147984.0
57,557,Knoxville,869815.0,67733.0,47889.0,46831.0,47996.0,46343.0,46197.0,42716.0,41665.0,37193.0,69334.0,89719.0,106449.0,68733.0,37296.0,37348.0,36373.0
58,558,Lima,73326.0,3942.0,2905.0,3076.0,4293.0,3338.0,3586.0,3589.0,3731.0,3048.0,5963.0,8804.0,10604.0,6951.0,3931.0,3337.0,2228.0
59,559,Bluefield-Beckley-Oak Hill,859421.0,73919.0,50862.0,55141.0,53707.0,48770.0,46057.0,43171.0,42254.0,37659.0,69347.0,83141.0,99151.0,61789.0,37538.0,31597.0,25318.0
60,560,Raleigh-Durham (Fayetvlle),1242329.0,71205.0,54556.0,50534.0,56869.0,55602.0,57610.0,54243.0,53984.0,50154.0,95811.0,121449.0,156325.0,115344.0,73589.0,82160.0,92894.0
61,561,Jacksonville,1317936.0,81894.0,55027.0,59325.0,68252.0,66592.0,66957.0,66300.0,63522.0,54852.0,110660.0,138235.0,166898.0,112887.0,68195.0,68687.0,69653.0
62,563,Grand Rapids-Kalmzoo-B.Crk,1142395.0,60141.0,42506.0,48735.0,57123.0,51711.0,55635.0,51886.0,54289.0,48703.0,95779.0,125695.0,158335.0,106443.0,66329.0,63413.0,55672.0
63,564,Charleston-Huntington,447236.0,47422.0,30212.0,28741.0,28284.0,25309.0,24357.0,21721.0,22214.0,18957.0,36005.0,42226.0,48373.0,30633.0,16495.0,14299.0,11988.0
64,565,Elmira (Corning),98271.0,5881.0,4735.0,4855.0,5628.0,5728.0,5041.0,4468.0,4557.0,4467.0,7900.0,10546.0,13287.0,8449.0,5159.0,4588.0,2982.0
65,566,Harrisburg-Lncstr-Leb-York,795432.0,32417.0,25031.0,28458.0,32133.0,32985.0,36179.0,32602.0,33194.0,32202.0,67715.0,89447.0,121883.0,85201.0,54327.0,50157.0,41501.0
66,567,Greenvll-Spart-Ashevll-And,4937757.0,311713.0,242716.0,241853.0,244548.0,248272.0,254376.0,235532.0,233701.0,208073.0,395151.0,497316.0,619305.0,418400.0,248823.0,256666.0,281312.0
67,569,Harrisonburg,64665.0,2594.0,2399.0,2613.0,3293.0,2395.0,2613.0,2982.0,3363.0,2930.0,5260.0,7898.0,10629.0,6739.0,3335.0,3319.0,2303.0
68,570,Myrtle Beach-Florence,305861.0,28428.0,18740.0,18655.0,20397.0,18656.0,16880.0,16001.0,15630.0,13130.0,25637.0,30661.0,32801.0,20514.0,11706.0,10039.0,7986.0
69,571,Ft. Myers-Naples,2395364.0,161730.0,100899.0,107133.0,111464.0,117601.0,117885.0,106474.0,109127.0,97803.0,192001.0,237409.0,296139.0,198730.0,126134.0,140832.0,174003.0
70,573,Roanoke-Lynchburg,340753.0,22193.0,17123.0,16979.0,18923.0,17697.0,16596.0,15630.0,15307.0,14218.0,29164.0,37213.0,44553.0,30143.0,16695.0,14529.0,13790.0
71,574,Johnstown-Altoona-St Colge,300840.0,19701.0,15299.0,16888.0,16356.0,15909.0,16624.0,15672.0,15196.0,12641.0,24228.0,32225.0,39135.0,25947.0,13631.0,11649.0,9739.0
72,575,Chattanooga,1645718.0,99664.0,74096.0,78963.0,77655.0,79462.0,84240.0,78654.0,76740.0,68750.0,133339.0,166809.0,210656.0,144915.0,88037.0,86043.0,97695.0
73,576,Salisbury,176968.0,9422.0,7426.0,7254.0,7872.0,8437.0,8782.0,7893.0,7838.0,6905.0,14230.0,18802.0,23860.0,16802.0,10854.0,10528.0,10063.0
74,577,Wilkes Barre-Scranton-Hztn,2369152.0,112760.0,90299.0,101998.0,103796.0,105799.0,107242.0,97503.0,99927.0,90232.0,181695.0,239380.0,324601.0,231683.0,149996.0,161633.0,170608.0
75,581,Terre Haute,148016.0,9648.0,7593.0,8129.0,8683.0,7996.0,7840.0,7609.0,7342.0,6734.0,13413.0,15720.0,19442.0,11425.0,6575.0,5889.0,3978.0
76,582,"Lafayette, In",75121.0,6657.0,3349.0,3643.0,5328.0,3527.0,4185.0,3126.0,3084.0,3435.0,5671.0,7803.0,8512.0,6475.0,3505.0,3679.0,3142.0
77,583,Alpena,17884.0,1432.0,1077.0,1322.0,1128.0,990.0,1094.0,1240.0,1153.0,867.0,1257.0,1699.0,2068.0,1008.0,802.0,431.0,316.0
78,584,Charlottesville,78863.0,2492.0,2160.0,2691.0,2789.0,2191.0,3169.0,2586.0,3043.0,2802.0,5856.0,8254.0,11537.0,8228.0,6037.0,7289.0,7739.0
79,588,South Bend-Elkhart,1213985.0,77034.0,52099.0,58165.0,60942.0,60971.0,65887.0,61299.0,61171.0,50753.0,105320.0,128864.0,159692.0,105341.0,62685.0,55878.0,47884.0
80,592,Gainesville,131884.0,13937.0,7275.0,7384.0,7924.0,6655.0,6215.0,6620.0,8178.0,4660.0,10670.0,12050.0,13831.0,8597.0,6107.0,5613.0,6168.0
81,596,Zanesville,33797.0,2664.0,1820.0,2107.0,1977.0,1992.0,1948.0,1775.0,1541.0,1650.0,2523.0,3845.0,4004.0,2216.0,1389.0,1372.0,974.0
82,597,Parkersburg,62814.0,4509.0,3436.0,3950.0,3373.0,3716.0,3363.0,3272.0,2732.0,2807.0,5079.0,6694.0,8105.0,4666.0,2696.0,2555.0,1861.0
83,598,Clarksburg-Weston,106478.0,8265.0,5998.0,6819.0,6622.0,5742.0,6223.0,5535.0,4979.0,5007.0,8593.0,10264.0,12619.0,8130.0,4658.0,4187.0,2837.0
84,600,Corpus Christi,210360.0,17172.0,11881.0,10223.0,10834.0,10615.0,10589.0,9151.0,9204.0,8650.0,17486.0,19489.0,25260.0,18261.0,11290.0,11272.0,8983.0
85,602,Chicago,4754444.0,275903.0,160620.0,172850.0,192626.0,176729.0,191289.0,170498.0,187749.0,161094.0,333066.0,454983.0,619612.0,486769.0,337346.0,388743.0,444567.0
86,603,Joplin-Pittsburg,250571.0,17585.0,15398.0,14400.0,15209.0,14424.0,15006.0,13405.0,13537.0,11098.0,22612.0,27636.0,30579.0,17499.0,9304.0,7162.0,5717.0
87,604,Columbia-Jefferson City,186806.0,11848.0,7890.0,8783.0,10204.0,8887.0,10095.0,8828.0,8998.0,8484.0,15549.0,20730.0,24597.0,16197.0,9905.0,7937.0,7874.0
88,605,Topeka,185284.0,10562.0,7164.0,8754.0,8964.0,9457.0,9423.0,9254.0,10372.0,8210.0,15477.0,22295.0,25155.0,16144.0,8896.0,8780.0,6377.0
89,606,Dothan,100464.0,8188.0,6280.0,6674.0,6054.0,4916.0,5144.0,5492.0,4789.0,4079.0,7452.0,9783.0,12172.0,7275.0,5009.0,4086.0,3071.0
90,609,St. Louis,2152945.0,127887.0,91382.0,97667.0,102738.0,100515.0,105652.0,96680.0,99635.0,88180.0,171377.0,220167.0,283380.0,196774.0,126048.0,124687.0,120176.0
91,610,Rockford,188909.0,11515.0,8471.0,9942.0,8942.0,9485.0,10111.0,8678.0,7880.0,7804.0,15709.0,20695.0,24066.0,17004.0,10680.0,10214.0,7713.0
92,611,Rochestr-Mason City-Austin,155840.0,6193.0,5779.0,6135.0,6574.0,5799.0,6891.0,6924.0,7348.0,6160.0,12756.0,16354.0,23254.0,15954.0,9349.0,10847.0,9523.0
93,612,Shreveport,572668.0,48220.0,36620.0,36333.0,40686.0,34030.0,30393.0,27335.0,25759.0,23857.0,46526.0,54283.0,63180.0,41764.0,23500.0,21380.0,18802.0
94,613,Minneapolis-St. Paul,3640970.0,148063.0,123335.0,119627.0,131530.0,130669.0,144634.0,138189.0,145284.0,136623.0,270548.0,367722.0,513826.0,389758.0,271658.0,297035.0,312469.0
95,616,Kansas City,1004203.0,49262.0,35919.0,39527.0,41684.0,42073.0,47115.0,41666.0,44386.0,39013.0,75171.0,104105.0,139912.0,99679.0,66381.0,70132.0,68178.0
96,617,Milwaukee,934203.0,49481.0,39476.0,38500.0,41983.0,39986.0,43034.0,38766.0,40702.0,36707.0,70318.0,96275.0,125986.0,91186.0,60598.0,64134.0,57071.0
97,618,Houston,2536769.0,139581.0,85817.0,95905.0,104439.0,107952.0,111029.0,97855.0,106933.0,93527.0,188247.0,241053.0,310064.0,237508.0,168014.0,198717.0,250128.0
98,619,"Springfield, Mo",635684.0,42062.0,33346.0,34470.0,37163.0,36420.0,35836.0,35659.0,33365.0,28086.0,56234.0,65674.0,77857.0,49358.0,26869.0,23960.0,19325.0
99,622,New Orleans,684250.0,57635.0,36422.0,37190.0,42749.0,35431.0,32260.0,28320.0,28054.0,25478.0,50312.0,62612.0,81775.0,55014.0,35596.0,39725.0,35677.0
100,623,Dallas-Ft. Worth,2864380.0,132865.0,88141.0,93276.0,106173.0,110997.0,121098.0,113945.0,120292.0,105821.0,219682.0,287840.0,378229.0,285814.0,200065.0,232550.0,267592.0
101,624,Sioux City,1433160.0,72166.0,58092.0,61310.0,63281.0,65120.0,68106.0,61607.0,67275.0,59966.0,120192.0,154329.0,206505.0,142147.0,84977.0,78382.0,69705.0
102,625,Waco-Temple-Bryan,5143183.0,309398.0,193472.0,198737.0,222735.0,225178.0,232971.0,210195.0,224644.0,195917.0,398221.0,507881.0,646491.0,477007.0,323713.0,358922.0,417701.0
103,626,Victoria,32520.0,1837.0,1449.0,1803.0,1619.0,1697.0,1277.0,1571.0,1257.0,1405.0,2606.0,3266.0,4145.0,3285.0,1718.0,2045.0,1540.0
104,627,Wichita Falls & Lawton,158113.0,11568.0,8685.0,8436.0,9167.0,7632.0,8245.0,8469.0,8038.0,7020.0,12888.0,16129.0,20326.0,13800.0,7092.0,5964.0,4654.0
105,628,Monroe-El Dorado,173023.0,20596.0,12334.0,11916.0,12101.0,9878.0,9513.0,8533.0,7599.0,7185.0,13089.0,14886.0,16249.0,11226.0,6304.0,6585.0,5029.0
106,630,Birmingham (Ann And Tusc),1545288.0,117642.0,86653.0,83712.0,81467.0,82083.0,79746.0,71362.0,70534.0,61842.0,122562.0,148764.0,183934.0,129026.0,77738.0,76881.0,71342.0
107,631,Ottumwa-Kirksville,47752.0,3666.0,3049.0,2726.0,2918.0,2950.0,2533.0,2349.0,2724.0,2158.0,4036.0,5107.0,5634.0,3456.0,1922.0,1395.0,1129.0
108,632,Paducah-Cape Girard-Harsbg,826535.0,70961.0,52442.0,47546.0,49989.0,44540.0,45138.0,40991.0,41759.0,36754.0,67153.0,83535.0,100455.0,58780.0,34480.0,28070.0,23942.0
109,633,Odessa-Midland,163344.0,10297.0,6194.0,5424.0,7853.0,6729.0,6983.0,6669.0,7073.0,5429.0,11716.0,15764.0,21534.0,15530.0,11010.0,13311.0,11828.0
110,634,Amarillo,195925.0,12217.0,8935.0,10566.0,10917.0,11356.0,11330.0,9260.0,10263.0,7874.0,16702.0,20443.0,24584.0,15929.0,9601.0,8714.0,7234.0
111,635,Austin,855075.0,38980.0,22711.0,22015.0,26555.0,28198.0,29995.0,29513.0,32808.0,29691.0,61152.0,82754.0,115010.0,92763.0,69545.0,79429.0,93956.0
112,636,Harlingen-Wslco-Brnsvl-Mca,393009.0,42869.0,29105.0,29224.0,26236.0,22451.0,22257.0,20502.0,17308.0,15943.0,30411.0,35707.0,37765.0,26188.0,14977.0,12561.0,9505.0
113,637,Cedar Rapids-Wtrlo-Iwc&Dub,367298.0,19851.0,13743.0,15196.0,15881.0,16165.0,17250.0,15807.0,17234.0,15252.0,29964.0,38782.0,53417.0,36587.0,22072.0,20613.0,19484.0
114,638,St. Joseph,61848.0,4539.0,4001.0,3893.0,3305.0,3560.0,3442.0,2924.0,2778.0,2676.0,5391.0,6387.0,7784.0,4711.0,2568.0,2223.0,1666.0
115,639,"Jackson, Tn",95846.0,8620.0,6260.0,5842.0,5657.0,5910.0,5089.0,4249.0,5175.0,4124.0,8381.0,9509.0,11142.0,7113.0,3514.0,2823.0,2438.0
116,640,Memphis,2756880.0,226554.0,167935.0,164293.0,164130.0,150877.0,156067.0,133025.0,134532.0,119419.0,222448.0,270624.0,315051.0,200625.0,115432.0,111051.0,104817.0
117,641,San Antonio,2933037.0,173419.0,115435.0,117372.0,124205.0,126298.0,125322.0,116586.0,118900.0,111269.0,222326.0,285730.0,374101.0,277947.0,195715.0,218154.0,230258.0
118,642,"Lafayette, La",226574.0,20885.0,12255.0,13338.0,14112.0,12970.0,10777.0,9632.0,10818.0,8902.0,16875.0,19025.0,27589.0,18034.0,11657.0,10462.0,9243.0
119,643,Lake Charles,103278.0,7440.0,4810.0,5991.0,7237.0,4822.0,5323.0,4839.0,4746.0,4228.0,7990.0,9506.0,12018.0,8496.0,5413.0,6024.0,4395.0
120,644,"Alexandria, La",88862.0,8090.0,5763.0,5535.0,5852.0,5281.0,4189.0,3703.0,4587.0,4307.0,6936.0,7490.0,9420.0,6636.0,4339.0,3597.0,3137.0
121,647,Greenwood-Greenville,65058.0,9645.0,5867.0,5344.0,4734.0,4396.0,3876.0,2956.0,2607.0,2262.0,4528.0,4816.0,5494.0,3174.0,1712.0,2120.0,1527.0
122,648,Champaign&Sprngfld-Decatur,391614.0,30002.0,18185.0,18400.0,19560.0,19181.0,19500.0,18082.0,18362.0,16589.0,30953.0,39793.0,50550.0,35516.0,19914.0,20213.0,16814.0
123,649,Evansville,702890.0,53704.0,39503.0,36777.0,38627.0,36282.0,37940.0,32664.0,34257.0,30833.0,57960.0,69240.0,90283.0,57358.0,34782.0,29092.0,23588.0
124,650,Oklahoma City,1259660.0,81140.0,54036.0,52512.0,68709.0,61640.0,60989.0,59528.0,59403.0,55660.0,101544.0,133901.0,161918.0,110598.0,66955.0,66953.0,64174.0
125,651,Lubbock,170451.0,14007.0,9685.0,8662.0,9183.0,9152.0,8617.0,7879.0,7238.0,7547.0,13265.0,16723.0,20697.0,14270.0,8312.0,7969.0,7245.0
126,652,Omaha,451736.0,21224.0,15934.0,16819.0,18113.0,18368.0,20508.0,18693.0,19240.0,18645.0,35213.0,48911.0,65415.0,46158.0,29737.0,31181.0,27577.0
127,656,Panama City,153489.0,10471.0,7803.0,7633.0,8157.0,8082.0,8162.0,7429.0,8358.0,6582.0,13336.0,16481.0,19895.0,11893.0,6447.0,6893.0,5867.0
128,657,Sherman-Ada,131709.0,8665.0,7188.0,7119.0,8418.0,7081.0,6993.0,7405.0,6088.0,5174.0,11547.0,13432.0,16483.0,10472.0,6090.0,5536.0,4018.0
129,658,Green Bay-Appleton,1972375.0,93035.0,82931.0,83518.0,88931.0,87964.0,90178.0,83333.0,89753.0,82573.0,157481.0,214751.0,275301.0,198179.0,121200.0,118732.0,104515.0
130,659,Nashville,1836187.0,115192.0,82838.0,82960.0,83980.0,85286.0,92490.0,85152.0,89026.0,78486.0,151414.0,192525.0,236450.0,162697.0,96912.0,98154.0,102625.0
131,661,San Angelo,799931.0,65037.0,44355.0,44911.0,45790.0,41015.0,41900.0,39947.0,36097.0,33500.0,63983.0,78925.0,93034.0,67284.0,38529.0,36628.0,28996.0
132,662,Abilene-Sweetwater,115014.0,7181.0,5967.0,6389.0,6700.0,6479.0,5764.0,6286.0,6116.0,5386.0,9490.0,11270.0,14413.0,9293.0,5434.0,5076.0,3770.0
133,669,Madison,419536.0,18082.0,15303.0,16088.0,16252.0,16817.0,17568.0,16839.0,16942.0,18305.0,33009.0,45714.0,60644.0,43784.0,28881.0,28922.0,26386.0
134,670,Ft. Smith-Fay-Sprngdl-Rgrs,333573.0,21137.0,15121.0,15884.0,18772.0,17996.0,18201.0,16834.0,15436.0,14779.0,29616.0,33001.0,41396.0,26378.0,16595.0,14770.0,17657.0
135,671,Tulsa,805769.0,53214.0,39849.0,42101.0,48538.0,45049.0,41284.0,38721.0,38072.0,36916.0,65773.0,82890.0,99588.0,65139.0,38277.0,36408.0,33950.0
136,673,Columbus-Tupelo-West Point,186341.0,18046.0,14282.0,13068.0,10960.0,9721.0,10017.0,8876.0,9618.0,8373.0,13867.0,17560.0,22642.0,12212.0,6635.0,5932.0,4532.0
137,675,Peoria-Bloomington,684601.0,41402.0,26924.0,27890.0,29905.0,29110.0,29633.0,28836.0,29966.0,25207.0,55284.0,68083.0,92764.0,66950.0,42182.0,47494.0,42971.0
138,676,Duluth-Superior,459340.0,21151.0,17404.0,18240.0,19519.0,18204.0,19016.0,17905.0,19104.0,18127.0,35674.0,47861.0,65016.0,49090.0,33635.0,30331.0,29063.0
139,678,Wichita-Hutchinson Plus,1600913.0,86891.0,65975.0,70688.0,73233.0,74650.0,83533.0,75184.0,78997.0,67217.0,130618.0,172466.0,214616.0,144937.0,91409.0,88773.0,81726.0
140,679,Des Moines-Ames,474551.0,22655.0,18685.0,19339.0,18867.0,20616.0,21716.0,19196.0,21173.0,18912.0,39242.0,51528.0,66430.0,48198.0,31600.0,29717.0,26677.0
141,682,Davenport-R.Island-Moline,311355.0,17736.0,13382.0,14734.0,15330.0,15434.0,15880.0,15125.0,15560.0,12597.0,26909.0,32548.0,42298.0,29081.0,17408.0,15306.0,12027.0
142,686,Mobile-Pensacola (Ft Walt),561334.0,38383.0,26158.0,27687.0,27184.0,29621.0,29118.0,27371.0,26393.0,23682.0,45524.0,56834.0,71148.0,47704.0,29568.0,28583.0,26376.0
143,687,Bismarck-Mnt-Dcknsn(Wlstn),639043.0,36658.0,26904.0,25770.0,28866.0,28650.0,28551.0,26184.0,27989.0,24988.0,53335.0,67009.0,87186.0,61407.0,40147.0,39510.0,35889.0
144,691,Huntsville-Decatur (Flor),1303235.0,104223.0,67290.0,71749.0,67675.0,67019.0,65975.0,58154.0,59211.0,52305.0,99689.0,126514.0,155580.0,105391.0,69903.0,68590.0,63967.0
145,692,Beaumont-Port Arthur,172728.0,13470.0,10194.0,8376.0,9572.0,8743.0,8055.0,8285.0,8600.0,6540.0,13775.0,15177.0,20308.0,15353.0,9075.0,9516.0,7689.0
146,693,Little Rock-Pine Bluff,576111.0,43170.0,32782.0,34118.0,35356.0,31270.0,33628.0,28161.0,29231.0,23157.0,45912.0,60073.0,65896.0,43044.0,24446.0,24140.0,21727.0
147,698,Montgomery-Selma,240821.0,23203.0,15854.0,14571.0,13627.0,13267.0,12301.0,10794.0,10735.0,9686.0,20085.0,22423.0,26577.0,19042.0,10575.0,9806.0,8275.0
148,702,La Crosse-Eau Claire,225818.0,9941.0,10706.0,10263.0,10704.0,10229.0,11214.0,10634.0,11263.0,9988.0,19328.0,26073.0,31816.0,22010.0,12616.0,10178.0,8855.0
149,705,Wausau-Rhinelander,193743.0,8436.0,8897.0,9006.0,9936.0,9377.0,10454.0,9458.0,9446.0,8464.0,17733.0,21192.0,28618.0,17600.0,9613.0,8253.0,7260.0
150,709,Tyler-Longview(Lfkn&Ncgd),271710.0,18423.0,14005.0,14374.0,15529.0,14835.0,14217.0,12408.0,13073.0,11628.0,23659.0,27380.0,32973.0,21267.0,13751.0,12535.0,11653.0
151,710,Hattiesburg-Laurel,111430.0,11254.0,8579.0,7278.0,7514.0,5862.0,6503.0,4405.0,5036.0,4717.0,8580.0,10705.0,11100.0,8191.0,4103.0,4067.0,3536.0
152,711,Meridian,68834.0,7439.0,6041.0,5232.0,5081.0,4343.0,3532.0,3116.0,3018.0,3134.0,4942.0,5433.0,7038.0,4896.0,1824.0,2129.0,1636.0
153,716,Baton Rouge,154100.0,11747.0,6922.0,7140.0,7858.0,8233.0,6356.0,6130.0,5860.0,6654.0,12243.0,12540.0,19185.0,15087.0,9993.0,10756.0,7396.0
154,717,Quincy-Hannibal-Keokuk,2449152.0,169737.0,97931.0,100697.0,111694.0,99706.0,104883.0,92266.0,99400.0,83380.0,172496.0,230456.0,304177.0,225276.0,156384.0,180907.0,219762.0
155,718,"Jackson, Ms",824983.0,74999.0,50864.0,50028.0,46434.0,46123.0,45903.0,36771.0,40773.0,34810.0,63012.0,78105.0,93408.0,58857.0,35876.0,35972.0,33048.0
156,722,Lincoln & Hastings-Krny,301804.0,15510.0,11820.0,13235.0,14281.0,14272.0,16122.0,13818.0,14264.0,13616.0,26239.0,34075.0,41235.0,28736.0,16327.0,15438.0,12816.0
157,724,Fargo,417483.0,21968.0,18376.0,17670.0,18223.0,17451.0,19033.0,17496.0,18056.0,16943.0,35016.0,43159.0,60064.0,41968.0,26543.0,24129.0,21388.0
158,725,Sioux Falls(Mitchell),617641.0,31650.0,25124.0,25238.0,27015.0,27079.0,34082.0,27628.0,29384.0,26901.0,52166.0,66883.0,91536.0,59966.0,34546.0,31516.0,26927.0
159,734,Jonesboro,87459.0,6971.0,5384.0,5235.0,5631.0,5514.0,5135.0,5045.0,3990.0,3890.0,7602.0,8700.0,10018.0,6201.0,3256.0,2365.0,2522.0
160,736,Bowling Green,88566.0,7062.0,5726.0,4684.0,5187.0,5056.0,4589.0,4940.0,4884.0,3851.0,7360.0,8962.0,10386.0,6124.0,3757.0,2995.0,3003.0
161,737,Mankato,119785.0,4804.0,4787.0,4292.0,4963.0,4554.0,5345.0,5234.0,5021.0,4728.0,9392.0,12469.0,17194.0,14290.0,8497.0,8332.0,5883.0
162,740,North Platte,782023.0,39187.0,29573.0,30841.0,33507.0,34130.0,37769.0,34915.0,35068.0,34041.0,64125.0,86572.0,110545.0,77236.0,46846.0,47417.0,40251.0
163,743,Anchorage,191777.0,7839.0,5723.0,6393.0,6016.0,6214.0,6880.0,6405.0,6479.0,6148.0,13096.0,21443.0,26591.0,21476.0,15193.0,18679.0,17202.0
164,744,Honolulu,467626.0,22746.0,12622.0,11638.0,13870.0,13560.0,15831.0,14391.0,16851.0,14319.0,29546.0,45610.0,63987.0,52742.0,38320.0,48924.0,52669.0
165,745,Fairbanks,38486.0,1181.0,993.0,869.0,1216.0,1108.0,1540.0,1418.0,1633.0,1398.0,3098.0,4442.0,5519.0,4278.0,3172.0,3490.0,3131.0
166,746,Biloxi-Gulfport,140279.0,10415.0,8046.0,8630.0,7551.0,8087.0,6757.0,6072.0,7168.0,6550.0,11748.0,14078.0,17479.0,10892.0,6316.0,5740.0,4750.0
167,747,Juneau,13289.0,441.0,377.0,329.0,280.0,252.0,336.0,394.0,304.0,332.0,827.0,1665.0,2293.0,1621.0,1116.0,1414.0,1308.0
168,749,Laredo,81071.0,7937.0,5077.0,4832.0,4831.0,4331.0,3952.0,3801.0,2868.0,3374.0,6644.0,8105.0,9179.0,6777.0,3860.0,2702.0,2801.0
169,751,Denver,1719948.0,75114.0,49239.0,50681.0,54849.0,56179.0,62192.0,60735.0,62812.0,57826.0,123805.0,168801.0,233591.0,189657.0,133809.0,159617.0,181041.0
170,752,Colorado Springs-Pueblo,381416.0,20839.0,15351.0,15293.0,16183.0,15035.0,17972.0,16119.0,15782.0,15433.0,30772.0,41185.0,51265.0,37969.0,23211.0,25806.0,23201.0
171,753,Phoenix (Prescott),2069393.0,113831.0,70066.0,77066.0,88946.0,87139.0,92404.0,89944.0,95432.0,85164.0,169063.0,219815.0,277215.0,195756.0,129090.0,133796.0,144666.0
172,754,Butte-Bozeman,79252.0,4831.0,3722.0,3043.0,3755.0,3625.0,3498.0,3254.0,3416.0,2863.0,7662.0,7612.0,10652.0,7469.0,4476.0,4738.0,4636.0
173,755,Great Falls,68148.0,4694.0,3934.0,3391.0,4112.0,3840.0,4003.0,3367.0,3536.0,3125.0,5898.0,7177.0,8317.0,5313.0,2614.0,2666.0,2161.0
174,756,Billings,120524.0,5856.0,4695.0,5571.0,5700.0,6351.0,6023.0,5260.0,5215.0,5423.0,9804.0,13665.0,16106.0,11494.0,6506.0,6537.0,6318.0
175,757,Boise,310134.0,15291.0,10654.0,11619.0,13072.0,12787.0,15688.0,13887.0,14909.0,12955.0,27598.0,37546.0,41685.0,30743.0,16947.0,16179.0,18574.0
176,758,Idaho Fals-Pocatllo(Jcksn),139850.0,6774.0,5845.0,7076.0,7719.0,6368.0,6515.0,6544.0,6439.0,6215.0,12549.0,15356.0,18633.0,12817.0,7403.0,7145.0,6452.0
177,759,Cheyenne-Scottsbluff,62062.0,3386.0,2683.0,2564.0,2232.0,3135.0,2380.0,2427.0,2825.0,2597.0,5192.0,7174.0,8885.0,6383.0,4182.0,3309.0,2708.0
178,760,Twin Falls,70787.0,3309.0,3410.0,3414.0,3833.0,3577.0,3914.0,3453.0,3790.0,3293.0,6946.0,8970.0,8714.0,5786.0,3161.0,2820.0,2397.0
179,762,Missoula,127879.0,7279.0,6506.0,5861.0,6442.0,7058.0,6711.0,6017.0,6536.0,5740.0,10797.0,14767.0,15776.0,9828.0,6276.0,6698.0,5587.0
180,764,Rapid City,105662.0,6366.0,4780.0,4778.0,5395.0,5149.0,5481.0,4734.0,5796.0,4721.0,8429.0,10877.0,14456.0,9770.0,5638.0,4730.0,4562.0
181,765,El Paso (Las Cruces),590305.0,49198.0,32702.0,34775.0,33715.0,31261.0,30572.0,28105.0,28195.0,24184.0,49725.0,58436.0,67486.0,47330.0,26302.0,26650.0,21669.0
182,766,Helena,132169.0,7928.0,6812.0,6338.0,6542.0,7201.0,7155.0,5694.0,6375.0,6237.0,11289.0,14262.0,16366.0,11596.0,6948.0,6278.0,5148.0
183,767,Casper-Riverton,58815.0,3046.0,2250.0,2640.0,2153.0,2988.0,2764.0,2616.0,3032.0,2676.0,5298.0,5855.0,8408.0,5638.0,3677.0,3016.0,2758.0
184,770,Salt Lake City,1069265.0,39101.0,29631.0,30461.0,36019.0,38862.0,38852.0,39199.0,44828.0,41399.0,82345.0,121193.0,165307.0,123640.0,82532.0,82823.0,73073.0
185,771,Yuma-El Centro,120392.0,9573.0,7504.0,7785.0,7542.0,6546.0,6204.0,6491.0,5455.0,5337.0,9744.0,10916.0,15996.0,9001.0,5002.0,4348.0,2948.0
186,773,Grand Junction-Montrose,77233.0,4644.0,3536.0,4128.0,3969.0,3374.0,3610.0,4057.0,3573.0,3865.0,5572.0,8779.0,11161.0,6500.0,4043.0,3678.0,2744.0
187,789,Tucson (Sierra Vista),477908.0,32636.0,23304.0,24192.0,25615.0,23578.0,24202.0,23692.0,23008.0,20791.0,39113.0,47809.0,60109.0,38007.0,24892.0,24232.0,22728.0
188,790,Albuquerque-Santa Fe,814214.0,67893.0,44583.0,42955.0,46582.0,42778.0,42406.0,37555.0,37271.0,34094.0,64169.0,79371.0,95777.0,65137.0,39270.0,40218.0,34155.0
189,798,Glendive,4394.0,153.0,298.0,140.0,169.0,257.0,385.0,213.0,251.0,278.0,365.0,590.0,447.0,414.0,126.0,143.0,165.0
190,801,Eugene,264825.0,18429.0,13066.0,13533.0,14227.0,13263.0,13593.0,13572.0,11325.0,11231.0,21103.0,27143.0,33996.0,22045.0,13715.0,12582.0,12002.0
191,802,Eureka,63925.0,4345.0,4818.0,3474.0,3739.0,4178.0,3225.0,3248.0,2908.0,2351.0,4279.0,6179.0,7300.0,4937.0,3209.0,2929.0,2806.0
192,803,Los Angeles,8310944.0,399284.0,324167.0,271680.0,298813.0,284084.0,299768.0,275742.0,289813.0,257265.0,532627.0,733701.0,1026812.0,826511.0,602075.0,776569.0,1112033.0
193,807,San Francisco-Oak-San Jose,2634293.0,93594.0,80990.0,62470.0,64017.0,62363.0,66778.0,59662.0,65130.0,58474.0,125945.0,179946.0,280399.0,250387.0,209159.0,327077.0,647902.0
194,810,Yakima-Pasco-Rchlnd-Knnwck,256952.0,12687.0,10413.0,11035.0,11139.0,10771.0,11546.0,11617.0,12832.0,10655.0,22378.0,28635.0,34865.0,24679.0,14567.0,16004.0,13129.0
195,811,Reno,291053.0,12582.0,10426.0,10811.0,13270.0,12212.0,12571.0,11643.0,12871.0,12139.0,24724.0,30901.0,41040.0,29554.0,17962.0,19405.0,18942.0
196,813,Medford-Klamath Falls,188190.0,13357.0,9460.0,10697.0,11038.0,9532.0,9616.0,9350.0,9163.0,7732.0,16635.0,19989.0,23051.0,14566.0,8461.0,8102.0,7441.0
197,819,Seattle-Tacoma,2118555.0,87560.0,59251.0,58464.0,63760.0,62881.0,67788.0,68319.0,72488.0,69034.0,146625.0,200676.0,286922.0,231777.0,173257.0,207580.0,262173.0
198,820,"Portland, Or",1324415.0,61454.0,43282.0,43638.0,49502.0,50406.0,53564.0,50371.0,52567.0,50201.0,100658.0,136822.0,180090.0,140931.0,94911.0,106860.0,109158.0
199,821,"Bend, Or",77040.0,3398.0,2598.0,2125.0,2878.0,3484.0,3088.0,3314.0,3437.0,3099.0,5742.0,8963.0,10940.0,8152.0,4356.0,5605.0,5861.0
200,825,San Diego,1130703.0,46664.0,35675.0,33169.0,37182.0,38509.0,38817.0,36954.0,38388.0,34530.0,76023.0,103138.0,143354.0,119642.0,88653.0,114636.0,145369.0
201,828,Monterey-Salinas,242667.0,8822.0,6947.0,7312.0,8461.0,7529.0,8576.0,8402.0,8303.0,7841.0,16385.0,21693.0,33678.0,24339.0,17801.0,24234.0,32344.0
202,839,Las Vegas,830282.0,53023.0,28701.0,34098.0,36553.0,36607.0,41378.0,38468.0,39352.0,35795.0,66698.0,86676.0,112540.0,77840.0,46028.0,49325.0,47200.0
203,855,Santabarbra-Sanmar-Sanluob,3966465.0,213050.0,179332.0,150256.0,160803.0,150483.0,157383.0,146870.0,150046.0,135266.0,271775.0,366762.0,491988.0,383969.0,266294.0,323393.0,418795.0
204,862,Sacramnto-Stkton-Modesto,1345352.0,64509.0,55543.0,48264.0,52389.0,52052.0,55284.0,51263.0,50739.0,47884.0,100523.0,131076.0,176257.0,138199.0,93153.0,113478.0,114739.0
205,866,Fresno-Visalia,626376.0,38674.0,32747.0,29212.0,34249.0,30631.0,31313.0,27433.0,30904.0,25680.0,46878.0,64984.0,78848.0,54419.0,33510.0,35761.0,31133.0
206,868,Chico-Redding,199091.0,12363.0,13015.0,10949.0,10841.0,10355.0,9614.0,9099.0,8481.0,8472.0,14494.0,19355.0,24724.0,15701.0,10030.0,11228.0,10370.0
207,881,Spokane,476194.0,29296.0,21153.0,21671.0,24244.0,24386.0,24138.0,22861.0,24002.0,20826.0,39719.0,50847.0,62287.0,41069.0,24430.0,24583.0,20682.0
