,DMA Code,DMA Name,universe,only_english,total_spanish,spanish_and_english_very_well,spanish_and_english_less_than_very_well,total_french_haitan_or_cajun,french_haitan_or_cajun_and_english_very_well,french_haitan_or_cajun_and_english_less_than_very_well,total_german_or_other_west_germanic,german_or_other_west_germanic_and_english_very_well,german_or_other_west_germanic_and_english_less_than_very_well,total_russian_polish_or_other_slavic,russian_polish_or_other_slavic_and_english_very_well,russian_polish_or_other_slavic_and_english_less_than_very_well,total_other_indo_european,other_indo_european_and_english_very_well,other_indo_european_and_english_less_than_very_well,total_korean,korean_and_english_very_well,korean_and_english_less_than_very_well,total_chinese,chinese_and_english_very_well,chinese_and_english_less_than_very_well,total_tagalog,tagalog_and_english_very_well,tagalog_and_english_less_than_very_well,total_other_asian,other_asian_and_english_very_well,other_asian_and_english_less_than_very_well,total_arabic,arabic_and_english_very_well,arabic_and_english_less_than_very_well,total_other,other_and_english_very_well,other_and_english_less_than_very_well,total_english,total_english_less_than_very_well
0,500,Portland-Auburn,946946.0,886122.0,9349.0,7273.0,2076.0,26782.0,21812.0,4970.0,2410.0,2039.0,371.0,2533.0,1771.0,762.0,5126.0,4102.0,1024.0,377.0,268.0,109.0,2530.0,1304.0,1226.0,1031.0,619.0,412.0,2724.0,1397.0,1327.0,2114.0,894.0,1220.0,4704.0,2843.0,1861.0,930941.0,16005.0
1,501,New York,20195170.0,12522128.0,3919886.0,2153636.0,1766250.0,350265.0,230396.0,119869.0,212659.0,144723.0,67936.0,465961.0,242439.0,223522.0,1089595.0,699927.0,389668.0,165499.0,71028.0,94471.0,659257.0,242333.0,416924.0,141977.0,103817.0,38160.0,233447.0,148210.0,85237.0,142791.0,89141.0,53650.0,265110.0,201479.0,63631.0,16860879.0,3334291.0
2,502,Binghamton,322874.0,299625.0,6242.0,4182.0,2060.0,1239.0,1012.0,227.0,1376.0,1117.0,259.0,2945.0,2158.0,787.0,4870.0,3587.0,1283.0,411.0,175.0,236.0,2666.0,1596.0,1070.0,364.0,265.0,99.0,1346.0,771.0,575.0,432.0,243.0,189.0,783.0,556.0,227.0,315563.0,7311.0
3,503,Macon,629438.0,595335.0,20576.0,11704.0,8872.0,1343.0,1129.0,214.0,1534.0,1346.0,188.0,114.0,59.0,55.0,3123.0,1926.0,1197.0,1057.0,660.0,397.0,770.0,328.0,442.0,853.0,514.0,339.0,1255.0,832.0,423.0,373.0,237.0,136.0,1138.0,773.0,365.0,615595.0,13843.0
4,504,Philadelphia,7631878.0,6318908.0,643532.0,378752.0,264780.0,55459.0,38559.0,16900.0,35034.0,29318.0,5716.0,68908.0,39273.0,29635.0,186640.0,124916.0,61724.0,30791.0,14410.0,16381.0,87885.0,41027.0,46858.0,22746.0,15856.0,6890.0,70953.0,44789.0,26164.0,29934.0,19428.0,10506.0,45387.0,35005.0,10382.0,7113323.0,518555.0
5,505,Detroit,8125408.0,7168443.0,213224.0,144096.0,69128.0,22019.0,17338.0,4681.0,39396.0,32764.0,6632.0,73011.0,44542.0,28469.0,189299.0,126610.0,62689.0,18583.0,9359.0,9224.0,54503.0,28182.0,26321.0,20964.0,15129.0,5835.0,76028.0,51166.0,24862.0,163974.0,92509.0,71465.0,75054.0,46839.0,28215.0,7782040.0,343368.0
6,506,Boston (Manchester),6175513.0,4856297.0,475746.0,275876.0,199870.0,132869.0,88958.0,43911.0,20770.0,18837.0,1933.0,59016.0,38210.0,20806.0,277878.0,177702.0,100176.0,15316.0,8917.0,6399.0,126624.0,62918.0,63706.0,8655.0,6333.0,2322.0,73878.0,46894.0,26984.0,33212.0,19963.0,13249.0,55568.0,39892.0,15676.0,5655355.0,520158.0
7,507,Savannah,5130148.0,4371465.0,414713.0,236200.0,178513.0,29290.0,22642.0,6648.0,17204.0,14952.0,2252.0,19919.0,12456.0,7463.0,81466.0,58665.0,22801.0,34010.0,16005.0,18005.0,31638.0,14636.0,17002.0,7628.0,5862.0,1766.0,43683.0,30396.0,13287.0,11133.0,7810.0,3323.0,34761.0,27244.0,7517.0,4830143.0,300005.0
8,508,Pittsburgh,2682314.0,2546168.0,29739.0,21168.0,8571.0,6934.0,5719.0,1215.0,14580.0,11259.0,3321.0,11756.0,8692.0,3064.0,29691.0,21370.0,8321.0,3245.0,1592.0,1653.0,13957.0,7150.0,6807.0,1966.0,1393.0,573.0,11008.0,7735.0,3273.0,4964.0,3036.0,1928.0,5966.0,4490.0,1476.0,2640747.0,41567.0
9,509,Ft. Wayne,1909041.0,1770433.0,63244.0,39672.0,23572.0,3183.0,2569.0,614.0,16100.0,13378.0,2722.0,5512.0,3206.0,2306.0,13437.0,8999.0,4438.0,2168.0,1143.0,1025.0,5688.0,3316.0,2372.0,2100.0,1638.0,462.0,17508.0,8386.0,9122.0,3729.0,1930.0,1799.0,2534.0,2209.0,325.0,1857959.0,51082.0
10,510,Cleveland-Akron (Canton),3610634.0,3310060.0,93363.0,60515.0,32848.0,6701.0,5644.0,1057.0,59071.0,37528.0,21543.0,32550.0,19774.0,12776.0,44227.0,27981.0,16246.0,3297.0,1540.0,1757.0,14704.0,7497.0,7207.0,3560.0,2434.0,1126.0,11061.0,6639.0,4422.0,17308.0,11015.0,6293.0,11001.0,8046.0,2955.0,3500325.0,110309.0
11,511,"Washington, Dc (Hagrstwn)",8084421.0,6320890.0,777340.0,445039.0,332301.0,83793.0,62822.0,20971.0,34366.0,30169.0,4197.0,42504.0,31362.0,11142.0,243776.0,180205.0,63571.0,79669.0,37803.0,41866.0,100964.0,56404.0,44560.0,49816.0,37442.0,12374.0,101936.0,72798.0,29138.0,49558.0,35351.0,14207.0,142172.0,106570.0,35602.0,7443492.0,640929.0
12,512,Baltimore,4123057.0,3634651.0,170851.0,101771.0,69080.0,23954.0,18796.0,5158.0,12606.0,11129.0,1477.0,28763.0,18439.0,10324.0,83531.0,58570.0,24961.0,25068.0,11132.0,13936.0,31759.0,16341.0,15418.0,18810.0,14178.0,4632.0,27523.0,18791.0,8732.0,13226.0,8827.0,4399.0,43908.0,35714.0,8194.0,3951933.0,171124.0
13,513,Flint-Saginaw-Bay City,1083737.0,1043905.0,13929.0,9899.0,4030.0,1702.0,1398.0,304.0,5111.0,3892.0,1219.0,1895.0,1406.0,489.0,4273.0,2875.0,1398.0,659.0,311.0,348.0,2184.0,1248.0,936.0,993.0,697.0,296.0,2151.0,1347.0,804.0,4594.0,2786.0,1808.0,1921.0,1551.0,370.0,1071480.0,12257.0
14,514,Buffalo,7567404.0,6685940.0,357989.0,219467.0,138522.0,41409.0,29507.0,11902.0,38733.0,30454.0,8279.0,65653.0,38095.0,27558.0,130418.0,83361.0,47057.0,16647.0,8318.0,8329.0,70699.0,30586.0,40113.0,10822.0,6913.0,3909.0,53857.0,30609.0,23248.0,33300.0,20221.0,13079.0,36051.0,25416.0,10635.0,7218151.0,349253.0
15,515,Cincinnati,2212411.0,2082631.0,48327.0,29511.0,18816.0,7440.0,5613.0,1827.0,8315.0,6858.0,1457.0,4555.0,2835.0,1720.0,19695.0,13944.0,5751.0,1986.0,1064.0,922.0,8464.0,4893.0,3571.0,2001.0,1303.0,698.0,11491.0,7804.0,3687.0,3936.0,2873.0,1063.0,10251.0,6868.0,3383.0,2167738.0,44673.0
16,516,Erie,382489.0,358698.0,6525.0,4326.0,2199.0,788.0,670.0,118.0,4864.0,3281.0,1583.0,3152.0,1638.0,1514.0,3294.0,1644.0,1650.0,157.0,82.0,75.0,1077.0,459.0,618.0,291.0,206.0,85.0,867.0,586.0,281.0,1496.0,702.0,794.0,1053.0,682.0,371.0,373050.0,9439.0
17,517,Charlotte,2971747.0,2614463.0,223222.0,120295.0,102927.0,11778.0,8317.0,3461.0,7521.0,6685.0,836.0,9344.0,6274.0,3070.0,34096.0,22301.0,11795.0,3626.0,1864.0,1762.0,7896.0,4303.0,3593.0,3084.0,2208.0,876.0,28854.0,18340.0,10514.0,5993.0,4315.0,1678.0,11610.0,8711.0,2899.0,2821716.0,150031.0
18,518,Greensboro-H.Point-W.Salem,1685329.0,1496388.0,131618.0,72428.0,59190.0,4075.0,3095.0,980.0,3578.0,3143.0,435.0,2501.0,1555.0,946.0,12856.0,8463.0,4393.0,1810.0,908.0,902.0,4626.0,2644.0,1982.0,2504.0,1984.0,520.0,10697.0,5727.0,4970.0,3831.0,2004.0,1827.0,5807.0,3925.0,1882.0,1604314.0,81015.0
19,519,"Charleston, Sc",821851.0,769563.0,31638.0,18063.0,13575.0,2355.0,1803.0,552.0,2282.0,2024.0,258.0,1668.0,1242.0,426.0,3974.0,2915.0,1059.0,609.0,389.0,220.0,2479.0,1389.0,1090.0,2805.0,2085.0,720.0,1621.0,1085.0,536.0,1063.0,855.0,208.0,777.0,692.0,85.0,802655.0,19196.0
20,520,Augusta-Aiken,6406811.0,5947429.0,292873.0,168376.0,124497.0,17857.0,14168.0,3689.0,20045.0,17161.0,2884.0,13325.0,8740.0,4585.0,34350.0,23995.0,10355.0,10107.0,5321.0,4786.0,14971.0,6549.0,8422.0,10228.0,7329.0,2899.0,18997.0,11541.0,7456.0,7218.0,4493.0,2725.0,10394.0,8144.0,2250.0,6226692.0,180119.0
21,521,Providence-New Bedford,1529123.0,1197486.0,146798.0,85109.0,61689.0,26742.0,18864.0,7878.0,2870.0,2501.0,369.0,6040.0,3820.0,2220.0,108971.0,71074.0,37897.0,1452.0,907.0,545.0,9698.0,4572.0,5126.0,1644.0,1240.0,404.0,14128.0,8282.0,5846.0,4518.0,2593.0,1925.0,6242.0,5100.0,1142.0,1402801.0,126322.0
22,522,"Columbus, Ga (Opelika, Al)",551340.0,511552.0,21763.0,14024.0,7739.0,1653.0,1317.0,336.0,2661.0,2202.0,459.0,403.0,277.0,126.0,3066.0,2018.0,1048.0,3740.0,1265.0,2475.0,1681.0,645.0,1036.0,482.0,340.0,142.0,1666.0,1188.0,478.0,872.0,504.0,368.0,1033.0,719.0,314.0,536436.0,14904.0
23,523,Burlington-Plattsburgh,849511.0,800376.0,10716.0,7976.0,2740.0,11630.0,9683.0,1947.0,3972.0,3610.0,362.0,4257.0,3104.0,1153.0,6865.0,4862.0,2003.0,766.0,542.0,224.0,3261.0,1816.0,1445.0,768.0,553.0,215.0,2045.0,1263.0,782.0,1216.0,634.0,582.0,2898.0,2241.0,657.0,837069.0,12442.0
24,524,Atlanta,9166734.0,7713398.0,856292.0,469349.0,386943.0,58652.0,45799.0,12853.0,25734.0,23513.0,2221.0,31055.0,19204.0,11851.0,147459.0,103286.0,44173.0,45303.0,21587.0,23716.0,50099.0,25423.0,24676.0,11805.0,8794.0,3011.0,75128.0,49985.0,25143.0,19856.0,12503.0,7353.0,83383.0,62004.0,21379.0,8572856.0,593878.0
25,525,"Albany, Ga",387137.0,357989.0,23716.0,13151.0,10565.0,627.0,513.0,114.0,371.0,320.0,51.0,167.0,158.0,9.0,2036.0,1138.0,898.0,192.0,90.0,102.0,207.0,117.0,90.0,330.0,317.0,13.0,422.0,250.0,172.0,83.0,63.0,20.0,536.0,501.0,35.0,374728.0,12409.0
26,526,Utica,154534.0,146051.0,2958.0,2396.0,562.0,617.0,564.0,53.0,1420.0,1137.0,283.0,1223.0,941.0,282.0,1149.0,766.0,383.0,71.0,38.0,33.0,300.0,101.0,199.0,76.0,49.0,27.0,195.0,100.0,95.0,183.0,151.0,32.0,253.0,215.0,38.0,152531.0,2003.0
27,527,Indianapolis,2805904.0,2578504.0,124352.0,69463.0,54889.0,7115.0,5647.0,1468.0,8534.0,6851.0,1683.0,4285.0,2765.0,1520.0,22330.0,15868.0,6462.0,3824.0,1876.0,1948.0,13651.0,6440.0,7211.0,3859.0,2903.0,956.0,20474.0,10919.0,9555.0,4974.0,2913.0,2061.0,11020.0,7862.0,3158.0,2713363.0,92541.0
28,528,Miami-Ft. Lauderdale,4399637.0,1789906.0,2128115.0,1130216.0,997899.0,253490.0,147085.0,106405.0,13220.0,11219.0,2001.0,26052.0,14682.0,11370.0,91492.0,61416.0,30076.0,2797.0,1430.0,1367.0,20737.0,8411.0,12326.0,9806.0,7316.0,2490.0,16660.0,10859.0,5801.0,10757.0,7105.0,3652.0,29520.0,24150.0,5370.0,3216751.0,1182886.0
29,529,Louisville,1643337.0,1544546.0,48645.0,26602.0,22043.0,3902.0,2633.0,1269.0,6694.0,5310.0,1384.0,4330.0,2468.0,1862.0,9843.0,6257.0,3586.0,1617.0,915.0,702.0,2971.0,1354.0,1617.0,1783.0,1348.0,435.0,6316.0,3793.0,2523.0,3171.0,1663.0,1508.0,7097.0,3297.0,3800.0,1601015.0,42322.0
30,530,Tallahassee-Thomasville,704385.0,646932.0,33796.0,21929.0,11867.0,4157.0,3380.0,777.0,2251.0,1956.0,295.0,1016.0,745.0,271.0,4504.0,3444.0,1060.0,1166.0,650.0,516.0,3054.0,1962.0,1092.0,816.0,577.0,239.0,2696.0,2118.0,578.0,1348.0,953.0,395.0,1925.0,1532.0,393.0,686482.0,17903.0
31,531,"Tri-Cities, Tn-Va",733779.0,714951.0,10996.0,8007.0,2989.0,762.0,659.0,103.0,1245.0,1037.0,208.0,532.0,444.0,88.0,1489.0,1183.0,306.0,350.0,213.0,137.0,835.0,445.0,390.0,237.0,147.0,90.0,906.0,575.0,331.0,514.0,424.0,90.0,628.0,499.0,129.0,728749.0,5030.0
32,532,Albany-Schenectady-Troy,1319570.0,1208361.0,37650.0,26345.0,11305.0,8025.0,6255.0,1770.0,5308.0,4351.0,957.0,9037.0,6246.0,2791.0,22685.0,15419.0,7266.0,2272.0,1483.0,789.0,9951.0,4552.0,5399.0,2395.0,1749.0,646.0,6459.0,4037.0,2422.0,2931.0,1865.0,1066.0,3490.0,2740.0,750.0,1284003.0,35567.0
33,533,Hartford & New Haven,2514017.0,2025278.0,257317.0,166864.0,90453.0,24247.0,18646.0,5601.0,6793.0,5790.0,1003.0,40631.0,24117.0,16514.0,78666.0,52159.0,26507.0,5005.0,2576.0,2429.0,21028.0,10635.0,10393.0,5728.0,4142.0,1586.0,19622.0,12451.0,7171.0,8371.0,5279.0,3092.0,15404.0,12516.0,2888.0,2343267.0,170750.0
34,534,Orlando-Daytona Bch-Melbrn,3826188.0,2934977.0,643804.0,413330.0,230474.0,65486.0,43153.0,22333.0,14400.0,12711.0,1689.0,12981.0,7785.0,5196.0,59552.0,42267.0,17285.0,5654.0,2611.0,3043.0,17066.0,8622.0,8444.0,14889.0,10598.0,4291.0,16864.0,11020.0,5844.0,15308.0,10054.0,5254.0,9349.0,7063.0,2286.0,3511357.0,314831.0
35,535,"Columbus, Oh",2350492.0,2151287.0,56745.0,35410.0,21335.0,8190.0,6111.0,2079.0,14145.0,10720.0,3425.0,7423.0,4708.0,2715.0,26739.0,16800.0,9939.0,3886.0,2153.0,1733.0,15357.0,7574.0,7783.0,2379.0,1530.0,849.0,19319.0,12621.0,6698.0,10206.0,6958.0,3248.0,31671.0,21109.0,10562.0,2278317.0,72175.0
36,536,Youngstown,619780.0,590354.0,10565.0,7033.0,3532.0,896.0,756.0,140.0,7161.0,5123.0,2038.0,1841.0,1188.0,653.0,5040.0,3914.0,1126.0,242.0,100.0,142.0,651.0,342.0,309.0,254.0,176.0,78.0,538.0,385.0,153.0,1322.0,823.0,499.0,603.0,321.0,282.0,610674.0,9106.0
37,537,Bangor,329847.0,317000.0,2310.0,1830.0,480.0,4467.0,3521.0,946.0,1073.0,954.0,119.0,316.0,259.0,57.0,1230.0,1029.0,201.0,121.0,38.0,83.0,917.0,430.0,487.0,463.0,365.0,98.0,437.0,342.0,95.0,175.0,152.0,23.0,1276.0,1156.0,120.0,327107.0,2740.0
38,538,"Rochester, Ny",10560233.0,6762443.0,1642481.0,904594.0,737887.0,210333.0,139895.0,70438.0,166066.0,112058.0,54008.0,307830.0,147062.0,160768.0,499964.0,303583.0,196381.0,78278.0,29492.0,48786.0,516630.0,166096.0,350534.0,56193.0,39805.0,16388.0,109352.0,59830.0,49522.0,70639.0,42732.0,27907.0,128043.0,96578.0,31465.0,8809669.0,1750564.0
39,539,Tampa-St. Pete (Sarasota),4422059.0,3581406.0,586743.0,359327.0,227416.0,41391.0,29151.0,12240.0,20698.0,17682.0,3016.0,28300.0,17302.0,10998.0,64164.0,46216.0,17948.0,4512.0,2434.0,2078.0,13291.0,5956.0,7335.0,13979.0,11064.0,2915.0,25388.0,16458.0,8930.0,12858.0,8754.0,4104.0,11889.0,9384.0,2505.0,4112434.0,309625.0
40,540,Traverse City-Cadillac,4075661.0,3708834.0,117271.0,78660.0,38611.0,9457.0,7268.0,2189.0,18321.0,14475.0,3846.0,16514.0,10746.0,5768.0,55473.0,35337.0,20136.0,5992.0,3050.0,2942.0,18721.0,9966.0,8755.0,4959.0,3583.0,1376.0,16049.0,11207.0,4842.0,89116.0,54239.0,34877.0,11787.0,9378.0,2409.0,3948126.0,127535.0
41,541,Lexington,1210591.0,1145598.0,34657.0,18584.0,16073.0,2379.0,1705.0,674.0,4382.0,3604.0,778.0,2141.0,1252.0,889.0,5326.0,3563.0,1763.0,1130.0,592.0,538.0,3369.0,1621.0,1748.0,1441.0,979.0,462.0,3708.0,1796.0,1912.0,2755.0,1748.0,1007.0,2771.0,1475.0,1296.0,1182855.0,27736.0
42,542,Dayton,1131224.0,1078477.0,16808.0,10716.0,6092.0,1905.0,1523.0,382.0,4797.0,3728.0,1069.0,1254.0,823.0,431.0,6140.0,4441.0,1699.0,831.0,514.0,317.0,3959.0,1682.0,2277.0,1608.0,938.0,670.0,6576.0,3642.0,2934.0,4127.0,2266.0,1861.0,2926.0,2146.0,780.0,1111762.0,19462.0
43,543,Springfield-Holyoke,665635.0,532121.0,82326.0,54922.0,27404.0,6080.0,4924.0,1156.0,1639.0,1480.0,159.0,11725.0,7077.0,4648.0,14913.0,9451.0,5462.0,1473.0,851.0,622.0,4713.0,2543.0,2170.0,515.0,407.0,108.0,3558.0,2047.0,1511.0,1591.0,1003.0,588.0,2858.0,2272.0,586.0,620081.0,45554.0
44,544,Norfolk-Portsmth-Newpt Nws,3278173.0,2951740.0,162045.0,99522.0,62523.0,15130.0,12121.0,3009.0,13179.0,11618.0,1561.0,7299.0,5417.0,1882.0,31811.0,21957.0,9854.0,8363.0,3683.0,4680.0,12380.0,6125.0,6255.0,23746.0,16656.0,7090.0,12695.0,7761.0,4934.0,10245.0,6583.0,3662.0,21520.0,15570.0,5950.0,3162147.0,116026.0
45,545,Greenville-N.Bern-Washngtn,761432.0,695023.0,49435.0,28815.0,20620.0,1744.0,1323.0,421.0,1880.0,1658.0,222.0,882.0,754.0,128.0,1938.0,1629.0,309.0,488.0,277.0,211.0,923.0,529.0,394.0,1586.0,1095.0,491.0,3957.0,1883.0,2074.0,819.0,564.0,255.0,1160.0,951.0,209.0,735493.0,25939.0
46,546,"Columbia, Sc",1029837.0,959115.0,42596.0,25566.0,17030.0,2524.0,2180.0,344.0,2920.0,2402.0,518.0,2339.0,1671.0,668.0,5748.0,4004.0,1744.0,2179.0,1231.0,948.0,2894.0,1472.0,1422.0,1308.0,779.0,529.0,3291.0,1978.0,1313.0,865.0,508.0,357.0,2505.0,1864.0,641.0,1003625.0,26212.0
47,547,Toledo,997825.0,944039.0,26906.0,19352.0,7554.0,1585.0,1311.0,274.0,3619.0,2881.0,738.0,2180.0,1611.0,569.0,4064.0,2737.0,1327.0,715.0,415.0,300.0,2540.0,1191.0,1349.0,988.0,831.0,157.0,3023.0,1776.0,1247.0,5790.0,3777.0,2013.0,1731.0,1306.0,425.0,981486.0,16339.0
48,548,West Palm Beach-Ft. Pierce,2524683.0,2063429.0,333538.0,183462.0,150076.0,48349.0,30595.0,17754.0,13672.0,11689.0,1983.0,7993.0,5250.0,2743.0,25788.0,18209.0,7579.0,1361.0,707.0,654.0,5077.0,2074.0,3003.0,7073.0,4890.0,2183.0,6254.0,3532.0,2722.0,2353.0,1702.0,651.0,4755.0,3326.0,1429.0,2330723.0,193960.0
49,549,Watertown,1716385.0,1524708.0,82790.0,58456.0,24334.0,10187.0,8541.0,1646.0,29625.0,15442.0,14183.0,9926.0,7181.0,2745.0,23948.0,17154.0,6794.0,3648.0,2533.0,1115.0,9577.0,4527.0,5050.0,3488.0,2620.0,868.0,7296.0,4650.0,2646.0,3144.0,2209.0,935.0,6888.0,5299.0,1589.0,1653871.0,62514.0
50,550,Wilmington,465888.0,436507.0,20326.0,11224.0,9102.0,944.0,690.0,254.0,1534.0,1291.0,243.0,480.0,210.0,270.0,1958.0,1383.0,575.0,242.0,118.0,124.0,769.0,265.0,504.0,577.0,461.0,116.0,1145.0,619.0,526.0,381.0,316.0,65.0,457.0,311.0,146.0,453567.0,12321.0
51,551,Lansing,638903.0,589507.0,16574.0,11330.0,5244.0,1889.0,1330.0,559.0,3043.0,2599.0,444.0,1676.0,1140.0,536.0,7036.0,4736.0,2300.0,1341.0,598.0,743.0,6186.0,2207.0,3979.0,403.0,322.0,81.0,4114.0,2759.0,1355.0,3349.0,1931.0,1418.0,2616.0,1523.0,1093.0,620505.0,18398.0
52,552,Presque Isle,65534.0,55388.0,379.0,233.0,146.0,9024.0,7206.0,1818.0,238.0,148.0,90.0,29.0,14.0,15.0,143.0,121.0,22.0,5.0,0.0,5.0,49.0,13.0,36.0,5.0,5.0,0.0,53.0,32.0,21.0,45.0,19.0,26.0,169.0,145.0,24.0,63324.0,2210.0
53,553,Marquette,205160.0,198621.0,1585.0,1245.0,340.0,263.0,175.0,88.0,557.0,454.0,103.0,328.0,197.0,131.0,894.0,661.0,233.0,66.0,32.0,34.0,772.0,180.0,592.0,185.0,133.0,52.0,280.0,137.0,143.0,293.0,173.0,120.0,1250.0,1063.0,187.0,203108.0,2052.0
54,554,Wheeling-Steubenville,316329.0,309928.0,1968.0,1534.0,434.0,364.0,276.0,88.0,1285.0,897.0,388.0,417.0,337.0,80.0,1031.0,902.0,129.0,40.0,14.0,26.0,457.0,288.0,169.0,160.0,101.0,59.0,325.0,203.0,122.0,85.0,80.0,5.0,229.0,193.0,36.0,314783.0,1546.0
55,555,Syracuse,875739.0,800976.0,21490.0,15760.0,5730.0,3954.0,3226.0,728.0,4758.0,3844.0,914.0,6636.0,4125.0,2511.0,11008.0,7564.0,3444.0,1966.0,1284.0,682.0,9638.0,5668.0,3970.0,748.0,548.0,200.0,4414.0,2366.0,2048.0,3637.0,2609.0,1028.0,4269.0,3157.0,1112.0,852005.0,23734.0
56,556,Richmond-Petersburg,3025110.0,2650723.0,165864.0,98305.0,67559.0,11256.0,8880.0,2376.0,12040.0,10580.0,1460.0,12110.0,8961.0,3149.0,59505.0,44301.0,15204.0,10080.0,5842.0,4238.0,19689.0,11250.0,8439.0,8384.0,6315.0,2069.0,34529.0,25237.0,9292.0,13289.0,9078.0,4211.0,15194.0,11667.0,3527.0,2897362.0,127748.0
57,557,Knoxville,2028614.0,1915867.0,63527.0,33787.0,29740.0,4206.0,3440.0,766.0,6692.0,5583.0,1109.0,3404.0,2219.0,1185.0,8348.0,5917.0,2431.0,2392.0,1324.0,1068.0,5966.0,3091.0,2875.0,1977.0,1231.0,746.0,5427.0,3148.0,2279.0,4452.0,2666.0,1786.0,4071.0,2218.0,1853.0,1981151.0,47463.0
58,558,Lima,172301.0,167336.0,2497.0,1787.0,710.0,319.0,291.0,28.0,632.0,536.0,96.0,187.0,171.0,16.0,212.0,128.0,84.0,80.0,25.0,55.0,198.0,29.0,169.0,64.0,34.0,30.0,156.0,114.0,42.0,170.0,132.0,38.0,283.0,259.0,24.0,170966.0,1335.0
59,559,Bluefield-Beckley-Oak Hill,2028485.0,1979329.0,21102.0,13286.0,7816.0,2968.0,2135.0,833.0,3360.0,2653.0,707.0,1286.0,1127.0,159.0,6780.0,5210.0,1570.0,446.0,214.0,232.0,2996.0,1497.0,1499.0,1884.0,1427.0,457.0,3219.0,2430.0,789.0,2357.0,1560.0,797.0,1773.0,1415.0,358.0,2012763.0,15722.0
60,560,Raleigh-Durham (Fayetvlle),2935841.0,2542145.0,246380.0,138009.0,108371.0,12693.0,9307.0,3386.0,9827.0,8761.0,1066.0,7183.0,5075.0,2108.0,32357.0,25246.0,7111.0,7787.0,4378.0,3409.0,19260.0,10892.0,8368.0,6320.0,4813.0,1507.0,21779.0,15611.0,6168.0,11007.0,7091.0,3916.0,12503.0,8980.0,3523.0,2783037.0,152804.0
61,561,Jacksonville,3071232.0,2726065.0,210809.0,135774.0,75035.0,16268.0,11996.0,4272.0,11290.0,10102.0,1188.0,12714.0,8033.0,4681.0,29549.0,20853.0,8696.0,3065.0,1859.0,1206.0,7030.0,3497.0,3533.0,16270.0,11170.0,5100.0,15356.0,9514.0,5842.0,7727.0,4759.0,2968.0,6960.0,4855.0,2105.0,2951722.0,119510.0
62,563,Grand Rapids-Kalmzoo-B.Crk,2731398.0,2517049.0,116191.0,72673.0,43518.0,5777.0,4466.0,1311.0,13417.0,11011.0,2406.0,8603.0,5578.0,3025.0,18034.0,11633.0,6401.0,3087.0,1560.0,1527.0,11574.0,4706.0,6868.0,2479.0,1821.0,658.0,12998.0,7165.0,5833.0,6999.0,3925.0,3074.0,8254.0,5452.0,2802.0,2649671.0,81727.0
63,564,Charleston-Huntington,1073621.0,1056481.0,6502.0,4746.0,1756.0,856.0,650.0,206.0,2333.0,1828.0,505.0,447.0,405.0,42.0,1967.0,1615.0,352.0,221.0,136.0,85.0,932.0,342.0,590.0,379.0,319.0,60.0,1398.0,1102.0,296.0,1193.0,719.0,474.0,309.0,209.0,100.0,1068863.0,4758.0
64,565,Elmira (Corning),230332.0,221496.0,2455.0,1798.0,657.0,615.0,432.0,183.0,2064.0,1248.0,816.0,463.0,308.0,155.0,1608.0,1333.0,275.0,91.0,91.0,0.0,624.0,393.0,231.0,181.0,124.0,57.0,512.0,340.0,172.0,31.0,4.0,27.0,173.0,106.0,67.0,227676.0,2656.0
65,566,Harrisburg-Lncstr-Leb-York,1886020.0,1682177.0,94168.0,57975.0,36193.0,5889.0,4219.0,1670.0,47898.0,33222.0,14676.0,6577.0,3773.0,2804.0,16387.0,10327.0,6060.0,2019.0,1037.0,982.0,5143.0,2148.0,2995.0,2133.0,1462.0,671.0,7781.0,4888.0,2893.0,4449.0,2603.0,1846.0,4885.0,3228.0,1657.0,1809635.0,76385.0
66,567,Greenvll-Spart-Ashevll-And,11538902.0,10305354.0,808234.0,446395.0,361839.0,37456.0,27768.0,9688.0,31620.0,27993.0,3627.0,29952.0,19235.0,10717.0,93805.0,66675.0,27130.0,16292.0,8813.0,7479.0,39407.0,20521.0,18886.0,16078.0,11976.0,4102.0,74599.0,46722.0,27877.0,24499.0,15496.0,9003.0,35383.0,25911.0,9472.0,11033104.0,505798.0
67,569,Harrisonburg,151894.0,143431.0,5255.0,2835.0,2420.0,215.0,175.0,40.0,345.0,310.0,35.0,1005.0,551.0,454.0,747.0,610.0,137.0,169.0,29.0,140.0,63.0,50.0,13.0,88.0,76.0,12.0,129.0,104.0,25.0,51.0,8.0,43.0,358.0,358.0,0.0,148541.0,3353.0
68,570,Myrtle Beach-Florence,730750.0,688157.0,28459.0,15323.0,13136.0,2140.0,1621.0,519.0,1290.0,1166.0,124.0,1063.0,742.0,321.0,3062.0,2076.0,986.0,191.0,112.0,79.0,1648.0,641.0,1007.0,786.0,578.0,208.0,967.0,656.0,311.0,1042.0,675.0,367.0,1425.0,1054.0,371.0,712965.0,17785.0
69,571,Ft. Myers-Naples,5985816.0,3293854.0,2262277.0,1204210.0,1058067.0,181241.0,110969.0,70272.0,24206.0,20678.0,3528.0,29791.0,17342.0,12449.0,81572.0,58904.0,22668.0,5595.0,2810.0,2785.0,20266.0,9133.0,11133.0,13245.0,10115.0,3130.0,24843.0,17199.0,7644.0,14633.0,10274.0,4359.0,21603.0,16989.0,4614.0,4777776.0,1208040.0
70,573,Roanoke-Lynchburg,802256.0,766722.0,15107.0,9268.0,5839.0,1515.0,1246.0,269.0,2821.0,2382.0,439.0,1328.0,973.0,355.0,3943.0,3034.0,909.0,1407.0,775.0,632.0,3751.0,1928.0,1823.0,707.0,488.0,219.0,1747.0,1344.0,403.0,1341.0,813.0,528.0,943.0,601.0,342.0,789961.0,12295.0
71,574,Johnstown-Altoona-St Colge,715699.0,681173.0,8394.0,5696.0,2698.0,1262.0,1010.0,252.0,8197.0,6083.0,2114.0,2041.0,1249.0,792.0,3354.0,2506.0,848.0,1325.0,801.0,524.0,4859.0,2097.0,2762.0,346.0,217.0,129.0,1784.0,1257.0,527.0,1293.0,919.0,374.0,1175.0,978.0,197.0,704094.0,11605.0
72,575,Chattanooga,3810563.0,3503558.0,181281.0,95386.0,85895.0,8157.0,6368.0,1789.0,11022.0,9231.0,1791.0,5941.0,4200.0,1741.0,27947.0,18298.0,9649.0,6680.0,3415.0,3265.0,10079.0,5792.0,4287.0,4019.0,2915.0,1104.0,18209.0,9918.0,8291.0,16121.0,7928.0,8193.0,11471.0,6986.0,4485.0,3676188.0,134375.0
73,576,Salisbury,404351.0,365170.0,22313.0,12166.0,10147.0,5136.0,2398.0,2738.0,867.0,814.0,53.0,1360.0,1113.0,247.0,3179.0,2075.0,1104.0,1012.0,223.0,789.0,538.0,227.0,311.0,867.0,629.0,238.0,1519.0,929.0,590.0,1041.0,780.0,261.0,800.0,700.0,100.0,387371.0,16980.0
74,577,Wilkes Barre-Scranton-Hztn,5689644.0,5162175.0,259922.0,156387.0,103535.0,17576.0,13880.0,3696.0,55886.0,40983.0,14903.0,26256.0,17985.0,8271.0,69858.0,49813.0,20045.0,14289.0,7210.0,7079.0,22997.0,12314.0,10683.0,6744.0,5193.0,1551.0,23740.0,16734.0,7006.0,8883.0,5632.0,3251.0,11483.0,9157.0,2326.0,5501938.0,187706.0
75,581,Terre Haute,355744.0,340099.0,5723.0,3479.0,2244.0,581.0,338.0,243.0,5225.0,3841.0,1384.0,247.0,216.0,31.0,1003.0,683.0,320.0,344.0,19.0,325.0,487.0,222.0,265.0,476.0,354.0,122.0,335.0,248.0,87.0,814.0,532.0,282.0,265.0,215.0,50.0,350284.0,5460.0
76,582,"Lafayette, In",182933.0,155224.0,11143.0,6813.0,4330.0,431.0,387.0,44.0,697.0,632.0,65.0,905.0,787.0,118.0,3232.0,2493.0,739.0,1463.0,611.0,852.0,6730.0,2922.0,3808.0,351.0,283.0,68.0,1605.0,1116.0,489.0,552.0,429.0,123.0,279.0,191.0,88.0,172050.0,10883.0
77,583,Alpena,37497.0,36429.0,323.0,232.0,91.0,81.0,57.0,24.0,263.0,169.0,94.0,113.0,105.0,8.0,42.0,42.0,0.0,0.0,0.0,0.0,70.0,46.0,24.0,55.0,20.0,35.0,49.0,49.0,0.0,18.0,16.0,2.0,47.0,29.0,18.0,37201.0,296.0
78,584,Charlottesville,188193.0,172472.0,7373.0,4099.0,3274.0,727.0,655.0,72.0,778.0,711.0,67.0,684.0,490.0,194.0,2181.0,1355.0,826.0,539.0,338.0,201.0,1302.0,608.0,694.0,304.0,238.0,66.0,1029.0,523.0,506.0,292.0,180.0,112.0,317.0,252.0,65.0,182095.0,6098.0
79,588,South Bend-Elkhart,2871778.0,2603208.0,155641.0,85438.0,70203.0,7134.0,5610.0,1524.0,38696.0,27557.0,11139.0,5250.0,3268.0,1982.0,14664.0,10194.0,4470.0,2191.0,1191.0,1000.0,8385.0,3804.0,4581.0,3403.0,2444.0,959.0,15580.0,7507.0,8073.0,4112.0,2262.0,1850.0,11107.0,7882.0,3225.0,2761505.0,110273.0
80,592,Gainesville,315325.0,279064.0,17996.0,13553.0,4443.0,1862.0,1530.0,332.0,969.0,885.0,84.0,1333.0,1109.0,224.0,4002.0,3058.0,944.0,1222.0,436.0,786.0,3136.0,1918.0,1218.0,932.0,714.0,218.0,1816.0,1070.0,746.0,607.0,445.0,162.0,735.0,462.0,273.0,305134.0,10191.0
81,596,Zanesville,80695.0,78987.0,398.0,299.0,99.0,97.0,68.0,29.0,560.0,368.0,192.0,0.0,0.0,0.0,114.0,114.0,0.0,54.0,0.0,54.0,66.0,4.0,62.0,89.0,19.0,70.0,26.0,16.0,10.0,230.0,115.0,115.0,25.0,11.0,14.0,80001.0,694.0
82,597,Parkersburg,146056.0,143458.0,1100.0,903.0,197.0,139.0,117.0,22.0,120.0,94.0,26.0,22.0,17.0,5.0,593.0,511.0,82.0,45.0,33.0,12.0,152.0,65.0,87.0,95.0,95.0,0.0,104.0,48.0,56.0,29.0,29.0,0.0,173.0,168.0,5.0,145545.0,511.0
83,598,Clarksburg-Weston,256382.0,252007.0,2191.0,1447.0,744.0,270.0,220.0,50.0,450.0,382.0,68.0,37.0,37.0,0.0,604.0,398.0,206.0,101.0,7.0,94.0,182.0,112.0,70.0,172.0,129.0,43.0,157.0,70.0,87.0,76.0,60.0,16.0,114.0,105.0,9.0,254974.0,1408.0
84,600,Corpus Christi,558496.0,344512.0,203171.0,158052.0,45119.0,720.0,609.0,111.0,1092.0,966.0,126.0,377.0,315.0,62.0,1653.0,1271.0,382.0,449.0,223.0,226.0,804.0,440.0,364.0,2147.0,1536.0,611.0,1113.0,780.0,333.0,669.0,515.0,154.0,426.0,360.0,66.0,510144.0,48352.0
85,602,Chicago,11952505.0,9023625.0,1725736.0,1028469.0,697267.0,37699.0,29592.0,8107.0,48206.0,40100.0,8106.0,302498.0,168555.0,133943.0,309986.0,214550.0,95436.0,45761.0,22486.0,23275.0,114828.0,53941.0,60887.0,87465.0,63497.0,23968.0,101511.0,68042.0,33469.0,70117.0,46254.0,23863.0,62376.0,43655.0,18721.0,10812334.0,1140171.0
86,603,Joplin-Pittsburg,597772.0,568352.0,18145.0,10922.0,7223.0,599.0,466.0,133.0,3008.0,2316.0,692.0,532.0,299.0,233.0,1072.0,875.0,197.0,332.0,121.0,211.0,349.0,193.0,156.0,650.0,440.0,210.0,2805.0,1450.0,1355.0,313.0,175.0,138.0,1152.0,737.0,415.0,586546.0,11226.0
87,604,Columbia-Jefferson City,448919.0,426177.0,7151.0,5259.0,1892.0,910.0,849.0,61.0,3987.0,3065.0,922.0,716.0,571.0,145.0,2526.0,1862.0,664.0,696.0,241.0,455.0,2482.0,905.0,1577.0,510.0,416.0,94.0,1559.0,955.0,604.0,477.0,247.0,230.0,1307.0,1086.0,221.0,441779.0,7140.0
88,605,Topeka,435962.0,401428.0,22214.0,13902.0,8312.0,662.0,606.0,56.0,1934.0,1669.0,265.0,399.0,314.0,85.0,1800.0,1388.0,412.0,846.0,404.0,442.0,2384.0,662.0,1722.0,821.0,556.0,265.0,1203.0,724.0,479.0,829.0,322.0,507.0,1072.0,916.0,156.0,423048.0,12914.0
89,606,Dothan,242820.0,232447.0,6887.0,4269.0,2618.0,257.0,219.0,38.0,930.0,843.0,87.0,87.0,60.0,27.0,429.0,315.0,114.0,425.0,169.0,256.0,437.0,168.0,269.0,159.0,100.0,59.0,274.0,185.0,89.0,64.0,50.0,14.0,220.0,188.0,32.0,239115.0,3705.0
90,609,St. Louis,4976498.0,4684466.0,122212.0,77880.0,44332.0,10799.0,9010.0,1789.0,21676.0,16915.0,4761.0,21728.0,13133.0,8595.0,30161.0,21437.0,8724.0,5830.0,2733.0,3097.0,17829.0,8533.0,9296.0,7211.0,5329.0,1882.0,17678.0,11906.0,5772.0,10626.0,6387.0,4239.0,14078.0,9509.0,4569.0,4872670.0,103828.0
91,610,Rockford,445047.0,390996.0,38309.0,24984.0,13325.0,711.0,580.0,131.0,1240.0,944.0,296.0,3174.0,1872.0,1302.0,2938.0,2092.0,846.0,278.0,86.0,192.0,1100.0,448.0,652.0,802.0,509.0,293.0,2763.0,1574.0,1189.0,1264.0,860.0,404.0,1101.0,915.0,186.0,426036.0,19011.0
92,611,Rochestr-Mason City-Austin,347514.0,314729.0,12914.0,7292.0,5622.0,560.0,462.0,98.0,2988.0,2042.0,946.0,1356.0,926.0,430.0,1735.0,1417.0,318.0,342.0,165.0,177.0,2039.0,688.0,1351.0,468.0,248.0,220.0,3881.0,1951.0,1930.0,1244.0,794.0,450.0,4401.0,2648.0,1753.0,333847.0,13667.0
93,612,Shreveport,1410861.0,1321071.0,69188.0,39689.0,29499.0,2678.0,2294.0,384.0,1886.0,1634.0,252.0,937.0,711.0,226.0,2243.0,1608.0,635.0,754.0,429.0,325.0,1349.0,848.0,501.0,1446.0,1006.0,440.0,3148.0,1916.0,1232.0,1188.0,633.0,555.0,2817.0,2361.0,456.0,1375328.0,35533.0
94,613,Minneapolis-St. Paul,8461810.0,7443735.0,335842.0,191249.0,144593.0,27274.0,20038.0,7236.0,44164.0,35165.0,8999.0,42918.0,25237.0,17681.0,62343.0,48436.0,13907.0,9605.0,5447.0,4158.0,39309.0,20004.0,19305.0,11368.0,7732.0,3636.0,218295.0,120292.0,98003.0,20162.0,12673.0,7489.0,169355.0,98698.0,70657.0,8044129.0,417681.0
95,616,Kansas City,2336494.0,2120520.0,121372.0,69458.0,51914.0,5288.0,4540.0,748.0,9482.0,7334.0,2148.0,5614.0,3673.0,1941.0,17649.0,12505.0,5144.0,3413.0,1628.0,1785.0,9014.0,4400.0,4614.0,3705.0,2513.0,1192.0,16477.0,9906.0,6571.0,4982.0,2726.0,2256.0,11753.0,7696.0,4057.0,2250204.0,86290.0
96,617,Milwaukee,2186462.0,1940513.0,148598.0,90973.0,57625.0,4181.0,3507.0,674.0,11660.0,9753.0,1907.0,11770.0,7235.0,4535.0,19172.0,13365.0,5807.0,1773.0,776.0,997.0,6621.0,3181.0,3440.0,2693.0,1826.0,867.0,26071.0,15751.0,10320.0,5951.0,3444.0,2507.0,5407.0,3859.0,1548.0,2095032.0,91430.0
97,618,Houston,6477999.0,4047930.0,1853485.0,998557.0,854928.0,29842.0,23776.0,6066.0,16688.0,14913.0,1775.0,18189.0,12751.0,5438.0,140618.0,102329.0,38289.0,11608.0,6371.0,5237.0,76263.0,38749.0,37514.0,34405.0,26588.0,7817.0,62696.0,40352.0,22344.0,29146.0,19343.0,9803.0,50272.0,38154.0,12118.0,5417067.0,1060932.0
98,619,"Springfield, Mo",1506110.0,1433149.0,36747.0,23351.0,13396.0,2439.0,1762.0,677.0,10534.0,7495.0,3039.0,2560.0,1739.0,821.0,3821.0,2796.0,1025.0,1629.0,691.0,938.0,3363.0,1808.0,1555.0,1682.0,979.0,703.0,2801.0,1851.0,950.0,1611.0,883.0,728.0,2728.0,1975.0,753.0,1479713.0,26397.0
99,622,New Orleans,1666603.0,1496832.0,92469.0,48706.0,43763.0,28382.0,23561.0,4821.0,2603.0,2187.0,416.0,1632.0,1341.0,291.0,8653.0,5936.0,2717.0,1350.0,751.0,599.0,4346.0,1777.0,2569.0,1820.0,1201.0,619.0,3074.0,2035.0,1039.0,4362.0,3004.0,1358.0,2882.0,2240.0,642.0,1597697.0,68906.0
100,623,Dallas-Ft. Worth,7162842.0,5042550.0,1579415.0,835903.0,743512.0,24528.0,17803.0,6725.0,16594.0,14680.0,1914.0,17312.0,11912.0,5400.0,134328.0,94430.0,39898.0,23496.0,10595.0,12901.0,50341.0,26310.0,24031.0,21394.0,15624.0,5770.0,90258.0,60323.0,29935.0,29482.0,18266.0,11216.0,60570.0,44554.0,16016.0,6224098.0,938744.0
101,624,Sioux City,3289850.0,3024696.0,148274.0,83151.0,65123.0,5923.0,3580.0,2343.0,16680.0,13577.0,3103.0,12659.0,7812.0,4847.0,13638.0,9851.0,3787.0,3016.0,1462.0,1554.0,12272.0,4779.0,7493.0,2955.0,1719.0,1236.0,22451.0,11006.0,11445.0,6514.0,4019.0,2495.0,11188.0,6349.0,4839.0,3175140.0,114710.0
102,625,Waco-Temple-Bryan,13080087.0,8713431.0,3455798.0,2030028.0,1425770.0,51785.0,40068.0,11717.0,42117.0,36285.0,5832.0,30318.0,21206.0,9112.0,209244.0,148868.0,60376.0,29085.0,15123.0,13962.0,107922.0,55325.0,52597.0,48842.0,36527.0,12315.0,107247.0,69507.0,37740.0,52978.0,33028.0,19950.0,78610.0,58337.0,20273.0,11322924.0,1757163.0
103,626,Victoria,84881.0,64609.0,18619.0,14307.0,4312.0,43.0,43.0,0.0,203.0,190.0,13.0,90.0,55.0,35.0,407.0,354.0,53.0,0.0,0.0,0.0,368.0,132.0,236.0,48.0,23.0,25.0,110.0,60.0,50.0,28.0,28.0,0.0,40.0,40.0,0.0,80047.0,4834.0
104,627,Wichita Falls & Lawton,396881.0,353116.0,33032.0,19385.0,13647.0,569.0,477.0,92.0,2261.0,1955.0,306.0,380.0,309.0,71.0,1104.0,808.0,296.0,960.0,473.0,487.0,640.0,424.0,216.0,923.0,707.0,216.0,1358.0,609.0,749.0,431.0,344.0,87.0,1107.0,901.0,206.0,379940.0,16941.0
105,628,Monroe-El Dorado,444299.0,432257.0,7666.0,4423.0,3243.0,1015.0,905.0,110.0,200.0,182.0,18.0,133.0,112.0,21.0,747.0,637.0,110.0,66.0,13.0,53.0,508.0,212.0,296.0,322.0,219.0,103.0,486.0,304.0,182.0,311.0,195.0,116.0,262.0,193.0,69.0,439893.0,4406.0
106,630,Birmingham (Ann And Tusc),3713115.0,3526999.0,119780.0,64293.0,55487.0,5977.0,4431.0,1546.0,6862.0,5936.0,926.0,2695.0,1847.0,848.0,12234.0,8717.0,3517.0,6085.0,2704.0,3381.0,8406.0,3641.0,4765.0,2736.0,2153.0,583.0,6565.0,4447.0,2118.0,4113.0,2917.0,1196.0,5980.0,4667.0,1313.0,3634750.0,78365.0
107,631,Ottumwa-Kirksville,118462.0,107755.0,4883.0,2788.0,2095.0,464.0,160.0,304.0,2458.0,2005.0,453.0,174.0,149.0,25.0,985.0,346.0,639.0,63.0,44.0,19.0,668.0,369.0,299.0,97.0,96.0,1.0,310.0,149.0,161.0,171.0,64.0,107.0,390.0,162.0,228.0,114099.0,4363.0
108,632,Paducah-Cape Girard-Harsbg,1958708.0,1878224.0,41558.0,25382.0,16176.0,2322.0,1912.0,410.0,9294.0,7194.0,2100.0,3782.0,2378.0,1404.0,5660.0,4282.0,1378.0,1000.0,476.0,524.0,2305.0,1146.0,1159.0,1292.0,1044.0,248.0,6050.0,3015.0,3035.0,3005.0,1679.0,1326.0,2628.0,1919.0,709.0,1929383.0,29325.0
109,633,Odessa-Midland,436596.0,260013.0,166381.0,113388.0,52993.0,500.0,429.0,71.0,862.0,681.0,181.0,321.0,283.0,38.0,1007.0,622.0,385.0,537.0,234.0,303.0,1277.0,382.0,895.0,962.0,797.0,165.0,1606.0,962.0,644.0,334.0,236.0,98.0,2365.0,1284.0,1081.0,379493.0,57103.0
110,634,Amarillo,509182.0,374805.0,118431.0,75676.0,42755.0,389.0,291.0,98.0,1479.0,981.0,498.0,249.0,180.0,69.0,1354.0,717.0,637.0,437.0,212.0,225.0,641.0,441.0,200.0,890.0,736.0,154.0,5142.0,1717.0,3425.0,814.0,437.0,377.0,2620.0,1130.0,1490.0,458021.0,51161.0
111,635,Austin,2008590.0,1458741.0,424235.0,267968.0,156267.0,8050.0,6604.0,1446.0,7858.0,6924.0,934.0,4902.0,3728.0,1174.0,31661.0,24137.0,7524.0,6629.0,3924.0,2705.0,17280.0,10825.0,6455.0,3632.0,2566.0,1066.0,17950.0,13546.0,4404.0,5746.0,3102.0,2644.0,7273.0,5502.0,1771.0,1814060.0,194530.0
112,636,Harlingen-Wslco-Brnsvl-Mca,1220564.0,231887.0,976932.0,601396.0,375536.0,744.0,627.0,117.0,678.0,637.0,41.0,286.0,214.0,72.0,1878.0,1420.0,458.0,750.0,329.0,421.0,740.0,414.0,326.0,3247.0,2233.0,1014.0,1307.0,908.0,399.0,549.0,354.0,195.0,564.0,346.0,218.0,841066.0,379498.0
113,637,Cedar Rapids-Wtrlo-Iwc&Dub,844007.0,790761.0,19813.0,12266.0,7547.0,2754.0,1164.0,1590.0,6111.0,5135.0,976.0,3545.0,2063.0,1482.0,3780.0,3025.0,755.0,1376.0,841.0,535.0,4717.0,1833.0,2884.0,598.0,327.0,271.0,4167.0,2476.0,1691.0,2576.0,1430.0,1146.0,2889.0,1550.0,1339.0,823174.0,20833.0
114,638,St. Joseph,153911.0,146302.0,5066.0,3095.0,1971.0,173.0,102.0,71.0,457.0,374.0,83.0,171.0,49.0,122.0,257.0,224.0,33.0,70.0,66.0,4.0,6.0,6.0,0.0,115.0,46.0,69.0,467.0,152.0,315.0,171.0,74.0,97.0,607.0,299.0,308.0,150816.0,3095.0
115,639,"Jackson, Tn",230940.0,223361.0,5003.0,3600.0,1403.0,465.0,347.0,118.0,327.0,304.0,23.0,38.0,38.0,0.0,565.0,417.0,148.0,65.0,15.0,50.0,145.0,92.0,53.0,372.0,262.0,110.0,191.0,103.0,88.0,188.0,176.0,12.0,25.0,19.0,6.0,228757.0,2183.0
116,640,Memphis,6690954.0,6285288.0,273778.0,149096.0,124682.0,9183.0,7535.0,1648.0,12264.0,10061.0,2203.0,5904.0,4276.0,1628.0,21748.0,15529.0,6219.0,4606.0,2613.0,1993.0,13221.0,6744.0,6477.0,7254.0,4959.0,2295.0,23449.0,12909.0,10540.0,10245.0,6829.0,3416.0,12407.0,9141.0,3266.0,6519408.0,171546.0
117,641,San Antonio,7684587.0,5061100.0,2290049.0,1510072.0,779977.0,13958.0,11086.0,2872.0,22242.0,19238.0,3004.0,13851.0,10013.0,3838.0,81856.0,58507.0,23349.0,12717.0,6767.0,5950.0,39436.0,20580.0,18856.0,23054.0,17185.0,5869.0,56532.0,37238.0,19294.0,15993.0,9639.0,6354.0,25583.0,19299.0,6284.0,6793993.0,890594.0
118,642,"Lafayette, La",562003.0,487412.0,14733.0,7122.0,7611.0,50163.0,42915.0,7248.0,624.0,500.0,124.0,362.0,242.0,120.0,1635.0,1216.0,419.0,157.0,15.0,142.0,508.0,134.0,374.0,183.0,140.0,43.0,2274.0,1416.0,858.0,982.0,576.0,406.0,323.0,197.0,126.0,543040.0,18963.0
119,643,Lake Charles,249572.0,232253.0,7024.0,3976.0,3048.0,5943.0,5240.0,703.0,601.0,566.0,35.0,128.0,110.0,18.0,1352.0,642.0,710.0,180.0,112.0,68.0,188.0,50.0,138.0,292.0,156.0,136.0,523.0,173.0,350.0,278.0,157.0,121.0,282.0,132.0,150.0,243769.0,5803.0
120,644,"Alexandria, La",229822.0,213285.0,6627.0,4233.0,2394.0,5463.0,4545.0,918.0,399.0,358.0,41.0,109.0,73.0,36.0,684.0,513.0,171.0,286.0,93.0,193.0,445.0,183.0,262.0,369.0,275.0,94.0,372.0,243.0,129.0,951.0,440.0,511.0,342.0,298.0,44.0,224766.0,5056.0
121,647,Greenwood-Greenville,171765.0,166544.0,3712.0,2082.0,1630.0,240.0,239.0,1.0,28.0,28.0,0.0,66.0,18.0,48.0,319.0,234.0,85.0,63.0,20.0,43.0,272.0,133.0,139.0,98.0,79.0,19.0,75.0,49.0,26.0,87.0,49.0,38.0,139.0,139.0,0.0,169688.0,2077.0
122,648,Champaign&Sprngfld-Decatur,906475.0,840567.0,24645.0,16845.0,7800.0,3707.0,2166.0,1541.0,5420.0,4384.0,1036.0,2400.0,1933.0,467.0,7014.0,5260.0,1754.0,2938.0,1544.0,1394.0,9189.0,4957.0,4232.0,2108.0,1497.0,611.0,4287.0,2893.0,1394.0,1819.0,1341.0,478.0,1365.0,1045.0,320.0,884651.0,21824.0
123,649,Evansville,1686653.0,1632141.0,29278.0,18300.0,10978.0,1998.0,1509.0,489.0,8127.0,6216.0,1911.0,978.0,510.0,468.0,3553.0,2639.0,914.0,970.0,576.0,394.0,1916.0,980.0,936.0,1530.0,1185.0,345.0,3442.0,1896.0,1546.0,876.0,582.0,294.0,1317.0,906.0,411.0,1667626.0,19027.0
124,650,Oklahoma City,3046012.0,2674645.0,255693.0,144896.0,110797.0,6776.0,5660.0,1116.0,7005.0,5756.0,1249.0,2950.0,2305.0,645.0,17503.0,12909.0,4594.0,3992.0,2125.0,1867.0,10866.0,5665.0,5201.0,3486.0,2678.0,808.0,15976.0,9554.0,6422.0,4897.0,3203.0,1694.0,15503.0,12671.0,2832.0,2893372.0,152640.0
125,651,Lubbock,429987.0,306482.0,108452.0,78667.0,29785.0,718.0,442.0,276.0,6684.0,4883.0,1801.0,332.0,219.0,113.0,1951.0,1405.0,546.0,450.0,235.0,215.0,1157.0,594.0,563.0,555.0,453.0,102.0,1138.0,1036.0,102.0,566.0,413.0,153.0,859.0,685.0,174.0,395799.0,34188.0
126,652,Omaha,1046075.0,928058.0,80908.0,41402.0,39506.0,3446.0,2648.0,798.0,2384.0,2129.0,255.0,2140.0,1494.0,646.0,7065.0,4285.0,2780.0,919.0,500.0,419.0,2350.0,1136.0,1214.0,1300.0,863.0,437.0,8759.0,3802.0,4957.0,2193.0,1299.0,894.0,4545.0,2352.0,2193.0,990718.0,55357.0
127,656,Panama City,364488.0,341123.0,13840.0,8268.0,5572.0,1108.0,975.0,133.0,772.0,683.0,89.0,1039.0,704.0,335.0,1508.0,1131.0,377.0,241.0,125.0,116.0,379.0,144.0,235.0,712.0,441.0,271.0,1307.0,798.0,509.0,539.0,275.0,264.0,923.0,747.0,176.0,355936.0,8552.0
128,657,Sherman-Ada,318703.0,293256.0,19694.0,12233.0,7461.0,391.0,291.0,100.0,680.0,568.0,112.0,166.0,159.0,7.0,949.0,791.0,158.0,182.0,72.0,110.0,649.0,343.0,306.0,252.0,203.0,49.0,694.0,385.0,309.0,115.0,113.0,2.0,1497.0,1213.0,284.0,309727.0,8976.0
129,658,Green Bay-Appleton,4476951.0,4073017.0,220767.0,132356.0,88411.0,8110.0,6730.0,1380.0,27295.0,22291.0,5004.0,16920.0,11255.0,5665.0,30698.0,22031.0,8667.0,4224.0,2020.0,2204.0,15224.0,7676.0,7548.0,3720.0,2736.0,984.0,54256.0,33300.0,20956.0,7514.0,4197.0,3317.0,11427.0,8773.0,2654.0,4328112.0,148839.0
130,659,Nashville,4353224.0,3985730.0,208809.0,114968.0,93841.0,9994.0,8320.0,1674.0,15422.0,12436.0,2986.0,5017.0,3803.0,1214.0,31876.0,21674.0,10202.0,6685.0,3473.0,3212.0,10331.0,5735.0,4596.0,5619.0,4168.0,1451.0,25988.0,14837.0,11151.0,22535.0,11631.0,10904.0,17459.0,10597.0,6862.0,4200374.0,152850.0
131,661,San Angelo,2159450.0,1228887.0,893944.0,573974.0,319970.0,2353.0,1812.0,541.0,4471.0,3858.0,613.0,1359.0,1030.0,329.0,6999.0,5023.0,1976.0,2177.0,1128.0,1049.0,2807.0,1509.0,1298.0,4831.0,3438.0,1393.0,4820.0,3217.0,1603.0,1035.0,786.0,249.0,3144.0,2132.0,1012.0,1827891.0,331559.0
132,662,Abilene-Sweetwater,292120.0,246243.0,39740.0,28818.0,10922.0,403.0,380.0,23.0,704.0,653.0,51.0,126.0,84.0,42.0,1462.0,1005.0,457.0,318.0,242.0,76.0,435.0,189.0,246.0,426.0,242.0,184.0,750.0,434.0,316.0,104.0,90.0,14.0,967.0,490.0,477.0,279009.0,13111.0
133,669,Madison,934721.0,849182.0,40344.0,24554.0,15790.0,2506.0,2035.0,471.0,7600.0,5939.0,1661.0,3128.0,2291.0,837.0,7409.0,5314.0,2095.0,1825.0,941.0,884.0,7359.0,3693.0,3666.0,648.0,505.0,143.0,10166.0,6632.0,3534.0,1078.0,486.0,592.0,2533.0,1928.0,605.0,904018.0,30703.0
134,670,Ft. Smith-Fay-Sprngdl-Rgrs,791026.0,692274.0,73134.0,37116.0,36018.0,787.0,703.0,84.0,1631.0,1306.0,325.0,364.0,302.0,62.0,3286.0,2282.0,1004.0,370.0,186.0,184.0,1433.0,875.0,558.0,997.0,505.0,492.0,11756.0,5408.0,6348.0,732.0,365.0,367.0,1450.0,1273.0,177.0,743640.0,47386.0
135,671,Tulsa,1955319.0,1798802.0,100386.0,58879.0,41507.0,2429.0,2063.0,366.0,5960.0,5101.0,859.0,1845.0,1255.0,590.0,6155.0,4861.0,1294.0,2257.0,1196.0,1061.0,3094.0,1577.0,1517.0,1770.0,1243.0,527.0,11132.0,5807.0,5325.0,2430.0,1850.0,580.0,14826.0,12919.0,1907.0,1897358.0,57961.0
136,673,Columbus-Tupelo-West Point,463036.0,447495.0,9829.0,5727.0,4102.0,591.0,535.0,56.0,761.0,475.0,286.0,152.0,95.0,57.0,1227.0,774.0,453.0,168.0,117.0,51.0,770.0,392.0,378.0,180.0,113.0,67.0,464.0,195.0,269.0,537.0,345.0,192.0,723.0,609.0,114.0,456933.0,6103.0
137,675,Peoria-Bloomington,1676268.0,1442892.0,164169.0,94912.0,69257.0,4757.0,2400.0,2357.0,5966.0,4816.0,1150.0,6868.0,4393.0,2475.0,17621.0,12076.0,5545.0,1768.0,756.0,1012.0,3394.0,1910.0,1484.0,5933.0,4647.0,1286.0,12531.0,8129.0,4402.0,4632.0,3570.0,1062.0,3420.0,2416.0,1004.0,1583830.0,92438.0
138,676,Duluth-Superior,1057984.0,1002063.0,19994.0,14170.0,5824.0,1535.0,1214.0,321.0,4207.0,3599.0,608.0,2584.0,1707.0,877.0,4208.0,3505.0,703.0,581.0,388.0,193.0,2680.0,1780.0,900.0,916.0,527.0,389.0,7649.0,5331.0,2318.0,765.0,565.0,200.0,9373.0,6912.0,2461.0,1042490.0,15494.0
139,678,Wichita-Hutchinson Plus,3805582.0,3342072.0,320033.0,192813.0,127220.0,5978.0,4849.0,1129.0,19564.0,15496.0,4068.0,5569.0,4052.0,1517.0,20492.0,14788.0,5704.0,4369.0,2086.0,2283.0,12804.0,5954.0,6850.0,5404.0,3636.0,1768.0,26537.0,15483.0,11054.0,6943.0,4244.0,2699.0,13245.0,8997.0,4248.0,3623127.0,182455.0
140,679,Des Moines-Ames,1078607.0,982701.0,45711.0,25261.0,20450.0,1432.0,1178.0,254.0,4045.0,3086.0,959.0,7893.0,4812.0,3081.0,6173.0,4434.0,1739.0,1319.0,506.0,813.0,5441.0,2200.0,3241.0,1025.0,517.0,508.0,10773.0,5342.0,5431.0,3285.0,2152.0,1133.0,4762.0,2694.0,2068.0,1036409.0,42198.0
141,682,Davenport-R.Island-Moline,721075.0,668285.0,32741.0,20972.0,11769.0,2459.0,1147.0,1312.0,2528.0,2114.0,414.0,1483.0,844.0,639.0,3305.0,2356.0,949.0,482.0,188.0,294.0,1247.0,475.0,772.0,1071.0,706.0,365.0,3110.0,1516.0,1594.0,1047.0,728.0,319.0,2057.0,1305.0,752.0,700995.0,20080.0
142,686,Mobile-Pensacola (Ft Walt),1353862.0,1272887.0,40478.0,27826.0,12652.0,4087.0,3248.0,839.0,3987.0,3375.0,612.0,2389.0,1584.0,805.0,5408.0,4259.0,1149.0,1673.0,791.0,882.0,2738.0,1212.0,1526.0,5279.0,3673.0,1606.0,5536.0,3204.0,2332.0,2468.0,1471.0,997.0,1656.0,1240.0,416.0,1327047.0,26815.0
143,687,Bismarck-Mnt-Dcknsn(Wlstn),1400007.0,1331366.0,22843.0,17068.0,5775.0,3474.0,2523.0,951.0,12606.0,10988.0,1618.0,3386.0,2290.0,1096.0,6566.0,4355.0,2211.0,850.0,309.0,541.0,2784.0,1622.0,1162.0,2466.0,1654.0,812.0,2606.0,1779.0,827.0,1419.0,968.0,451.0,8880.0,6855.0,2025.0,1382033.0,17974.0
144,691,Huntsville-Decatur (Flor),3134634.0,2950242.0,116467.0,62909.0,53558.0,6153.0,4361.0,1792.0,6287.0,5397.0,890.0,2748.0,1977.0,771.0,11545.0,8645.0,2900.0,5701.0,2330.0,3371.0,7660.0,3938.0,3722.0,2429.0,1740.0,689.0,8186.0,5441.0,2745.0,5790.0,4026.0,1764.0,5399.0,3914.0,1485.0,3057788.0,76846.0
145,692,Beaumont-Port Arthur,434820.0,369971.0,50255.0,32112.0,18143.0,2225.0,1782.0,443.0,434.0,413.0,21.0,179.0,166.0,13.0,2613.0,1758.0,855.0,146.0,102.0,44.0,507.0,286.0,221.0,816.0,536.0,280.0,1380.0,863.0,517.0,555.0,403.0,152.0,1389.0,1262.0,127.0,411558.0,23262.0
146,693,Little Rock-Pine Bluff,1381394.0,1304516.0,52434.0,28798.0,23636.0,1765.0,1551.0,214.0,2319.0,2043.0,276.0,1414.0,1108.0,306.0,4888.0,3455.0,1433.0,1187.0,781.0,406.0,3596.0,1928.0,1668.0,1306.0,918.0,388.0,3210.0,2019.0,1191.0,1821.0,1336.0,485.0,1604.0,1232.0,372.0,1350069.0,31325.0
147,698,Montgomery-Selma,591581.0,569897.0,10928.0,6005.0,4923.0,892.0,645.0,247.0,684.0,547.0,137.0,230.0,192.0,38.0,1905.0,1037.0,868.0,2428.0,803.0,1625.0,1324.0,442.0,882.0,254.0,215.0,39.0,1292.0,873.0,419.0,514.0,376.0,138.0,638.0,558.0,80.0,581781.0,9800.0
148,702,La Crosse-Eau Claire,524483.0,488551.0,11337.0,6395.0,4942.0,809.0,530.0,279.0,11976.0,8206.0,3770.0,732.0,591.0,141.0,1365.0,1121.0,244.0,207.0,110.0,97.0,1040.0,366.0,674.0,368.0,275.0,93.0,6893.0,3675.0,3218.0,138.0,90.0,48.0,995.0,716.0,279.0,510666.0,13817.0
149,705,Wausau-Rhinelander,422860.0,399476.0,6797.0,4443.0,2354.0,441.0,365.0,76.0,3987.0,3158.0,829.0,1191.0,819.0,372.0,1328.0,1151.0,177.0,152.0,55.0,97.0,447.0,262.0,185.0,305.0,253.0,52.0,7734.0,4576.0,3158.0,101.0,59.0,42.0,648.0,587.0,61.0,415277.0,7583.0
150,709,Tyler-Longview(Lfkn&Ncgd),701901.0,594080.0,97442.0,56383.0,41059.0,764.0,644.0,120.0,1152.0,1048.0,104.0,351.0,295.0,56.0,2012.0,1349.0,663.0,292.0,206.0,86.0,1010.0,665.0,345.0,1215.0,736.0,479.0,1719.0,1057.0,662.0,224.0,157.0,67.0,900.0,541.0,359.0,657512.0,44389.0
151,710,Hattiesburg-Laurel,278511.0,270070.0,5354.0,3135.0,2219.0,291.0,147.0,144.0,250.0,207.0,43.0,66.0,66.0,0.0,429.0,338.0,91.0,360.0,250.0,110.0,422.0,253.0,169.0,429.0,244.0,185.0,266.0,109.0,157.0,292.0,187.0,105.0,120.0,75.0,45.0,275201.0,3310.0
152,711,Meridian,170521.0,164224.0,2245.0,1534.0,711.0,143.0,83.0,60.0,139.0,139.0,0.0,109.0,20.0,89.0,289.0,280.0,9.0,41.0,0.0,41.0,471.0,130.0,341.0,69.0,59.0,10.0,25.0,25.0,0.0,82.0,37.0,45.0,2595.0,2205.0,390.0,168787.0,1734.0
153,716,Baton Rouge,391312.0,369775.0,11568.0,7337.0,4231.0,6472.0,5359.0,1113.0,689.0,599.0,90.0,115.0,84.0,31.0,555.0,426.0,129.0,114.0,85.0,29.0,356.0,196.0,160.0,155.0,123.0,32.0,471.0,321.0,150.0,114.0,90.0,24.0,172.0,171.0,1.0,384900.0,6412.0
154,717,Quincy-Hannibal-Keokuk,5994443.0,4225403.0,1038317.0,620654.0,417663.0,23694.0,18820.0,4874.0,22069.0,18559.0,3510.0,212605.0,110745.0,101860.0,170901.0,113105.0,57796.0,27576.0,13011.0,14565.0,65879.0,28635.0,37244.0,48428.0,34427.0,14001.0,51451.0,33183.0,18268.0,49682.0,30669.0,19013.0,45759.0,31374.0,14385.0,5284038.0,710405.0
155,718,"Jackson, Ms",2060015.0,1981866.0,47063.0,23340.0,23723.0,2870.0,1990.0,880.0,2487.0,2094.0,393.0,1144.0,659.0,485.0,7934.0,5649.0,2285.0,1331.0,824.0,507.0,1949.0,1070.0,879.0,2091.0,1352.0,739.0,2543.0,2175.0,368.0,2465.0,1417.0,1048.0,2168.0,1672.0,496.0,2025891.0,34124.0
156,722,Lincoln & Hastings-Krny,687075.0,618184.0,41616.0,23951.0,17665.0,904.0,731.0,173.0,2547.0,2274.0,273.0,2159.0,1552.0,607.0,3593.0,2692.0,901.0,593.0,298.0,295.0,2620.0,1033.0,1587.0,212.0,124.0,88.0,3042.0,1481.0,1561.0,3122.0,1733.0,1389.0,2768.0,1447.0,1321.0,657532.0,29543.0
157,724,Fargo,917845.0,868765.0,16996.0,11812.0,5184.0,1926.0,1376.0,550.0,6185.0,5165.0,1020.0,2967.0,1781.0,1186.0,6074.0,4111.0,1963.0,247.0,117.0,130.0,2162.0,1157.0,1005.0,1342.0,825.0,517.0,2798.0,1816.0,982.0,1505.0,944.0,561.0,5858.0,3565.0,2293.0,901793.0,16052.0
158,725,Sioux Falls(Mitchell),1406071.0,1309914.0,34964.0,20625.0,14339.0,1573.0,1105.0,468.0,11231.0,9224.0,2007.0,3630.0,1952.0,1678.0,5253.0,3143.0,2110.0,976.0,609.0,367.0,2549.0,1345.0,1204.0,1800.0,1128.0,672.0,8187.0,2585.0,5602.0,1572.0,898.0,674.0,23138.0,17472.0,5666.0,1370599.0,35472.0
159,734,Jonesboro,201237.0,194083.0,4564.0,2707.0,1857.0,159.0,82.0,77.0,637.0,487.0,150.0,153.0,104.0,49.0,293.0,141.0,152.0,12.0,12.0,0.0,327.0,140.0,187.0,58.0,44.0,14.0,530.0,272.0,258.0,183.0,117.0,66.0,180.0,139.0,41.0,198342.0,2895.0
160,736,Bowling Green,206721.0,189057.0,6187.0,3257.0,2930.0,281.0,136.0,145.0,2084.0,1369.0,715.0,2449.0,1337.0,1112.0,878.0,601.0,277.0,130.0,49.0,81.0,227.0,69.0,158.0,117.0,83.0,34.0,2787.0,1145.0,1642.0,1280.0,651.0,629.0,920.0,500.0,420.0,198396.0,8325.0
161,737,Mankato,284621.0,270664.0,6671.0,4252.0,2419.0,240.0,206.0,34.0,1035.0,843.0,192.0,546.0,432.0,114.0,929.0,781.0,148.0,229.0,125.0,104.0,376.0,228.0,148.0,151.0,121.0,30.0,1197.0,611.0,586.0,241.0,231.0,10.0,2113.0,1697.0,416.0,280258.0,4363.0
162,740,North Platte,1797999.0,1599589.0,132694.0,72457.0,60237.0,4196.0,3235.0,961.0,5040.0,4482.0,558.0,4264.0,2989.0,1275.0,10868.0,7121.0,3747.0,1579.0,810.0,769.0,5157.0,2124.0,3033.0,1353.0,931.0,422.0,12102.0,5485.0,6617.0,5299.0,3041.0,2258.0,8308.0,4409.0,3899.0,1709404.0,88595.0
163,743,Anchorage,531177.0,441412.0,18162.0,13447.0,4715.0,1489.0,1329.0,160.0,2475.0,2249.0,226.0,5219.0,3472.0,1747.0,2595.0,1869.0,726.0,3375.0,1374.0,2001.0,968.0,573.0,395.0,12531.0,6119.0,6412.0,12268.0,6707.0,5561.0,363.0,293.0,70.0,29631.0,23958.0,5673.0,503024.0,28153.0
164,744,Honolulu,1330157.0,986418.0,27325.0,19302.0,8023.0,3596.0,3100.0,496.0,3405.0,2773.0,632.0,2696.0,1902.0,794.0,5529.0,4117.0,1412.0,18910.0,7062.0,11848.0,33283.0,12836.0,20447.0,58455.0,29374.0,29081.0,173535.0,89649.0,83886.0,660.0,577.0,83.0,5745.0,4912.0,833.0,1165282.0,164875.0
165,745,Fairbanks,98591.0,87443.0,3211.0,2193.0,1018.0,581.0,581.0,0.0,812.0,812.0,0.0,1372.0,889.0,483.0,496.0,388.0,108.0,526.0,252.0,274.0,337.0,128.0,209.0,759.0,516.0,243.0,1121.0,758.0,363.0,36.0,36.0,0.0,1823.0,1607.0,216.0,95624.0,2967.0
166,746,Biloxi-Gulfport,336893.0,314710.0,12270.0,8240.0,4030.0,710.0,615.0,95.0,858.0,636.0,222.0,109.0,61.0,48.0,931.0,607.0,324.0,501.0,432.0,69.0,285.0,82.0,203.0,968.0,555.0,413.0,969.0,726.0,243.0,126.0,98.0,28.0,333.0,285.0,48.0,328849.0,8044.0
167,747,Juneau,31502.0,27737.0,1056.0,839.0,217.0,63.0,63.0,0.0,262.0,227.0,35.0,173.0,138.0,35.0,195.0,162.0,33.0,33.0,21.0,12.0,57.0,28.0,29.0,1315.0,627.0,688.0,234.0,97.0,137.0,0.0,0.0,0.0,326.0,287.0,39.0,30254.0,1248.0
168,749,Laredo,255900.0,24141.0,230249.0,141126.0,89123.0,10.0,10.0,0.0,96.0,96.0,0.0,2.0,0.0,2.0,449.0,258.0,191.0,123.0,80.0,43.0,36.0,29.0,7.0,366.0,340.0,26.0,150.0,60.0,90.0,31.0,31.0,0.0,27.0,27.0,0.0,166213.0,89687.0
169,751,Denver,4108419.0,3362717.0,519259.0,326656.0,192603.0,15015.0,12032.0,2983.0,19779.0,17621.0,2158.0,24217.0,15519.0,8698.0,38441.0,27838.0,10603.0,11382.0,5877.0,5505.0,22429.0,11331.0,11098.0,5505.0,3946.0,1559.0,32417.0,20629.0,11788.0,10031.0,6321.0,3710.0,28423.0,18266.0,10157.0,3837181.0,271238.0
170,752,Colorado Springs-Pueblo,906733.0,799733.0,73975.0,51070.0,22905.0,2393.0,1970.0,423.0,7120.0,6267.0,853.0,3060.0,2431.0,629.0,4039.0,3298.0,741.0,3372.0,1719.0,1653.0,1716.0,693.0,1023.0,2527.0,1621.0,906.0,4084.0,2606.0,1478.0,1027.0,514.0,513.0,2438.0,1706.0,732.0,874132.0,32601.0
171,753,Phoenix (Prescott),5009633.0,3765169.0,921205.0,602679.0,318526.0,13957.0,11070.0,2887.0,17172.0,15168.0,2004.0,20699.0,14647.0,6052.0,50965.0,38398.0,12567.0,7636.0,3857.0,3779.0,25667.0,12670.0,12997.0,20930.0,14950.0,5980.0,33506.0,23158.0,10348.0,20975.0,12677.0,8298.0,92300.0,69551.0,22749.0,4591950.0,417683.0
172,754,Butte-Bozeman,170233.0,163818.0,2980.0,2094.0,886.0,386.0,315.0,71.0,917.0,832.0,85.0,188.0,169.0,19.0,423.0,317.0,106.0,98.0,38.0,60.0,232.0,150.0,82.0,167.0,137.0,30.0,250.0,160.0,90.0,263.0,173.0,90.0,495.0,485.0,10.0,168700.0,1533.0
173,755,Great Falls,157205.0,151055.0,1568.0,1304.0,264.0,151.0,121.0,30.0,2334.0,1851.0,483.0,132.0,120.0,12.0,238.0,167.0,71.0,70.0,40.0,30.0,281.0,191.0,90.0,164.0,164.0,0.0,192.0,90.0,102.0,0.0,0.0,0.0,930.0,857.0,73.0,156016.0,1189.0
174,756,Billings,267252.0,253201.0,4839.0,3335.0,1504.0,483.0,427.0,56.0,1969.0,1743.0,226.0,223.0,98.0,125.0,645.0,452.0,193.0,60.0,9.0,51.0,349.0,224.0,125.0,227.0,172.0,55.0,263.0,234.0,29.0,129.0,63.0,66.0,4854.0,4430.0,424.0,264390.0,2862.0
175,757,Boise,730204.0,641660.0,65240.0,41523.0,23717.0,1612.0,1366.0,246.0,2521.0,2191.0,330.0,3201.0,1981.0,1220.0,3683.0,2367.0,1316.0,504.0,123.0,381.0,3112.0,1701.0,1411.0,916.0,667.0,249.0,3090.0,1721.0,1369.0,1385.0,459.0,926.0,2379.0,1443.0,936.0,697599.0,32605.0
176,758,Idaho Fals-Pocatllo(Jcksn),351551.0,311472.0,31117.0,20093.0,11024.0,584.0,543.0,41.0,1087.0,877.0,210.0,789.0,653.0,136.0,1525.0,1370.0,155.0,207.0,52.0,155.0,720.0,294.0,426.0,457.0,251.0,206.0,1184.0,911.0,273.0,804.0,421.0,383.0,1491.0,1302.0,189.0,338246.0,13305.0
177,759,Cheyenne-Scottsbluff,142269.0,131638.0,8406.0,5676.0,2730.0,230.0,142.0,88.0,356.0,305.0,51.0,86.0,68.0,18.0,357.0,208.0,149.0,142.0,87.0,55.0,318.0,86.0,232.0,208.0,155.0,53.0,204.0,192.0,12.0,110.0,60.0,50.0,199.0,147.0,52.0,138767.0,3502.0
178,760,Twin Falls,176621.0,140910.0,31475.0,16149.0,15326.0,149.0,78.0,71.0,405.0,358.0,47.0,955.0,659.0,296.0,927.0,594.0,333.0,78.0,46.0,32.0,206.0,141.0,65.0,324.0,283.0,41.0,459.0,401.0,58.0,233.0,89.0,144.0,273.0,149.0,124.0,159920.0,16701.0
179,762,Missoula,283873.0,274784.0,3579.0,2958.0,621.0,758.0,675.0,83.0,1315.0,1158.0,157.0,533.0,308.0,225.0,546.0,451.0,95.0,385.0,185.0,200.0,333.0,90.0,243.0,364.0,164.0,200.0,384.0,243.0,141.0,64.0,42.0,22.0,725.0,618.0,107.0,281713.0,2160.0
180,764,Rapid City,245573.0,232647.0,3588.0,2696.0,892.0,380.0,304.0,76.0,1016.0,821.0,195.0,381.0,277.0,104.0,519.0,389.0,130.0,196.0,97.0,99.0,249.0,156.0,93.0,414.0,163.0,251.0,514.0,227.0,287.0,27.0,14.0,13.0,5591.0,4955.0,636.0,242763.0,2810.0
181,765,El Paso (Las Cruces),1555146.0,706458.0,774974.0,473916.0,301058.0,2709.0,2244.0,465.0,5464.0,4556.0,908.0,1710.0,1251.0,459.0,4892.0,3620.0,1272.0,2368.0,1167.0,1201.0,2609.0,1502.0,1107.0,2673.0,1866.0,807.0,2933.0,2141.0,792.0,2047.0,1148.0,899.0,45500.0,40582.0,4918.0,1240769.0,314377.0
182,766,Helena,295390.0,282569.0,4232.0,3284.0,948.0,412.0,283.0,129.0,2483.0,1984.0,499.0,305.0,202.0,103.0,496.0,417.0,79.0,78.0,76.0,2.0,117.0,67.0,50.0,117.0,82.0,35.0,354.0,282.0,72.0,31.0,8.0,23.0,4141.0,3812.0,329.0,293100.0,2290.0
183,767,Casper-Riverton,138525.0,128718.0,5687.0,4259.0,1428.0,430.0,399.0,31.0,623.0,588.0,35.0,135.0,77.0,58.0,188.0,149.0,39.0,58.0,58.0,0.0,168.0,123.0,45.0,124.0,101.0,23.0,249.0,93.0,156.0,7.0,7.0,0.0,2071.0,1952.0,119.0,136591.0,1934.0
184,770,Salt Lake City,2908494.0,2486857.0,288411.0,187105.0,101306.0,7649.0,6396.0,1253.0,10685.0,9456.0,1229.0,8678.0,5854.0,2824.0,26426.0,20176.0,6250.0,4636.0,2717.0,1919.0,14655.0,8708.0,5947.0,4607.0,3551.0,1056.0,27410.0,19852.0,7558.0,4275.0,2537.0,1738.0,16641.0,13254.0,3387.0,2769549.0,138945.0
185,771,Yuma-El Centro,354010.0,126720.0,221041.0,125717.0,95324.0,382.0,287.0,95.0,405.0,352.0,53.0,95.0,89.0,6.0,1136.0,820.0,316.0,452.0,161.0,291.0,487.0,206.0,281.0,1013.0,744.0,269.0,641.0,336.0,305.0,493.0,257.0,236.0,831.0,698.0,133.0,256562.0,97448.0
186,773,Grand Junction-Montrose,178570.0,163316.0,12850.0,8517.0,4333.0,213.0,157.0,56.0,639.0,592.0,47.0,155.0,155.0,0.0,214.0,164.0,50.0,135.0,80.0,55.0,143.0,36.0,107.0,170.0,114.0,56.0,292.0,152.0,140.0,7.0,7.0,0.0,233.0,206.0,27.0,173579.0,4991.0
187,789,Tucson (Sierra Vista),1109909.0,771882.0,286554.0,201848.0,84706.0,3015.0,2400.0,615.0,6297.0,5632.0,665.0,3320.0,2135.0,1185.0,6823.0,5055.0,1768.0,1990.0,1029.0,961.0,5955.0,2875.0,3080.0,2938.0,2191.0,747.0,4988.0,3301.0,1687.0,3041.0,1677.0,1364.0,9419.0,7536.0,1883.0,1009118.0,100791.0
188,790,Albuquerque-Santa Fe,1999712.0,1355765.0,466700.0,343405.0,123295.0,5366.0,4500.0,866.0,8793.0,6991.0,1802.0,2934.0,2295.0,639.0,8296.0,6425.0,1871.0,1810.0,1036.0,774.0,4692.0,2696.0,1996.0,3376.0,2693.0,683.0,5544.0,3651.0,1893.0,2628.0,1853.0,775.0,129865.0,108251.0,21614.0,1841071.0,158641.0
189,798,Glendive,9994.0,9841.0,23.0,6.0,17.0,3.0,3.0,0.0,41.0,40.0,1.0,0.0,0.0,0.0,0.0,0.0,0.0,0.0,0.0,0.0,0.0,0.0,0.0,27.0,27.0,0.0,54.0,54.0,0.0,0.0,0.0,0.0,5.0,4.0,1.0,9975.0,19.0
190,801,Eugene,591646.0,543267.0,26319.0,18408.0,7911.0,1378.0,1211.0,167.0,2911.0,2694.0,217.0,1020.0,832.0,188.0,2852.0,2254.0,598.0,1776.0,871.0,905.0,5141.0,2190.0,2951.0,708.0,541.0,167.0,3042.0,2272.0,770.0,992.0,628.0,364.0,1241.0,1067.0,174.0,576914.0,14732.0
191,802,Eureka,153911.0,135820.0,10886.0,7458.0,3428.0,377.0,320.0,57.0,513.0,452.0,61.0,205.0,170.0,35.0,1289.0,1009.0,280.0,121.0,92.0,29.0,411.0,171.0,240.0,433.0,328.0,105.0,2330.0,1145.0,1185.0,153.0,101.0,52.0,1101.0,995.0,106.0,148235.0,5676.0
192,803,Los Angeles,23263018.0,12281937.0,7069005.0,4135497.0,2933508.0,91130.0,78395.0,12735.0,80141.0,71355.0,8786.0,170331.0,99042.0,71289.0,730721.0,472471.0,258250.0,363112.0,153760.0,209352.0,829551.0,350295.0,479256.0,478926.0,329034.0,149892.0,438807.0,252481.0,186326.0,126913.0,81338.0,45575.0,105574.0,77471.0,28103.0,18586693.0,4676325.0
193,807,San Francisco-Oak-San Jose,6923813.0,3989450.0,1181143.0,680148.0,500995.0,42237.0,36934.0,5303.0,35913.0,32369.0,3544.0,69809.0,43944.0,25865.0,323709.0,244867.0,78842.0,55572.0,29437.0,26135.0,537330.0,240938.0,296392.0,226034.0,147269.0,78765.0,213286.0,146880.0,66406.0,31151.0,21391.0,9760.0,48009.0,34024.0,13985.0,5715919.0,1207894.0
194,810,Yakima-Pasco-Rchlnd-Knnwck,665176.0,464600.0,181701.0,103410.0,78291.0,912.0,713.0,199.0,1643.0,1446.0,197.0,3630.0,2340.0,1290.0,1871.0,1441.0,430.0,363.0,80.0,283.0,1654.0,874.0,780.0,1362.0,920.0,442.0,3185.0,1611.0,1574.0,950.0,394.0,556.0,1783.0,1275.0,508.0,579807.0,85369.0
195,811,Reno,667756.0,529646.0,104557.0,63924.0,40633.0,1639.0,1340.0,299.0,2608.0,2267.0,341.0,1106.0,795.0,311.0,6757.0,4475.0,2282.0,1166.0,592.0,574.0,2929.0,1215.0,1714.0,8491.0,5924.0,2567.0,4327.0,2871.0,1456.0,597.0,441.0,156.0,2730.0,2253.0,477.0,616418.0,51338.0
196,813,Medford-Klamath Falls,412617.0,379504.0,25449.0,16047.0,9402.0,908.0,769.0,139.0,1569.0,1384.0,185.0,439.0,349.0,90.0,1422.0,1120.0,302.0,260.0,145.0,115.0,660.0,315.0,345.0,590.0,376.0,214.0,1052.0,736.0,316.0,169.0,148.0,21.0,360.0,285.0,75.0,401194.0,11423.0
197,819,Seattle-Tacoma,4831321.0,3893659.0,311587.0,186136.0,125451.0,20292.0,17215.0,3077.0,26852.0,23757.0,3095.0,66225.0,38848.0,27377.0,96829.0,72487.0,24342.0,44728.0,20478.0,24250.0,90112.0,44072.0,46040.0,53867.0,34896.0,18971.0,107353.0,70086.0,37267.0,13224.0,8076.0,5148.0,51623.0,32515.0,19108.0,4464844.0,366477.0
198,820,"Portland, Or",3108645.0,2571857.0,291980.0,173869.0,118111.0,9960.0,8409.0,1551.0,14130.0,12867.0,1263.0,47876.0,28068.0,19808.0,36329.0,26028.0,10301.0,9295.0,4806.0,4489.0,26994.0,13497.0,13497.0,11288.0,8205.0,3083.0,39956.0,24643.0,15313.0,7321.0,4765.0,2556.0,15183.0,9862.0,5321.0,2897169.0,211476.0
199,821,"Bend, Or",166081.0,155403.0,7520.0,5012.0,2508.0,241.0,184.0,57.0,777.0,686.0,91.0,121.0,74.0,47.0,581.0,511.0,70.0,231.0,101.0,130.0,202.0,35.0,167.0,161.0,107.0,54.0,527.0,350.0,177.0,77.0,71.0,6.0,127.0,87.0,40.0,162621.0,3460.0
200,825,San Diego,3070763.0,1913789.0,760732.0,472367.0,288365.0,11277.0,9360.0,1917.0,12594.0,11032.0,1562.0,17054.0,11084.0,5970.0,57502.0,39727.0,17775.0,15967.0,8127.0,7840.0,47112.0,23755.0,23357.0,95001.0,59288.0,35713.0,46397.0,28519.0,17878.0,25359.0,12753.0,12606.0,26490.0,15545.0,10945.0,2621535.0,449228.0
201,828,Monterey-Salinas,713613.0,392255.0,277419.0,136409.0,141010.0,2372.0,2151.0,221.0,3430.0,2900.0,530.0,2241.0,1757.0,484.0,9271.0,7028.0,2243.0,2470.0,1074.0,1396.0,5409.0,3299.0,2110.0,7598.0,4858.0,2740.0,5516.0,3602.0,1914.0,2171.0,1438.0,733.0,1560.0,816.0,744.0,558379.0,155234.0
202,839,Las Vegas,2022905.0,1336442.0,470238.0,280719.0,189519.0,6854.0,5556.0,1298.0,7257.0,6289.0,968.0,13344.0,8776.0,4568.0,25636.0,17838.0,7798.0,10556.0,5029.0,5527.0,25720.0,11084.0,14636.0,71054.0,49597.0,21457.0,25094.0,15178.0,9916.0,5092.0,3589.0,1503.0,17674.0,11520.0,6154.0,1755364.0,267541.0
203,855,Santabarbra-Sanmar-Sanluob,11211199.0,5247751.0,4150936.0,2411505.0,1739431.0,46348.0,39785.0,6563.0,34048.0,30354.0,3694.0,71284.0,40997.0,30287.0,415871.0,248590.0,167281.0,180631.0,71954.0,108677.0,389898.0,155141.0,234757.0,260222.0,176607.0,83615.0,203647.0,107841.0,95806.0,50158.0,30963.0,19195.0,68834.0,51080.0,17754.0,8649036.0,2562163.0
204,862,Sacramnto-Stkton-Modesto,3542450.0,2402428.0,653808.0,398815.0,254993.0,7280.0,6225.0,1055.0,11401.0,10136.0,1265.0,48995.0,25735.0,23260.0,137393.0,83888.0,53505.0,9513.0,4118.0,5395.0,56431.0,22444.0,33987.0,56846.0,35725.0,21121.0,94613.0,54911.0,39702.0,14045.0,8834.0,5211.0,17296.0,11080.0,6216.0,3077597.0,464853.0
205,866,Fresno-Visalia,1856183.0,993566.0,720430.0,391206.0,329224.0,2095.0,1724.0,371.0,3370.0,2997.0,373.0,2736.0,1928.0,808.0,43345.0,24087.0,19258.0,2001.0,997.0,1004.0,6974.0,3006.0,3968.0,13578.0,8728.0,4850.0,53622.0,28833.0,24789.0,6216.0,3554.0,2662.0,3497.0,2121.0,1376.0,1464897.0,391286.0
206,868,Chico-Redding,487646.0,418592.0,48782.0,30859.0,17923.0,881.0,777.0,104.0,1500.0,1239.0,261.0,883.0,620.0,263.0,3647.0,2572.0,1075.0,499.0,182.0,317.0,1800.0,640.0,1160.0,1532.0,1091.0,441.0,7122.0,3586.0,3536.0,966.0,724.0,242.0,801.0,654.0,147.0,461773.0,25873.0
207,881,Spokane,1084378.0,981410.0,62846.0,36552.0,26294.0,2176.0,1812.0,364.0,4349.0,3840.0,509.0,10994.0,6269.0,4725.0,4431.0,2902.0,1529.0,1368.0,722.0,646.0,3783.0,1853.0,1930.0,1454.0,928.0,526.0,4762.0,3009.0,1753.0,1514.0,779.0,735.0,3381.0,2420.0,961.0,1043181.0,41197.0
