,DMA Code,DMA Name,total,0_10000,10000_14999,15000_19999,20000_24999,25000_29999,30000_34999,35000_39999,40000_49999,50000_59999,60000_69999,70000_79999,80000_89999,90000_99999,100000_124999,125000_149999,150000_174999,175000_199999,200000_249999,250000_299999,300000_399999,400000_499999,500000_749999,750000_999999,1000000_1499999,1500000_1999999,2000000_more
0,500,Portland-Auburn,311465.0,2497.0,1582.0,2079.0,1933.0,1654.0,1894.0,1257.0,2808.0,3825.0,3796.0,5026.0,6505.0,5477.0,17846.0,19874.0,29405.0,23220.0,46592.0,39389.0,45329.0,21047.0,17840.0,5425.0,2782.0,957.0,1426.0
1,501,New York,4136376.0,29324.0,6379.0,8187.0,8767.0,8292.0,7416.0,7192.0,12088.0,13362.0,11318.0,13302.0,13672.0,12718.0,54385.0,51360.0,95740.0,83989.0,250143.0,312377.0,751394.0,651000.0,925753.0,387562.0,212477.0,78826.0,129353.0
2,502,Binghamton,97721.0,1452.0,1169.0,701.0,922.0,688.0,960.0,602.0,2737.0,3206.0,4969.0,6371.0,7802.0,6535.0,13316.0,10031.0,11257.0,5539.0,7858.0,4812.0,3275.0,1283.0,1401.0,418.0,190.0,51.0,176.0
3,503,Macon,158768.0,3283.0,2832.0,2238.0,3020.0,2416.0,4180.0,2658.0,5859.0,7176.0,8199.0,7452.0,9180.0,7028.0,13822.0,15459.0,15964.0,10716.0,12414.0,8892.0,8386.0,3236.0,2715.0,773.0,450.0,61.0,359.0
4,504,Philadelphia,2072137.0,13823.0,7755.0,8452.0,7269.0,6600.0,6845.0,6116.0,16362.0,20207.0,26656.0,28671.0,35073.0,35254.0,108577.0,108987.0,171815.0,146446.0,294109.0,257437.0,349730.0,176608.0,160709.0,44430.0,19112.0,6166.0,8928.0
5,505,Detroit,2477487.0,45016.0,26014.0,21070.0,23836.0,21864.0,29124.0,18527.0,47832.0,55011.0,63413.0,66767.0,76655.0,62911.0,190582.0,187586.0,245176.0,172379.0,304806.0,236452.0,295701.0,133355.0,100002.0,29060.0,13002.0,4909.0,6437.0
6,506,Boston (Manchester),1624118.0,9206.0,1813.0,2215.0,3153.0,2535.0,3259.0,2324.0,4342.0,4619.0,3935.0,4604.0,4441.0,4219.0,19423.0,22235.0,42271.0,44955.0,128641.0,156010.0,334589.0,255272.0,339495.0,122646.0,63290.0,20392.0,24234.0
7,507,Savannah,1302937.0,18303.0,9070.0,9751.0,10481.0,10897.0,11354.0,9199.0,21029.0,26431.0,26146.0,33900.0,40650.0,34532.0,90514.0,96044.0,123567.0,87536.0,152874.0,121043.0,147384.0,80865.0,85772.0,27984.0,15394.0,5424.0,6793.0
8,508,Pittsburgh,843231.0,12628.0,7242.0,6232.0,7612.0,6933.0,8807.0,7957.0,19779.0,26555.0,29963.0,35592.0,41235.0,33864.0,82238.0,72062.0,90199.0,57704.0,89010.0,65023.0,72498.0,31107.0,26143.0,7290.0,3289.0,1013.0,1256.0
9,509,Ft. Wayne,593687.0,9266.0,4032.0,3421.0,3533.0,3418.0,4696.0,3269.0,11577.0,14737.0,18947.0,25266.0,30766.0,26425.0,64152.0,60105.0,60597.0,41249.0,64100.0,46575.0,51180.0,21821.0,15644.0,5272.0,2265.0,507.0,867.0
10,510,Cleveland-Akron (Canton),1054899.0,13509.0,7647.0,7087.0,7181.0,7274.0,9566.0,7520.0,21115.0,30534.0,37929.0,42869.0,52377.0,46428.0,123001.0,114122.0,116028.0,74542.0,112918.0,78957.0,78549.0,30341.0,23720.0,6240.0,3026.0,969.0,1450.0
11,511,"Washington, Dc (Hagrstwn)",2172237.0,17647.0,5031.0,4094.0,4880.0,4798.0,4515.0,3892.0,6508.0,8837.0,9065.0,10057.0,12420.0,9921.0,41031.0,43812.0,76617.0,73319.0,193672.0,223697.0,436518.0,314403.0,400753.0,155607.0,69825.0,20895.0,20423.0
12,512,Baltimore,1133920.0,7666.0,3319.0,3532.0,3916.0,3337.0,2927.0,2298.0,5582.0,5859.0,7881.0,8137.0,10750.0,9980.0,37547.0,41015.0,65735.0,63023.0,154783.0,146391.0,223777.0,132097.0,135599.0,34374.0,13496.0,4568.0,6331.0
13,513,Flint-Saginaw-Bay City,346528.0,9700.0,7093.0,5836.0,6322.0,5868.0,6987.0,4367.0,12829.0,14213.0,17048.0,18027.0,21166.0,16826.0,42394.0,32853.0,33901.0,20533.0,28056.0,16810.0,13993.0,4152.0,3816.0,1359.0,806.0,1031.0,542.0
14,514,Buffalo,2144852.0,20915.0,13453.0,13958.0,13725.0,13507.0,16372.0,14662.0,41786.0,53308.0,65679.0,74702.0,86033.0,76486.0,199466.0,173303.0,215515.0,150176.0,250332.0,183703.0,221743.0,104520.0,94810.0,26380.0,11547.0,3218.0,5553.0
15,515,Cincinnati,634349.0,7492.0,3644.0,3222.0,2442.0,2755.0,3022.0,2308.0,7149.0,9331.0,15123.0,19073.0,26433.0,22528.0,64069.0,66199.0,71014.0,49579.0,78266.0,56919.0,63400.0,26289.0,23031.0,6232.0,3130.0,948.0,751.0
16,516,Erie,112827.0,2574.0,1175.0,941.0,1041.0,949.0,1300.0,980.0,3140.0,3954.0,5129.0,5995.0,7153.0,6576.0,13673.0,11628.0,12477.0,7768.0,9798.0,6788.0,5622.0,1748.0,1407.0,548.0,343.0,35.0,85.0
17,517,Charlotte,845702.0,12290.0,6561.0,4962.0,3865.0,4945.0,5675.0,3621.0,10952.0,15680.0,17871.0,21402.0,28389.0,26126.0,68561.0,67002.0,80538.0,59153.0,98725.0,80688.0,100636.0,50669.0,45407.0,17370.0,8544.0,2985.0,3085.0
18,518,Greensboro-H.Point-W.Salem,483461.0,9396.0,4251.0,3933.0,3523.0,2448.0,3795.0,2834.0,7070.0,11421.0,12808.0,18724.0,22272.0,20332.0,56741.0,54425.0,57395.0,35035.0,49469.0,35319.0,36384.0,16032.0,13156.0,3670.0,1865.0,420.0,743.0
19,519,"Charleston, Sc",241482.0,4774.0,2907.0,2148.0,2184.0,1723.0,2415.0,1145.0,3637.0,3907.0,4217.0,4009.0,4499.0,4583.0,12078.0,12337.0,17334.0,15790.0,30110.0,24341.0,34096.0,16459.0,20128.0,7563.0,4144.0,2169.0,2785.0
20,520,Augusta-Aiken,1843040.0,38223.0,22416.0,18527.0,20798.0,21686.0,25281.0,15572.0,42161.0,51825.0,55011.0,63731.0,71172.0,58276.0,154247.0,150489.0,183440.0,127430.0,199379.0,154465.0,169293.0,76859.0,73724.0,23512.0,13050.0,5264.0,7209.0
21,521,Providence-New Bedford,393874.0,2184.0,465.0,927.0,1181.0,1272.0,729.0,470.0,926.0,770.0,876.0,1379.0,1749.0,1429.0,7295.0,10344.0,22092.0,24143.0,67781.0,62934.0,90898.0,43669.0,35063.0,8342.0,3311.0,1035.0,2610.0
22,522,"Columbus, Ga (Opelika, Al)",133832.0,3042.0,2308.0,1576.0,1975.0,1851.0,2201.0,1208.0,4427.0,4709.0,4934.0,5309.0,6561.0,4762.0,12805.0,10870.0,13718.0,8574.0,14551.0,9946.0,9158.0,4076.0,3257.0,1217.0,353.0,136.0,308.0
23,523,Burlington-Plattsburgh,261193.0,2242.0,1227.0,1601.0,1814.0,1381.0,1498.0,1144.0,2801.0,3641.0,4235.0,5453.0,6407.0,5566.0,17337.0,19420.0,26195.0,20742.0,36677.0,30324.0,35217.0,15919.0,13196.0,3886.0,1813.0,586.0,871.0
24,524,Atlanta,2417879.0,24145.0,13278.0,13622.0,12905.0,11977.0,14721.0,10619.0,26353.0,36102.0,38853.0,48258.0,59727.0,51925.0,155343.0,177323.0,247469.0,179514.0,311196.0,245149.0,320496.0,176038.0,159595.0,46103.0,21242.0,6902.0,9024.0
25,525,"Albany, Ga",91267.0,2837.0,1499.0,1377.0,2414.0,1851.0,2578.0,1915.0,4657.0,5071.0,5358.0,5394.0,5222.0,4084.0,9301.0,7575.0,7195.0,5179.0,6330.0,4933.0,3640.0,1193.0,1074.0,236.0,99.0,122.0,133.0
26,526,Utica,48167.0,641.0,240.0,303.0,256.0,485.0,408.0,497.0,1343.0,1978.0,2316.0,2485.0,2478.0,2796.0,5513.0,4982.0,5223.0,2567.0,4228.0,2964.0,2999.0,1126.0,1234.0,447.0,397.0,134.0,127.0
27,527,Indianapolis,798775.0,9758.0,6136.0,5032.0,5072.0,5120.0,6772.0,5434.0,16269.0,21303.0,29009.0,33250.0,37160.0,34182.0,85274.0,83367.0,85792.0,56010.0,84617.0,57236.0,67483.0,28750.0,22990.0,7274.0,3252.0,833.0,1400.0
28,528,Miami-Ft. Lauderdale,927854.0,7432.0,3091.0,2846.0,2644.0,2586.0,3473.0,2634.0,6213.0,7576.0,10943.0,10047.0,12451.0,11757.0,35146.0,31914.0,54092.0,43155.0,104080.0,111326.0,187667.0,109362.0,92131.0,33011.0,20617.0,8420.0,13240.0
29,529,Louisville,474395.0,6757.0,3715.0,2884.0,3260.0,2549.0,2972.0,2599.0,6703.0,8467.0,11404.0,15010.0,20345.0,19823.0,50208.0,50179.0,54140.0,35286.0,54331.0,40914.0,43315.0,17002.0,14718.0,4377.0,1998.0,595.0,844.0
30,530,Tallahassee-Thomasville,174000.0,2537.0,2095.0,2132.0,2506.0,2273.0,2846.0,2629.0,5315.0,5878.0,7363.0,7038.0,7065.0,6066.0,15600.0,13566.0,16767.0,11758.0,17573.0,14239.0,15502.0,5684.0,4902.0,1185.0,671.0,333.0,477.0
31,531,"Tri-Cities, Tn-Va",228559.0,7322.0,4038.0,2569.0,3367.0,2522.0,3952.0,2639.0,7359.0,8475.0,9673.0,11739.0,12832.0,10572.0,23528.0,22201.0,24286.0,13831.0,20093.0,13163.0,12658.0,4461.0,4642.0,1515.0,592.0,151.0,379.0
32,532,Albany-Schenectady-Troy,377771.0,3759.0,2148.0,2237.0,1558.0,1336.0,1752.0,1378.0,3427.0,4285.0,5717.0,7462.0,9882.0,7646.0,25268.0,28784.0,39414.0,33730.0,58621.0,44691.0,49774.0,20547.0,15053.0,4503.0,2365.0,935.0,1499.0
33,533,Hartford & New Haven,685285.0,3229.0,1436.0,2254.0,1636.0,1621.0,1205.0,1024.0,1824.0,2367.0,3148.0,4894.0,6182.0,6415.0,30526.0,38772.0,64943.0,57130.0,114548.0,100716.0,127805.0,55345.0,39228.0,10448.0,4173.0,1562.0,2854.0
34,534,Orlando-Daytona Bch-Melbrn,1083975.0,13270.0,7660.0,7281.0,7799.0,7089.0,7838.0,5548.0,12828.0,15202.0,16881.0,18829.0,22248.0,19240.0,61377.0,60709.0,95698.0,80233.0,170500.0,145352.0,161818.0,65110.0,52294.0,14389.0,7119.0,2571.0,5092.0
35,535,"Columbus, Oh",628214.0,8200.0,4045.0,3476.0,3301.0,3160.0,3894.0,3047.0,9607.0,12688.0,16557.0,19773.0,23088.0,21773.0,56505.0,55314.0,65094.0,47986.0,79410.0,57400.0,69020.0,31227.0,23642.0,5915.0,2472.0,659.0,961.0
36,536,Youngstown,193452.0,5122.0,3013.0,2545.0,2553.0,2481.0,3425.0,2777.0,7914.0,8850.0,11669.0,12899.0,13296.0,11090.0,23760.0,18236.0,18686.0,9653.0,13906.0,8912.0,7301.0,2543.0,1796.0,474.0,351.0,105.0,95.0
37,537,Bangor,109543.0,1358.0,1282.0,951.0,1306.0,1081.0,1253.0,1101.0,3357.0,3566.0,3546.0,4058.0,4662.0,3858.0,11666.0,10256.0,12998.0,8129.0,12307.0,8407.0,7857.0,2502.0,2294.0,860.0,518.0,136.0,234.0
38,538,"Rochester, Ny",1998068.0,19675.0,8191.0,6237.0,6241.0,5960.0,6889.0,6335.0,16948.0,24072.0,30760.0,35884.0,41917.0,38436.0,99136.0,88942.0,96228.0,64484.0,120318.0,101189.0,184303.0,178209.0,356378.0,198159.0,127062.0,47720.0,88395.0
39,539,Tampa-St. Pete (Sarasota),1330276.0,21304.0,11623.0,13898.0,12639.0,12031.0,12441.0,10061.0,24987.0,26443.0,27143.0,31914.0,36184.0,28995.0,83873.0,79533.0,116370.0,94306.0,179494.0,148203.0,165738.0,75518.0,69045.0,23295.0,13287.0,5107.0,6844.0
40,540,Traverse City-Cadillac,1205825.0,26985.0,19805.0,16599.0,20339.0,17415.0,22257.0,14411.0,38676.0,42336.0,48891.0,49514.0,57212.0,42054.0,122852.0,97562.0,118411.0,69691.0,115736.0,80277.0,87033.0,39626.0,35324.0,12162.0,5590.0,2413.0,2654.0
41,541,Lexington,336840.0,9626.0,5009.0,4060.0,5141.0,4232.0,5609.0,3097.0,8556.0,11069.0,11990.0,12637.0,16242.0,12728.0,35399.0,32820.0,33924.0,24641.0,31795.0,21418.0,23234.0,10135.0,8274.0,2859.0,1331.0,256.0,758.0
42,542,Dayton,328622.0,4483.0,2441.0,2432.0,2386.0,2403.0,2947.0,2934.0,7338.0,10342.0,13224.0,17779.0,19896.0,17553.0,38779.0,36896.0,37119.0,22444.0,31943.0,21287.0,18643.0,7104.0,5355.0,1210.0,995.0,250.0,439.0
43,543,Springfield-Holyoke,172968.0,827.0,360.0,815.0,428.0,282.0,329.0,176.0,497.0,598.0,669.0,768.0,1603.0,1506.0,7403.0,9971.0,20213.0,16805.0,32119.0,27209.0,28019.0,12074.0,6835.0,2090.0,625.0,420.0,327.0
44,544,Norfolk-Portsmth-Newpt Nws,865562.0,11566.0,5140.0,4016.0,4020.0,3692.0,3629.0,2871.0,5826.0,9828.0,9836.0,12382.0,14126.0,13105.0,41415.0,46876.0,65264.0,57879.0,121350.0,109508.0,149881.0,74309.0,63726.0,20640.0,8880.0,2310.0,3487.0
45,545,Greenville-N.Bern-Washngtn,194805.0,5730.0,2803.0,1735.0,2359.0,2433.0,2776.0,1759.0,4801.0,5802.0,7154.0,8387.0,10202.0,8023.0,20201.0,18256.0,21811.0,13164.0,19325.0,12622.0,13252.0,5058.0,4572.0,1492.0,696.0,108.0,284.0
46,546,"Columbia, Sc",293549.0,5843.0,3532.0,2698.0,3719.0,3583.0,4046.0,2521.0,7174.0,9811.0,9552.0,11877.0,13649.0,11037.0,30419.0,29011.0,32337.0,20210.0,28338.0,19917.0,21539.0,9932.0,8314.0,2171.0,1138.0,413.0,768.0
47,547,Toledo,292985.0,6757.0,3645.0,3821.0,3324.0,3001.0,3335.0,2778.0,7143.0,9406.0,12694.0,13230.0,16625.0,15280.0,36392.0,31331.0,31939.0,19949.0,28572.0,18107.0,13987.0,5283.0,4019.0,1248.0,582.0,166.0,371.0
48,548,West Palm Beach-Ft. Pierce,821013.0,8725.0,5642.0,6608.0,5637.0,6042.0,7039.0,5392.0,12154.0,15646.0,15469.0,18442.0,20223.0,15527.0,47583.0,45342.0,67326.0,53384.0,108277.0,87264.0,112949.0,51968.0,55019.0,21651.0,12006.0,4829.0,10869.0
49,549,Watertown,476289.0,5515.0,3452.0,3231.0,2667.0,3005.0,3852.0,2822.0,8759.0,10769.0,13372.0,16253.0,17912.0,14947.0,37881.0,31974.0,44349.0,33884.0,61309.0,50973.0,56909.0,25591.0,17761.0,4634.0,1952.0,949.0,1567.0
50,550,Wilmington,148889.0,2368.0,1549.0,1025.0,906.0,1366.0,866.0,898.0,2600.0,2925.0,2695.0,3321.0,4288.0,3168.0,9049.0,10043.0,14699.0,9355.0,17705.0,14851.0,20248.0,10091.0,9474.0,3130.0,1327.0,387.0,555.0
51,551,Lansing,184663.0,3342.0,1351.0,1442.0,1540.0,1567.0,1776.0,1578.0,3707.0,5534.0,6528.0,7854.0,8828.0,7378.0,20386.0,17781.0,20719.0,15154.0,21361.0,14782.0,12448.0,4765.0,3553.0,590.0,427.0,105.0,167.0
52,552,Presque Isle,21666.0,219.0,140.0,211.0,215.0,505.0,555.0,466.0,865.0,1265.0,1717.0,1414.0,1646.0,1331.0,2720.0,1752.0,2178.0,1007.0,1529.0,926.0,552.0,204.0,122.0,49.0,34.0,10.0,34.0
53,553,Marquette,67986.0,735.0,536.0,832.0,1010.0,961.0,1562.0,1207.0,2747.0,3233.0,3393.0,3576.0,4515.0,3040.0,6968.0,5765.0,6743.0,4116.0,6186.0,4241.0,3788.0,1223.0,1152.0,272.0,102.0,27.0,56.0
54,554,Wheeling-Steubenville,98056.0,2332.0,1052.0,1188.0,1460.0,1392.0,2446.0,1243.0,4037.0,4718.0,5860.0,6762.0,8274.0,6166.0,12435.0,6953.0,8756.0,4740.0,6812.0,4437.0,3769.0,1452.0,1090.0,224.0,206.0,46.0,206.0
55,555,Syracuse,242007.0,2969.0,1688.0,974.0,1288.0,1363.0,1516.0,1377.0,3529.0,6442.0,8122.0,12250.0,14350.0,12522.0,31087.0,29456.0,27559.0,17503.0,24623.0,16064.0,14789.0,5370.0,3996.0,1632.0,673.0,243.0,622.0
56,556,Richmond-Petersburg,866058.0,10332.0,3659.0,3136.0,3120.0,3839.0,3708.0,2458.0,6017.0,8492.0,8731.0,10944.0,12495.0,11051.0,38918.0,44778.0,63049.0,55147.0,112854.0,93089.0,125751.0,82265.0,98099.0,40894.0,15394.0,4088.0,3750.0
57,557,Knoxville,596282.0,11446.0,6835.0,5047.0,5735.0,5812.0,7309.0,4725.0,13564.0,16763.0,19361.0,21735.0,24980.0,22690.0,57956.0,53619.0,61425.0,43998.0,63835.0,45690.0,49747.0,22063.0,20159.0,5784.0,3069.0,1286.0,1649.0
58,558,Lima,52736.0,906.0,296.0,425.0,780.0,442.0,543.0,346.0,900.0,1719.0,2434.0,2621.0,3052.0,3000.0,6921.0,5540.0,6714.0,3772.0,4684.0,3266.0,2694.0,674.0,713.0,100.0,89.0,32.0,73.0
59,559,Bluefield-Beckley-Oak Hill,634005.0,22098.0,11184.0,7916.0,12871.0,9912.0,13252.0,7569.0,21220.0,28662.0,29667.0,33553.0,38547.0,28101.0,66233.0,49192.0,63409.0,37462.0,54461.0,36361.0,35869.0,11995.0,9215.0,2315.0,1249.0,571.0,1121.0
60,560,Raleigh-Durham (Fayetvlle),793319.0,15348.0,6872.0,5145.0,5097.0,3505.0,5095.0,2740.0,9792.0,12914.0,18385.0,20912.0,24395.0,20349.0,56784.0,54089.0,70380.0,51415.0,95586.0,78068.0,109352.0,56818.0,47641.0,13883.0,5710.0,1357.0,1687.0
61,561,Jacksonville,918986.0,11840.0,7487.0,7937.0,8778.0,8658.0,9285.0,6861.0,17045.0,19902.0,22458.0,24780.0,27766.0,23837.0,68341.0,63660.0,88138.0,64785.0,120132.0,94348.0,102923.0,49637.0,40776.0,14246.0,7979.0,2631.0,4756.0
62,563,Grand Rapids-Kalmzoo-B.Crk,840351.0,15571.0,6049.0,6563.0,7997.0,6441.0,8848.0,6073.0,16875.0,21777.0,23453.0,26153.0,33558.0,29828.0,80252.0,77562.0,93622.0,65337.0,100815.0,74003.0,74168.0,31374.0,21871.0,5985.0,3421.0,1107.0,1648.0
63,564,Charleston-Huntington,325458.0,11580.0,6309.0,5127.0,6969.0,5708.0,8320.0,4842.0,12972.0,17376.0,17642.0,20455.0,20937.0,15808.0,34705.0,27387.0,31515.0,17037.0,23004.0,15106.0,13207.0,3497.0,3428.0,1213.0,601.0,102.0,611.0
64,565,Elmira (Corning),70128.0,1159.0,772.0,612.0,658.0,524.0,945.0,771.0,2728.0,3038.0,4221.0,4823.0,5445.0,4401.0,8525.0,6318.0,6580.0,3944.0,5467.0,3279.0,3082.0,1269.0,895.0,338.0,184.0,29.0,121.0
65,566,Harrisburg-Lncstr-Leb-York,563029.0,6666.0,3467.0,3451.0,2792.0,2388.0,2377.0,2393.0,4527.0,6222.0,7586.0,9561.0,11146.0,11642.0,39595.0,52838.0,71406.0,58839.0,92734.0,65166.0,61906.0,21895.0,14881.0,4327.0,2654.0,1059.0,1511.0
66,567,Greenvll-Spart-Ashevll-And,3282902.0,62561.0,31792.0,23697.0,23482.0,21497.0,27608.0,17686.0,49917.0,70607.0,82030.0,98886.0,120165.0,102974.0,279823.0,264026.0,323190.0,225520.0,378252.0,293615.0,360011.0,175763.0,155821.0,52054.0,24493.0,8342.0,9090.0
67,569,Harrisonburg,49851.0,887.0,386.0,319.0,419.0,277.0,123.0,58.0,334.0,577.0,238.0,532.0,708.0,807.0,2828.0,3252.0,5805.0,5391.0,7000.0,6658.0,7272.0,3073.0,1678.0,749.0,299.0,80.0,101.0
68,570,Myrtle Beach-Florence,211451.0,6137.0,4050.0,3052.0,4127.0,2964.0,4104.0,2508.0,6512.0,8535.0,9182.0,8430.0,9615.0,6930.0,17983.0,16614.0,20491.0,14952.0,22686.0,14190.0,15723.0,5981.0,4283.0,1097.0,761.0,170.0,374.0
69,571,Ft. Myers-Naples,1482941.0,13631.0,6049.0,7063.0,7089.0,7260.0,7354.0,5885.0,12594.0,14284.0,16208.0,18625.0,22410.0,20753.0,63849.0,64602.0,108228.0,90447.0,196044.0,190102.0,258574.0,129311.0,118073.0,44725.0,26874.0,12160.0,20747.0
70,573,Roanoke-Lynchburg,255774.0,6036.0,2751.0,1612.0,1874.0,1987.0,2906.0,1449.0,3967.0,6263.0,7153.0,9699.0,10223.0,8761.0,23800.0,22733.0,27027.0,19837.0,30736.0,21201.0,22839.0,9905.0,8245.0,2757.0,1282.0,296.0,435.0
71,574,Johnstown-Altoona-St Colge,219261.0,4299.0,2776.0,2471.0,2807.0,2644.0,3717.0,2652.0,7353.0,9278.0,10562.0,11535.0,12959.0,11099.0,22960.0,17167.0,22211.0,12177.0,20174.0,13489.0,13714.0,5630.0,4830.0,1279.0,933.0,210.0,335.0
72,575,Chattanooga,1097548.0,13116.0,7725.0,6495.0,5884.0,6669.0,6689.0,5499.0,14635.0,17235.0,23559.0,28943.0,35395.0,32556.0,86905.0,91909.0,110060.0,81934.0,130807.0,104757.0,124682.0,62672.0,60479.0,21500.0,10233.0,2803.0,4407.0
73,576,Salisbury,130634.0,2177.0,708.0,849.0,483.0,656.0,631.0,662.0,1241.0,1243.0,1530.0,1880.0,2060.0,2021.0,6662.0,7148.0,13198.0,8446.0,17346.0,15636.0,21320.0,10332.0,8374.0,3448.0,1240.0,646.0,697.0
74,577,Wilkes Barre-Scranton-Hztn,1716671.0,20844.0,11683.0,10602.0,12066.0,12750.0,14175.0,11034.0,29523.0,36794.0,42161.0,49291.0,58480.0,51241.0,135747.0,128247.0,171845.0,122752.0,208216.0,167174.0,202429.0,92324.0,85855.0,22486.0,10640.0,3920.0,4392.0
75,581,Terre Haute,105276.0,2122.0,1228.0,1068.0,1546.0,1712.0,2425.0,1653.0,5111.0,6289.0,7565.0,8109.0,8291.0,5452.0,11605.0,7946.0,9107.0,5560.0,7122.0,4855.0,3718.0,1271.0,936.0,279.0,244.0,17.0,45.0
76,582,"Lafayette, In",42110.0,302.0,437.0,120.0,203.0,164.0,225.0,115.0,397.0,782.0,1099.0,1784.0,1942.0,1960.0,4925.0,5131.0,4801.0,3385.0,4775.0,3536.0,3219.0,1596.0,962.0,132.0,86.0,25.0,7.0
77,583,Alpena,14525.0,106.0,136.0,166.0,99.0,168.0,320.0,150.0,521.0,868.0,1132.0,942.0,1253.0,829.0,1798.0,1391.0,1268.0,600.0,814.0,881.0,726.0,153.0,121.0,37.0,35.0,0.0,11.0
78,584,Charlottesville,56795.0,838.0,107.0,292.0,125.0,286.0,75.0,109.0,204.0,214.0,80.0,462.0,161.0,235.0,1398.0,2227.0,3537.0,3422.0,8223.0,7537.0,10207.0,5970.0,6571.0,2457.0,1104.0,292.0,662.0
79,588,South Bend-Elkhart,815712.0,11676.0,6768.0,6079.0,5444.0,5659.0,7496.0,5054.0,15838.0,22186.0,31746.0,37640.0,46286.0,39815.0,95638.0,92585.0,93065.0,58062.0,79668.0,51228.0,52421.0,21338.0,18803.0,5638.0,3329.0,797.0,1453.0
80,592,Gainesville,79858.0,859.0,737.0,646.0,884.0,622.0,730.0,875.0,2074.0,2803.0,2193.0,2485.0,3183.0,2659.0,6868.0,5200.0,7548.0,5227.0,10179.0,7917.0,8391.0,3332.0,2880.0,757.0,449.0,73.0,287.0
81,596,Zanesville,23575.0,516.0,279.0,311.0,165.0,246.0,405.0,203.0,650.0,1192.0,914.0,1106.0,1405.0,1209.0,3027.0,2753.0,3080.0,1299.0,2130.0,1021.0,745.0,231.0,380.0,30.0,107.0,61.0,110.0
82,597,Parkersburg,46046.0,1198.0,404.0,569.0,441.0,443.0,609.0,552.0,961.0,1626.0,1876.0,2121.0,3356.0,2425.0,5242.0,4461.0,5413.0,3632.0,4247.0,2728.0,2139.0,768.0,458.0,109.0,155.0,0.0,113.0
83,598,Clarksburg-Weston,79764.0,1929.0,1561.0,922.0,1714.0,997.0,1846.0,1108.0,3250.0,3537.0,4025.0,4503.0,5203.0,3861.0,9018.0,6045.0,7960.0,4207.0,5889.0,4752.0,4390.0,1501.0,981.0,226.0,99.0,33.0,207.0
84,600,Corpus Christi,131044.0,2192.0,1588.0,1580.0,2552.0,1571.0,3031.0,1790.0,5161.0,4899.0,5994.0,6639.0,7556.0,5434.0,12302.0,11201.0,12860.0,8793.0,12981.0,7597.0,7965.0,2751.0,2768.0,1053.0,599.0,110.0,77.0
85,602,Chicago,3173264.0,31311.0,14288.0,13606.0,14000.0,11216.0,13956.0,12284.0,28899.0,40029.0,50593.0,61348.0,76673.0,71724.0,215009.0,211897.0,296200.0,231641.0,427342.0,361503.0,456364.0,212203.0,197110.0,63806.0,33696.0,11352.0,15214.0
86,603,Joplin-Pittsburg,169461.0,3298.0,2954.0,2701.0,2966.0,2949.0,3836.0,2751.0,6936.0,8288.0,10360.0,10228.0,12149.0,7847.0,18120.0,15184.0,14631.0,9633.0,12871.0,7590.0,7409.0,2546.0,2314.0,855.0,616.0,142.0,287.0
87,604,Columbia-Jefferson City,124092.0,2135.0,1036.0,1086.0,1539.0,1110.0,1268.0,963.0,2290.0,2887.0,3794.0,4079.0,4868.0,4405.0,12398.0,10962.0,13391.0,9101.0,15843.0,10472.0,11062.0,4112.0,3519.0,852.0,480.0,222.0,218.0
88,605,Topeka,118564.0,2376.0,1275.0,1224.0,1028.0,1462.0,1621.0,1185.0,3425.0,4327.0,5175.0,6124.0,6240.0,4473.0,12927.0,11000.0,12371.0,8030.0,12860.0,8279.0,7235.0,2919.0,1844.0,494.0,364.0,78.0,228.0
89,606,Dothan,67393.0,2120.0,839.0,590.0,831.0,627.0,998.0,623.0,2581.0,2823.0,3143.0,3033.0,3896.0,3102.0,6740.0,5901.0,7481.0,3742.0,6878.0,4874.0,3939.0,1192.0,924.0,285.0,119.0,36.0,76.0
90,609,St. Louis,1465122.0,20991.0,13136.0,11574.0,12853.0,12526.0,15741.0,10974.0,30059.0,41008.0,48287.0,54492.0,64403.0,55574.0,140047.0,130998.0,151380.0,107703.0,163377.0,122823.0,131951.0,52929.0,45852.0,14078.0,7067.0,2148.0,3151.0
91,610,Rockford,129723.0,1503.0,1079.0,693.0,956.0,1008.0,1590.0,1445.0,3585.0,4574.0,6555.0,7198.0,8233.0,7435.0,18035.0,14912.0,15536.0,8462.0,10913.0,6556.0,5169.0,1790.0,1508.0,518.0,174.0,139.0,157.0
92,611,Rochestr-Mason City-Austin,115934.0,1172.0,718.0,782.0,494.0,905.0,652.0,524.0,2052.0,2912.0,3473.0,5059.0,5378.0,4797.0,9827.0,9521.0,11631.0,8631.0,14087.0,9326.0,11874.0,5664.0,4245.0,1242.0,507.0,165.0,296.0
93,612,Shreveport,386828.0,10835.0,8071.0,5878.0,7786.0,6616.0,7413.0,6939.0,14257.0,18059.0,18842.0,21055.0,22678.0,14529.0,36984.0,30017.0,36924.0,23308.0,32625.0,23269.0,20182.0,7680.0,7899.0,2016.0,1087.0,353.0,1526.0
94,613,Minneapolis-St. Paul,2561465.0,22543.0,11776.0,11707.0,11528.0,9663.0,9099.0,6941.0,15323.0,20702.0,24639.0,31796.0,39619.0,39227.0,133232.0,148945.0,226870.0,204857.0,416338.0,337855.0,411894.0,192895.0,157120.0,43641.0,19380.0,5520.0,8355.0
95,616,Kansas City,651854.0,7192.0,4733.0,3904.0,5007.0,4064.0,4839.0,3875.0,10417.0,12630.0,14897.0,16073.0,20177.0,18866.0,52912.0,55004.0,66851.0,49986.0,84242.0,64571.0,75977.0,34037.0,27741.0,7528.0,3648.0,919.0,1764.0
96,617,Milwaukee,585503.0,3525.0,2525.0,2614.0,1928.0,2144.0,2014.0,1971.0,4501.0,6115.0,8501.0,10060.0,12263.0,13055.0,43612.0,52305.0,61739.0,48192.0,85597.0,69736.0,79568.0,33598.0,25675.0,8377.0,3352.0,890.0,1646.0
97,618,Houston,1557202.0,17353.0,10262.0,9508.0,8374.0,8149.0,9327.0,6389.0,19148.0,24202.0,29166.0,34697.0,44542.0,38025.0,116567.0,112904.0,149923.0,125306.0,204465.0,160736.0,192628.0,88309.0,80904.0,29840.0,18487.0,7628.0,10363.0
98,619,"Springfield, Mo",438345.0,8953.0,4185.0,3961.0,5184.0,3550.0,4806.0,3333.0,9350.0,13050.0,15251.0,17956.0,20835.0,16867.0,48397.0,43701.0,48444.0,31350.0,46939.0,33742.0,31617.0,11164.0,10075.0,2885.0,1429.0,392.0,929.0
99,622,New Orleans,456269.0,8045.0,4561.0,4186.0,3686.0,1780.0,3532.0,1706.0,4774.0,6746.0,7523.0,10970.0,12927.0,12232.0,36272.0,36440.0,54648.0,39685.0,59599.0,47993.0,48081.0,20685.0,18500.0,6418.0,2873.0,927.0,1480.0
100,623,Dallas-Ft. Worth,1744644.0,16648.0,9444.0,9552.0,8721.0,8540.0,10147.0,8292.0,20618.0,26448.0,31408.0,37223.0,46840.0,39737.0,112407.0,105364.0,147137.0,117994.0,223347.0,196600.0,253613.0,134163.0,111078.0,33227.0,18146.0,8314.0,9636.0
101,624,Sioux City,1020940.0,13366.0,8529.0,7846.0,8997.0,7901.0,10455.0,8139.0,22459.0,29567.0,36481.0,43415.0,49784.0,44574.0,111482.0,96642.0,106326.0,68788.0,114296.0,80171.0,84691.0,31733.0,23004.0,6460.0,3645.0,556.0,1633.0
102,625,Waco-Temple-Bryan,3088477.0,33700.0,21162.0,20622.0,19959.0,19716.0,23904.0,18799.0,48363.0,60194.0,75031.0,81280.0,106299.0,88092.0,238104.0,219340.0,292581.0,232938.0,389490.0,290528.0,351988.0,172908.0,161134.0,58021.0,33413.0,13311.0,17600.0
103,626,Victoria,21872.0,363.0,254.0,300.0,269.0,256.0,225.0,297.0,635.0,694.0,827.0,580.0,1069.0,650.0,2524.0,1716.0,2361.0,2080.0,2526.0,1591.0,1247.0,722.0,559.0,60.0,7.0,13.0,47.0
104,627,Wichita Falls & Lawton,100683.0,1987.0,1751.0,1586.0,1788.0,1713.0,2604.0,1940.0,4497.0,5183.0,5997.0,6210.0,6409.0,5331.0,11638.0,7561.0,8923.0,4510.0,7516.0,5259.0,4538.0,1645.0,1268.0,273.0,180.0,51.0,325.0
105,628,Monroe-El Dorado,114408.0,4631.0,2993.0,3210.0,2786.0,1909.0,2611.0,1825.0,4928.0,4891.0,6072.0,6977.0,5781.0,4076.0,11445.0,7957.0,10107.0,5528.0,8628.0,6732.0,6169.0,2470.0,1772.0,460.0,236.0,105.0,109.0
106,630,Birmingham (Ann And Tusc),1086381.0,25698.0,14896.0,12668.0,12537.0,12883.0,17467.0,10405.0,29075.0,38957.0,38385.0,46308.0,49846.0,38532.0,101101.0,88676.0,107571.0,73099.0,111710.0,81221.0,86545.0,37245.0,31269.0,10899.0,5709.0,1307.0,2372.0
107,631,Ottumwa-Kirksville,33567.0,687.0,652.0,572.0,798.0,478.0,783.0,442.0,1444.0,1826.0,2243.0,2457.0,2193.0,1410.0,4032.0,2479.0,2869.0,1335.0,2489.0,1554.0,1438.0,676.0,445.0,133.0,84.0,11.0,37.0
108,632,Paducah-Cape Girard-Harsbg,562325.0,12550.0,8504.0,7256.0,8309.0,8620.0,9892.0,7483.0,20564.0,23496.0,29747.0,30922.0,32455.0,24848.0,62584.0,51937.0,56284.0,34977.0,46836.0,31103.0,28566.0,10265.0,9091.0,2913.0,1757.0,492.0,874.0
109,633,Odessa-Midland,110860.0,2377.0,1471.0,1416.0,2366.0,1580.0,1975.0,1410.0,3492.0,3464.0,3215.0,4036.0,4365.0,3445.0,10141.0,6812.0,10942.0,6938.0,11614.0,9917.0,10155.0,3981.0,3954.0,857.0,566.0,196.0,175.0
110,634,Amarillo,127367.0,2228.0,2071.0,1502.0,2024.0,1979.0,2650.0,1742.0,5184.0,6316.0,6502.0,7058.0,7509.0,5816.0,13150.0,11280.0,11273.0,8628.0,11212.0,6764.0,6947.0,2313.0,1776.0,681.0,438.0,74.0,250.0
111,635,Austin,512267.0,3716.0,1901.0,2184.0,1614.0,1761.0,1609.0,1092.0,3031.0,3464.0,3193.0,3857.0,4776.0,5025.0,16248.0,13781.0,26642.0,26902.0,73234.0,65567.0,99695.0,58254.0,58112.0,18246.0,10441.0,3247.0,4675.0
112,636,Harlingen-Wslco-Brnsvl-Mca,265963.0,4470.0,3103.0,4010.0,5602.0,6720.0,8787.0,8488.0,19112.0,18577.0,19482.0,16590.0,20208.0,14460.0,28472.0,21463.0,20480.0,10574.0,13956.0,8866.0,6728.0,2378.0,1755.0,861.0,524.0,88.0,209.0
113,637,Cedar Rapids-Wtrlo-Iwc&Dub,263695.0,4062.0,2181.0,1704.0,1647.0,1578.0,1814.0,1413.0,3823.0,5317.0,6599.0,8077.0,10445.0,9478.0,28945.0,29298.0,28647.0,20223.0,32377.0,23038.0,23191.0,9483.0,6895.0,1862.0,1078.0,82.0,438.0
114,638,St. Joseph,40522.0,770.0,702.0,564.0,592.0,590.0,776.0,507.0,1387.0,1833.0,2327.0,2424.0,2768.0,2016.0,4974.0,3227.0,4318.0,2006.0,3146.0,1902.0,1990.0,713.0,578.0,198.0,192.0,1.0,21.0
115,639,"Jackson, Tn",65104.0,943.0,945.0,672.0,686.0,1134.0,969.0,906.0,2226.0,3098.0,3381.0,3812.0,4137.0,3702.0,7782.0,5799.0,6424.0,4295.0,4968.0,3687.0,3291.0,1000.0,788.0,356.0,77.0,20.0,6.0
116,640,Memphis,1810308.0,35414.0,24674.0,19950.0,25342.0,21714.0,30262.0,20754.0,59400.0,72168.0,84182.0,92683.0,96859.0,72227.0,184661.0,158482.0,176597.0,114268.0,168838.0,124378.0,118256.0,43797.0,40197.0,12835.0,6797.0,2061.0,3512.0
117,641,San Antonio,1967266.0,25688.0,14288.0,16314.0,18846.0,18517.0,22299.0,17953.0,43267.0,51677.0,56955.0,58772.0,71508.0,57743.0,140560.0,113151.0,156823.0,126496.0,236946.0,197734.0,252074.0,121594.0,97571.0,26891.0,13178.0,4801.0,5620.0
118,642,"Lafayette, La",156303.0,3802.0,2970.0,2106.0,2511.0,1776.0,2631.0,1358.0,3603.0,4975.0,4799.0,6066.0,5758.0,5509.0,14609.0,11543.0,16603.0,13635.0,16835.0,12759.0,11027.0,4822.0,4620.0,801.0,501.0,175.0,509.0
119,643,Lake Charles,73412.0,1530.0,1365.0,1067.0,1414.0,1281.0,759.0,602.0,2255.0,2595.0,2794.0,2612.0,3210.0,1672.0,7163.0,5139.0,8272.0,5640.0,7458.0,6569.0,5770.0,1903.0,1366.0,387.0,186.0,304.0,99.0
120,644,"Alexandria, La",56718.0,1429.0,1065.0,656.0,696.0,782.0,1104.0,427.0,1988.0,2151.0,2617.0,3245.0,2933.0,1630.0,6214.0,4552.0,5695.0,3238.0,6171.0,3913.0,3305.0,1335.0,1107.0,189.0,185.0,19.0,72.0
121,647,Greenwood-Greenville,38264.0,1033.0,829.0,726.0,728.0,884.0,1096.0,679.0,2594.0,2580.0,2772.0,2982.0,3065.0,2119.0,3191.0,2545.0,2658.0,1932.0,1994.0,1375.0,1050.0,388.0,861.0,108.0,11.0,21.0,43.0
122,648,Champaign&Sprngfld-Decatur,264924.0,4409.0,2688.0,2643.0,3040.0,2975.0,3638.0,3563.0,8156.0,11701.0,14682.0,16064.0,17999.0,13980.0,31450.0,25063.0,24892.0,15886.0,23187.0,15217.0,13829.0,4675.0,3672.0,666.0,600.0,103.0,146.0
123,649,Evansville,507268.0,11379.0,7587.0,6545.0,7330.0,6612.0,8212.0,5632.0,16900.0,18247.0,22216.0,24553.0,27825.0,22756.0,54153.0,48978.0,50393.0,32374.0,47806.0,31764.0,30652.0,10958.0,9006.0,2820.0,1575.0,401.0,594.0
124,650,Oklahoma City,813347.0,10909.0,7589.0,6736.0,8155.0,7394.0,9787.0,7427.0,19818.0,23565.0,27962.0,31102.0,35707.0,33091.0,83014.0,80079.0,91630.0,62422.0,87703.0,56447.0,58566.0,27068.0,21385.0,7718.0,4306.0,1799.0,1968.0
125,651,Lubbock,102614.0,2067.0,1683.0,1348.0,1832.0,1869.0,2087.0,1697.0,4094.0,4522.0,4981.0,4652.0,4972.0,4858.0,10026.0,9979.0,9600.0,6544.0,8893.0,5641.0,5610.0,2528.0,1983.0,719.0,198.0,143.0,88.0
126,652,Omaha,301046.0,2834.0,2121.0,1872.0,1739.0,1502.0,1892.0,1569.0,4286.0,6164.0,7357.0,9026.0,10763.0,9899.0,30155.0,32453.0,34647.0,24014.0,38725.0,25207.0,30217.0,11899.0,8329.0,2271.0,1261.0,343.0,501.0
127,656,Panama City,109874.0,2062.0,1207.0,770.0,1241.0,1558.0,1642.0,1111.0,2888.0,3194.0,3755.0,4051.0,4971.0,3140.0,8712.0,6593.0,10117.0,6379.0,12485.0,9631.0,11378.0,4969.0,4334.0,1802.0,1083.0,268.0,533.0
128,657,Sherman-Ada,90030.0,1751.0,1069.0,1213.0,1638.0,1442.0,1680.0,1073.0,3220.0,4239.0,4555.0,4409.0,5522.0,3813.0,10091.0,5850.0,8682.0,4591.0,7659.0,5678.0,6193.0,2414.0,2055.0,604.0,296.0,125.0,168.0
129,658,Green Bay-Appleton,1309531.0,10844.0,7002.0,6499.0,4819.0,4522.0,4831.0,4124.0,11939.0,18713.0,25278.0,34004.0,43217.0,42405.0,122760.0,126996.0,142668.0,103894.0,178437.0,138023.0,146483.0,62754.0,45150.0,13083.0,6591.0,1871.0,2624.0
130,659,Nashville,1193593.0,11568.0,8726.0,6496.0,7307.0,7828.0,8766.0,6904.0,19885.0,25218.0,31682.0,33181.0,40250.0,33412.0,89553.0,84111.0,109844.0,82133.0,150395.0,121306.0,146221.0,65389.0,63632.0,21577.0,10457.0,2828.0,4924.0
131,661,San Angelo,533794.0,9493.0,6936.0,6543.0,8295.0,9207.0,12004.0,10975.0,26411.0,26316.0,28255.0,26842.0,32540.0,23434.0,50740.0,44345.0,48442.0,30783.0,45319.0,30755.0,29055.0,11368.0,9083.0,3613.0,1627.0,482.0,931.0
132,662,Abilene-Sweetwater,78178.0,1634.0,1359.0,1280.0,2050.0,1851.0,2672.0,1726.0,3989.0,4490.0,5337.0,3987.0,4487.0,3644.0,6833.0,5785.0,6303.0,3989.0,5920.0,3679.0,3317.0,1751.0,1142.0,499.0,168.0,112.0,174.0
133,669,Madison,272116.0,2396.0,1289.0,1134.0,1001.0,898.0,873.0,671.0,1701.0,2733.0,3317.0,4828.0,5688.0,6535.0,18484.0,20354.0,25592.0,20727.0,41272.0,33333.0,41160.0,19009.0,13063.0,3006.0,1896.0,548.0,608.0
134,670,Ft. Smith-Fay-Sprngdl-Rgrs,212792.0,3127.0,1989.0,1241.0,1976.0,1279.0,2656.0,1174.0,5125.0,5828.0,7603.0,9011.0,10103.0,8107.0,21612.0,21059.0,24254.0,14507.0,21666.0,15167.0,18241.0,7035.0,5633.0,2552.0,961.0,282.0,604.0
135,671,Tulsa,547891.0,9617.0,7778.0,5760.0,7733.0,7248.0,8812.0,6475.0,16467.0,20210.0,22642.0,24232.0,28981.0,24632.0,57971.0,51388.0,58978.0,34970.0,50161.0,34352.0,35679.0,13487.0,12571.0,3851.0,2138.0,642.0,1116.0
136,673,Columbus-Tupelo-West Point,129216.0,3396.0,3079.0,1689.0,2620.0,1872.0,2766.0,1805.0,5018.0,6822.0,7559.0,8314.0,8350.0,6205.0,13847.0,10277.0,11946.0,7083.0,10480.0,6247.0,5039.0,1890.0,1512.0,482.0,319.0,187.0,412.0
137,675,Peoria-Bloomington,488143.0,5624.0,4478.0,2728.0,3355.0,3941.0,4537.0,3456.0,10049.0,13109.0,16891.0,20816.0,25684.0,21207.0,51155.0,44317.0,49718.0,34487.0,53984.0,39925.0,46597.0,15571.0,11516.0,2823.0,1263.0,229.0,683.0
138,676,Duluth-Superior,356735.0,3801.0,2148.0,2042.0,2011.0,1915.0,2251.0,1835.0,4913.0,6721.0,6588.0,8311.0,9995.0,8662.0,25578.0,24158.0,34353.0,27000.0,48869.0,41125.0,46831.0,23111.0,17849.0,4063.0,1505.0,492.0,608.0
139,678,Wichita-Hutchinson Plus,1062879.0,20042.0,12240.0,10974.0,12851.0,11134.0,13300.0,11257.0,31765.0,34190.0,44948.0,48235.0,52425.0,42559.0,99148.0,91226.0,106404.0,70596.0,112203.0,76038.0,82518.0,34712.0,29085.0,8161.0,3686.0,1099.0,2083.0
140,679,Des Moines-Ames,330203.0,3503.0,2521.0,2416.0,3297.0,2285.0,3193.0,2801.0,7030.0,8114.0,10938.0,12352.0,13788.0,12260.0,31565.0,29255.0,34706.0,23590.0,41216.0,29363.0,31678.0,11269.0,8814.0,2455.0,1000.0,240.0,554.0
141,682,Davenport-R.Island-Moline,224808.0,3302.0,1641.0,1344.0,1947.0,1407.0,2374.0,2188.0,6270.0,9007.0,11630.0,13992.0,15656.0,12927.0,28603.0,22603.0,21805.0,12959.0,18427.0,13324.0,13549.0,4590.0,3366.0,820.0,725.0,115.0,237.0
142,686,Mobile-Pensacola (Ft Walt),384777.0,5945.0,3441.0,3526.0,3449.0,3149.0,3969.0,2809.0,7659.0,10296.0,10372.0,12255.0,15326.0,11840.0,34724.0,32909.0,39873.0,28903.0,47816.0,32348.0,34887.0,17323.0,12557.0,5224.0,2217.0,658.0,1302.0
143,687,Bismarck-Mnt-Dcknsn(Wlstn),410596.0,7693.0,4296.0,2916.0,3870.0,3520.0,3797.0,2529.0,6209.0,8499.0,6474.0,7352.0,9074.0,6562.0,23480.0,20821.0,33819.0,29132.0,58785.0,52300.0,58560.0,26750.0,22316.0,6022.0,3393.0,975.0,1452.0
144,691,Huntsville-Decatur (Flor),888120.0,17147.0,9757.0,8698.0,8940.0,9468.0,10622.0,7468.0,22252.0,26284.0,29385.0,37079.0,40737.0,30900.0,86685.0,75350.0,92582.0,58701.0,94636.0,70134.0,74239.0,32670.0,26940.0,9802.0,4447.0,1195.0,2002.0
145,692,Beaumont-Port Arthur,119074.0,2302.0,1779.0,2005.0,1965.0,2407.0,2851.0,2061.0,5118.0,5180.0,6969.0,5622.0,7890.0,5211.0,12191.0,9409.0,10498.0,8482.0,9838.0,6921.0,5998.0,2206.0,1325.0,397.0,290.0,36.0,123.0
146,693,Little Rock-Pine Bluff,385649.0,7694.0,5490.0,4275.0,5453.0,5237.0,7056.0,4707.0,11952.0,14867.0,16890.0,19756.0,21610.0,14468.0,42480.0,37275.0,38342.0,24980.0,36722.0,24658.0,21988.0,7636.0,7487.0,2108.0,1488.0,399.0,631.0
147,698,Montgomery-Selma,159408.0,5217.0,3272.0,2468.0,2773.0,2400.0,2935.0,1878.0,4958.0,8260.0,7133.0,7947.0,9850.0,6990.0,15741.0,12064.0,13146.0,8714.0,13775.0,9609.0,10785.0,3917.0,3525.0,1209.0,419.0,162.0,261.0
148,702,La Crosse-Eau Claire,158287.0,2657.0,1463.0,1093.0,1016.0,744.0,810.0,581.0,1625.0,2383.0,3259.0,4394.0,5133.0,5461.0,16407.0,16925.0,20673.0,13584.0,20949.0,13744.0,13627.0,5308.0,3884.0,1442.0,698.0,186.0,241.0
149,705,Wausau-Rhinelander,143736.0,1738.0,1070.0,1031.0,935.0,820.0,772.0,764.0,2207.0,3306.0,4898.0,5807.0,7595.0,6036.0,15877.0,15250.0,16552.0,11662.0,16653.0,11586.0,10240.0,4242.0,3027.0,957.0,384.0,100.0,227.0
150,709,Tyler-Longview(Lfkn&Ncgd),185231.0,3718.0,2548.0,1945.0,3371.0,2495.0,3530.0,2425.0,6687.0,7177.0,7366.0,7991.0,8956.0,7612.0,16094.0,15501.0,20034.0,11294.0,17495.0,12255.0,12555.0,6564.0,4389.0,1855.0,828.0,154.0,392.0
151,710,Hattiesburg-Laurel,78774.0,3480.0,1988.0,1390.0,1496.0,1462.0,1436.0,1069.0,2927.0,3641.0,4361.0,4250.0,4700.0,2934.0,7510.0,5450.0,8268.0,4030.0,7113.0,4556.0,3863.0,1002.0,1117.0,415.0,208.0,98.0,10.0
152,711,Meridian,48845.0,2510.0,1220.0,1096.0,1453.0,1131.0,1604.0,783.0,2657.0,2924.0,3030.0,3772.0,3364.0,1847.0,4228.0,2424.0,3585.0,2345.0,3160.0,2422.0,1911.0,589.0,554.0,191.0,37.0,8.0,0.0
153,716,Baton Rouge,120962.0,4867.0,1653.0,1572.0,1379.0,2105.0,1562.0,1054.0,2282.0,3695.0,2674.0,4286.0,3804.0,2403.0,8322.0,7492.0,14350.0,10363.0,17330.0,11393.0,10621.0,4036.0,2538.0,528.0,345.0,165.0,143.0
154,717,Quincy-Hannibal-Keokuk,1471466.0,16271.0,7083.0,6644.0,8279.0,7085.0,8141.0,6616.0,17277.0,24057.0,28772.0,35375.0,43076.0,36056.0,103615.0,88163.0,126460.0,95512.0,177562.0,152242.0,202204.0,100132.0,102557.0,39248.0,21594.0,7500.0,9945.0
155,718,"Jackson, Ms",562306.0,13269.0,10008.0,9345.0,8626.0,7859.0,9732.0,7357.0,19262.0,22237.0,24842.0,29111.0,29985.0,20720.0,50515.0,46400.0,56294.0,36989.0,53489.0,38605.0,34709.0,12438.0,12718.0,3709.0,2234.0,671.0,1182.0
156,722,Lincoln & Hastings-Krny,199389.0,3271.0,2224.0,1709.0,1996.0,2100.0,2295.0,1941.0,4903.0,5684.0,6456.0,6837.0,7909.0,7793.0,20114.0,19103.0,22278.0,15009.0,23137.0,16007.0,15308.0,6002.0,4537.0,1292.0,799.0,258.0,427.0
157,724,Fargo,279968.0,4886.0,2951.0,2249.0,2310.0,2283.0,3158.0,1756.0,4586.0,6793.0,6093.0,7446.0,8076.0,6779.0,21986.0,18548.0,28130.0,22478.0,38400.0,31074.0,32176.0,12482.0,10585.0,2540.0,1250.0,321.0,632.0
158,725,Sioux Falls(Mitchell),420959.0,9418.0,5052.0,4590.0,4961.0,3906.0,5764.0,3170.0,9506.0,11282.0,10431.0,12465.0,13207.0,11031.0,34593.0,30953.0,45789.0,31723.0,56698.0,36033.0,42739.0,17002.0,13246.0,4146.0,1771.0,545.0,938.0
159,734,Jonesboro,55905.0,1020.0,641.0,648.0,836.0,875.0,925.0,892.0,2602.0,2562.0,3567.0,3903.0,3087.0,2215.0,5750.0,5463.0,6055.0,3148.0,4448.0,2685.0,2246.0,1002.0,711.0,401.0,138.0,30.0,55.0
160,736,Bowling Green,56538.0,1240.0,760.0,573.0,813.0,691.0,695.0,402.0,1752.0,1542.0,1703.0,2981.0,2714.0,2127.0,5616.0,5282.0,5928.0,4669.0,5684.0,3932.0,3894.0,1539.0,1159.0,312.0,370.0,74.0,86.0
161,737,Mankato,89064.0,1378.0,592.0,757.0,570.0,681.0,674.0,501.0,1102.0,1372.0,1425.0,1855.0,1972.0,1584.0,5505.0,6327.0,9233.0,7833.0,13873.0,11075.0,11677.0,4463.0,3210.0,792.0,331.0,127.0,155.0
162,740,North Platte,517687.0,6770.0,4749.0,3973.0,3942.0,3903.0,4828.0,3721.0,9231.0,11981.0,14679.0,16188.0,19381.0,17533.0,51803.0,53138.0,59956.0,40808.0,63877.0,42000.0,46378.0,18257.0,13109.0,3647.0,2198.0,635.0,1002.0
163,743,Anchorage,126409.0,1516.0,932.0,714.0,1268.0,871.0,1057.0,593.0,1246.0,1309.0,1144.0,1204.0,1644.0,915.0,3894.0,3512.0,6359.0,5686.0,18745.0,17280.0,29410.0,13359.0,10363.0,2313.0,551.0,88.0,436.0
164,744,Honolulu,282037.0,988.0,359.0,126.0,97.0,232.0,436.0,223.0,371.0,702.0,506.0,658.0,851.0,539.0,2824.0,1428.0,2936.0,2546.0,8423.0,11375.0,30702.0,30479.0,81057.0,57568.0,29494.0,8839.0,8278.0
165,745,Fairbanks,22984.0,161.0,267.0,70.0,75.0,48.0,116.0,163.0,122.0,311.0,123.0,214.0,299.0,238.0,917.0,1006.0,1767.0,1930.0,4939.0,4037.0,4124.0,1435.0,479.0,33.0,78.0,0.0,32.0
166,746,Biloxi-Gulfport,89605.0,1971.0,923.0,1019.0,626.0,691.0,736.0,679.0,1638.0,2484.0,2881.0,3706.0,4234.0,3709.0,10505.0,8524.0,11701.0,6885.0,9478.0,6756.0,5768.0,1886.0,1433.0,709.0,317.0,145.0,201.0
167,747,Juneau,8582.0,8.0,7.0,59.0,33.0,40.0,19.0,68.0,193.0,97.0,30.0,105.0,64.0,9.0,93.0,269.0,267.0,179.0,612.0,790.0,2405.0,1534.0,1378.0,278.0,37.0,2.0,6.0
168,749,Laredo,51380.0,378.0,288.0,392.0,523.0,377.0,754.0,796.0,1788.0,2345.0,2578.0,2582.0,2515.0,2337.0,6760.0,4701.0,6537.0,4219.0,5166.0,2706.0,2047.0,608.0,683.0,152.0,80.0,8.0,60.0
169,751,Denver,1134123.0,9177.0,3822.0,3395.0,4047.0,4354.0,4021.0,2782.0,5803.0,5809.0,5454.0,5059.0,7091.0,5014.0,16626.0,15228.0,27686.0,28417.0,79620.0,102425.0,252188.0,205040.0,220349.0,68821.0,29791.0,9416.0,12688.0
170,752,Colorado Springs-Pueblo,253493.0,3073.0,1529.0,1251.0,910.0,813.0,1016.0,720.0,1660.0,2044.0,2536.0,2550.0,3730.0,3418.0,10669.0,10955.0,17480.0,16039.0,35777.0,33948.0,49670.0,25646.0,19612.0,5372.0,1629.0,222.0,1224.0
171,753,Phoenix (Prescott),1349616.0,24287.0,10720.0,9519.0,9935.0,7519.0,8008.0,5763.0,11063.0,12924.0,13975.0,13395.0,16987.0,14858.0,50813.0,52102.0,93927.0,84159.0,196919.0,176373.0,238784.0,124081.0,108269.0,34027.0,17573.0,5849.0,7787.0
172,754,Butte-Bozeman,51715.0,845.0,359.0,289.0,240.0,300.0,333.0,239.0,280.0,548.0,721.0,845.0,905.0,842.0,2522.0,2304.0,2847.0,2099.0,4654.0,4889.0,9006.0,5724.0,6513.0,2013.0,1443.0,420.0,535.0
173,755,Great Falls,45600.0,838.0,543.0,429.0,545.0,415.0,598.0,371.0,991.0,1254.0,1074.0,1237.0,1653.0,1439.0,3978.0,3802.0,5576.0,4247.0,5733.0,3997.0,3463.0,1586.0,1078.0,464.0,124.0,66.0,99.0
174,756,Billings,84671.0,1428.0,942.0,703.0,759.0,645.0,404.0,410.0,1027.0,1019.0,969.0,1169.0,1287.0,1120.0,3734.0,3810.0,7322.0,6063.0,14420.0,11381.0,12232.0,6988.0,4256.0,1226.0,726.0,182.0,449.0
175,757,Boise,218764.0,3279.0,934.0,1147.0,1187.0,801.0,743.0,796.0,1239.0,1347.0,1419.0,1738.0,2985.0,2141.0,9183.0,10587.0,16593.0,15919.0,31857.0,30038.0,40909.0,19889.0,15794.0,4812.0,2004.0,508.0,915.0
176,758,Idaho Fals-Pocatllo(Jcksn),96317.0,1897.0,1081.0,593.0,473.0,412.0,539.0,466.0,508.0,796.0,780.0,1191.0,2145.0,2723.0,7887.0,9206.0,10725.0,7423.0,14272.0,9494.0,11041.0,4234.0,3814.0,1768.0,1372.0,660.0,817.0
177,759,Cheyenne-Scottsbluff,44211.0,1199.0,520.0,265.0,262.0,312.0,459.0,246.0,351.0,525.0,1140.0,629.0,926.0,883.0,2546.0,3228.0,3770.0,3735.0,6979.0,5661.0,5429.0,2754.0,1632.0,375.0,207.0,58.0,120.0
178,760,Twin Falls,49463.0,686.0,342.0,241.0,147.0,402.0,232.0,149.0,452.0,800.0,833.0,1017.0,1444.0,1623.0,4505.0,4467.0,5451.0,4176.0,5864.0,4248.0,5500.0,2503.0,2409.0,749.0,683.0,208.0,332.0
179,762,Missoula,87600.0,2079.0,611.0,514.0,476.0,446.0,547.0,318.0,641.0,1034.0,495.0,649.0,727.0,675.0,2318.0,2342.0,4320.0,3672.0,11255.0,12576.0,18364.0,9290.0,8679.0,3053.0,1272.0,539.0,708.0
180,764,Rapid City,74072.0,2252.0,1038.0,874.0,804.0,717.0,635.0,548.0,1021.0,1341.0,1444.0,1470.0,1255.0,1125.0,5197.0,4581.0,7308.0,5637.0,9996.0,7636.0,9827.0,3710.0,3639.0,709.0,654.0,285.0,369.0
181,765,El Paso (Las Cruces),398845.0,9412.0,4335.0,3631.0,3221.0,2519.0,3252.0,2878.0,6864.0,8348.0,9575.0,14327.0,19657.0,18386.0,47568.0,38221.0,43535.0,29745.0,40350.0,28723.0,28501.0,14140.0,11922.0,4650.0,2318.0,681.0,2086.0
182,766,Helena,95309.0,1861.0,911.0,643.0,638.0,693.0,575.0,491.0,972.0,1453.0,1449.0,1943.0,2075.0,1639.0,5162.0,4722.0,7760.0,5810.0,12791.0,11417.0,15312.0,6917.0,5747.0,1978.0,1239.0,301.0,810.0
183,767,Casper-Riverton,41845.0,1077.0,437.0,374.0,454.0,280.0,199.0,373.0,350.0,443.0,490.0,452.0,736.0,649.0,2436.0,2730.0,4618.0,3660.0,7154.0,5230.0,5007.0,2180.0,1639.0,391.0,243.0,111.0,132.0
184,770,Salt Lake City,757406.0,6481.0,3380.0,3033.0,3201.0,2949.0,2604.0,1972.0,3771.0,2970.0,2778.0,3521.0,4258.0,4692.0,19781.0,24302.0,39932.0,40407.0,106411.0,105511.0,169268.0,93944.0,75681.0,20988.0,8143.0,2804.0,4624.0
185,771,Yuma-El Centro,77809.0,2670.0,1072.0,824.0,1054.0,751.0,903.0,623.0,1382.0,1370.0,1637.0,1859.0,2710.0,2204.0,8943.0,7451.0,10066.0,5540.0,9924.0,7032.0,6532.0,1419.0,1258.0,368.0,118.0,22.0,77.0
186,773,Grand Junction-Montrose,54184.0,1166.0,318.0,567.0,283.0,300.0,275.0,127.0,248.0,402.0,633.0,458.0,539.0,391.0,2028.0,2561.0,4291.0,4150.0,9405.0,7391.0,8478.0,4384.0,4214.0,881.0,319.0,121.0,254.0
187,789,Tucson (Sierra Vista),309206.0,7958.0,2821.0,2678.0,2878.0,1862.0,2196.0,1659.0,3547.0,4109.0,5255.0,6052.0,8307.0,7780.0,24580.0,23562.0,32792.0,25552.0,43388.0,30415.0,33746.0,16512.0,13490.0,4726.0,2128.0,421.0,792.0
188,790,Albuquerque-Santa Fe,559443.0,16154.0,8222.0,5747.0,6674.0,4489.0,5746.0,3504.0,9000.0,11361.0,12442.0,14318.0,17818.0,12714.0,45976.0,37843.0,59849.0,41635.0,71507.0,48357.0,57083.0,28563.0,23447.0,8240.0,4277.0,1305.0,3172.0
189,798,Glendive,2959.0,101.0,12.0,32.0,51.0,29.0,5.0,10.0,74.0,94.0,199.0,64.0,181.0,176.0,306.0,201.0,342.0,185.0,222.0,235.0,284.0,42.0,53.0,5.0,18.0,5.0,33.0
190,801,Eugene,163398.0,3381.0,1412.0,1004.0,1433.0,1244.0,1011.0,733.0,1278.0,1081.0,852.0,1593.0,1416.0,1231.0,5129.0,5445.0,9721.0,10002.0,24432.0,23943.0,30691.0,16232.0,14580.0,3690.0,1086.0,275.0,503.0
191,802,Eureka,37467.0,529.0,364.0,262.0,450.0,229.0,268.0,206.0,199.0,369.0,521.0,221.0,225.0,78.0,646.0,583.0,1277.0,1363.0,4055.0,5181.0,9803.0,4504.0,4258.0,914.0,563.0,152.0,247.0
192,803,Los Angeles,4396120.0,34031.0,8762.0,7077.0,8729.0,8339.0,9984.0,6322.0,16608.0,17795.0,16333.0,13805.0,16945.0,12628.0,42126.0,29105.0,53618.0,46357.0,151349.0,183933.0,495710.0,564703.0,1214608.0,658295.0,397523.0,160422.0,221013.0
193,807,San Francisco-Oak-San Jose,1479004.0,10822.0,1713.0,1143.0,1134.0,1322.0,1809.0,1037.0,2463.0,4327.0,3196.0,3274.0,3628.0,2967.0,11311.0,4907.0,8329.0,5520.0,17921.0,20093.0,66034.0,92651.0,307994.0,306672.0,305557.0,134778.0,158402.0
194,810,Yakima-Pasco-Rchlnd-Knnwck,168134.0,3112.0,1406.0,1566.0,1184.0,872.0,659.0,712.0,1053.0,1566.0,1530.0,1808.0,2613.0,2743.0,10054.0,11961.0,15545.0,12561.0,25246.0,20174.0,27464.0,11600.0,9612.0,1772.0,768.0,220.0,333.0
195,811,Reno,180269.0,2609.0,865.0,859.0,891.0,595.0,687.0,643.0,1124.0,1580.0,1205.0,1726.0,1582.0,1310.0,4521.0,4206.0,8596.0,6460.0,18151.0,21136.0,40925.0,23453.0,22943.0,6994.0,3868.0,1233.0,2107.0
196,813,Medford-Klamath Falls,123823.0,2335.0,1591.0,1044.0,1646.0,708.0,757.0,674.0,1558.0,1310.0,1193.0,1342.0,1377.0,1387.0,5033.0,3797.0,7095.0,7536.0,16431.0,15971.0,23176.0,12143.0,10689.0,2492.0,1702.0,195.0,641.0
197,819,Seattle-Tacoma,1322796.0,10974.0,4035.0,4074.0,4289.0,3808.0,3286.0,2517.0,4622.0,4556.0,4661.0,4749.0,5757.0,4736.0,17809.0,17788.0,31138.0,28996.0,93367.0,118593.0,257910.0,199808.0,263264.0,128411.0,63594.0,20044.0,20010.0
198,820,"Portland, Or",835095.0,8695.0,3280.0,3088.0,3437.0,3294.0,3119.0,2216.0,4261.0,3912.0,3162.0,3129.0,4197.0,4241.0,13662.0,14234.0,26347.0,26461.0,74636.0,94262.0,202803.0,138936.0,135591.0,36875.0,12805.0,3926.0,4526.0
199,821,"Bend, Or",52335.0,595.0,59.0,245.0,111.0,143.0,61.0,282.0,139.0,488.0,178.0,243.0,358.0,113.0,609.0,495.0,1146.0,1159.0,3438.0,5422.0,12183.0,7885.0,10467.0,3764.0,1975.0,338.0,439.0
200,825,San Diego,609350.0,4780.0,1176.0,585.0,1755.0,1021.0,1404.0,1130.0,2526.0,2493.0,2454.0,2288.0,2221.0,1416.0,4941.0,2826.0,4048.0,2852.0,10436.0,15012.0,59195.0,99038.0,212034.0,91317.0,47257.0,15953.0,19192.0
201,828,Monterey-Salinas,136453.0,1072.0,178.0,195.0,94.0,190.0,416.0,180.0,395.0,364.0,310.0,597.0,310.0,270.0,1507.0,415.0,978.0,800.0,2603.0,3269.0,12267.0,19023.0,38188.0,26042.0,16783.0,5320.0,4687.0
202,839,Las Vegas,458471.0,5587.0,1699.0,1944.0,1610.0,1640.0,1264.0,861.0,1712.0,2156.0,3182.0,2528.0,4026.0,4001.0,14760.0,15333.0,26596.0,24716.0,68045.0,74455.0,103328.0,46530.0,34879.0,8994.0,4464.0,1620.0,2541.0
203,855,Santabarbra-Sanmar-Sanluob,1912007.0,15531.0,3625.0,2863.0,3869.0,3486.0,4093.0,2832.0,6763.0,7285.0,6400.0,4683.0,5614.0,3807.0,14357.0,8962.0,19100.0,15330.0,57937.0,79578.0,239532.0,290494.0,573278.0,243909.0,145173.0,62359.0,91147.0
204,862,Sacramnto-Stkton-Modesto,814844.0,7772.0,2909.0,2137.0,3123.0,2919.0,2247.0,1762.0,4211.0,2983.0,2937.0,2778.0,3513.0,3061.0,10733.0,9129.0,20448.0,15947.0,63563.0,90575.0,206129.0,145223.0,147019.0,39896.0,15122.0,3637.0,5071.0
205,866,Fresno-Visalia,346411.0,3526.0,1765.0,1622.0,1568.0,1306.0,1378.0,639.0,2003.0,2177.0,1753.0,2792.0,4165.0,4301.0,14693.0,14975.0,26844.0,23445.0,57704.0,53451.0,66233.0,26759.0,21438.0,6118.0,2878.0,915.0,1963.0
206,868,Chico-Redding,125170.0,2052.0,1347.0,991.0,1052.0,806.0,859.0,512.0,842.0,1194.0,816.0,1278.0,1365.0,1216.0,4730.0,4291.0,9069.0,6503.0,17975.0,14783.0,24929.0,12388.0,10643.0,3103.0,1357.0,400.0,669.0
207,881,Spokane,316450.0,4551.0,2050.0,1763.0,1635.0,1225.0,1742.0,1058.0,2310.0,3517.0,3653.0,4134.0,5136.0,4422.0,16769.0,17835.0,29104.0,22328.0,47360.0,41212.0,52626.0,24309.0,19085.0,4934.0,2041.0,600.0,1051.0
