,DMA Code,DMA Name,universe,internet_any_source,dialup_only,broadband_any_source,cellular_data,cellular_data_only,broadband_cable_fiber_or_dsl,broadband_only,satellite,satellite_only,other_only,internet_without_subscription,no_internet,total_no_internet_and_no_subscription
0,500,Portland-Auburn,413937.0,333841.0,3661.0,330180.0,182907.0,19314.0,300616.0,137603.0,13705.0,3623.0,718.0,15270.0,64826.0,80096.0
1,501,New York,7644431.0,6231363.0,29922.0,6201441.0,3687927.0,355812.0,5741799.0,2372697.0,214394.0,30704.0,11044.0,234839.0,1178229.0,1413068.0
2,502,Binghamton,138288.0,106827.0,1176.0,105651.0,54454.0,6272.0,94221.0,46651.0,6500.0,2344.0,139.0,4853.0,26608.0,31461.0
3,503,Macon,242735.0,160416.0,1368.0,159048.0,89602.0,20316.0,129795.0,61625.0,13276.0,3988.0,382.0,10449.0,71870.0,82319.0
4,504,Philadelphia,3005381.0,2417824.0,16336.0,2401488.0,1487458.0,154385.0,2202810.0,865309.0,80966.0,12318.0,3458.0,92512.0,495045.0,587557.0
5,505,Detroit,3389282.0,2690082.0,19818.0,2670264.0,1664258.0,239789.0,2320829.0,922013.0,158825.0,38973.0,5881.0,134683.0,564517.0,699200.0
6,506,Boston (Manchester),2485516.0,2113105.0,10433.0,2102672.0,1332780.0,114197.0,1953862.0,728327.0,63549.0,10320.0,3707.0,64349.0,308062.0,372411.0
7,507,Savannah,1968250.0,1526908.0,9542.0,1517366.0,975834.0,150922.0,1305164.0,489899.0,114386.0,21581.0,3264.0,86470.0,354872.0,441342.0
8,508,Pittsburgh,1187767.0,921073.0,9286.0,911787.0,551257.0,71550.0,810716.0,336324.0,39617.0,10426.0,1675.0,35747.0,230947.0,266694.0
9,509,Ft. Wayne,786350.0,623094.0,6778.0,616316.0,395832.0,64801.0,517448.0,197524.0,46791.0,11913.0,1672.0,29920.0,133336.0,163256.0
10,510,Cleveland-Akron (Canton),1555695.0,1197804.0,9855.0,1187949.0,723840.0,108842.0,1037616.0,428717.0,65970.0,12573.0,2900.0,54075.0,303816.0,357891.0
11,511,"Washington, Dc (Hagrstwn)",3102543.0,2640275.0,16615.0,2623660.0,1739483.0,176348.0,2360031.0,814261.0,135555.0,27721.0,5652.0,90252.0,372016.0,462268.0
12,512,Baltimore,1637160.0,1351369.0,8624.0,1342745.0,870365.0,104832.0,1198911.0,442069.0,57463.0,12075.0,2844.0,52112.0,233679.0,285791.0
13,513,Flint-Saginaw-Bay City,464572.0,337252.0,3996.0,333256.0,192954.0,38542.0,269237.0,122881.0,28864.0,10180.0,1464.0,21005.0,106315.0,127320.0
14,514,Buffalo,3188666.0,2445997.0,23024.0,2422973.0,1439718.0,190320.0,2163618.0,911358.0,107530.0,24674.0,4647.0,108496.0,634173.0,742669.0
15,515,Cincinnati,917810.0,729383.0,6937.0,722446.0,459143.0,70098.0,619236.0,239385.0,45184.0,11697.0,2084.0,31548.0,156879.0,188427.0
16,516,Erie,162574.0,123780.0,1879.0,121901.0,70069.0,12768.0,104105.0,47427.0,6761.0,1937.0,361.0,5301.0,33493.0,38794.0
17,517,Charlotte,1194068.0,937534.0,6374.0,931160.0,586540.0,91866.0,803286.0,316282.0,60116.0,12554.0,2832.0,39650.0,216884.0,256534.0
18,518,Greensboro-H.Point-W.Salem,706883.0,509129.0,4740.0,504389.0,291701.0,51970.0,434259.0,196247.0,28813.0,7196.0,1161.0,36939.0,160815.0,197754.0
19,519,"Charleston, Sc",333529.0,250190.0,1466.0,248724.0,163342.0,22376.0,218100.0,78628.0,14409.0,2438.0,395.0,19866.0,63473.0,83339.0
20,520,Augusta-Aiken,2561154.0,1858421.0,14994.0,1843427.0,1157142.0,209331.0,1540914.0,612234.0,142708.0,31412.0,6695.0,111365.0,591368.0,702733.0
21,521,Providence-New Bedford,627931.0,500628.0,2700.0,497928.0,303141.0,34509.0,455470.0,186124.0,13737.0,1669.0,1003.0,18343.0,108960.0,127303.0
22,522,"Columbus, Ga (Opelika, Al)",220075.0,156446.0,1325.0,155121.0,95989.0,19968.0,125403.0,52480.0,13287.0,3383.0,333.0,11187.0,52442.0,63629.0
23,523,Burlington-Plattsburgh,361784.0,285752.0,3406.0,282346.0,139987.0,17174.0,250432.0,128936.0,18556.0,7099.0,805.0,16087.0,59945.0,76032.0
24,524,Atlanta,3503963.0,2810082.0,14456.0,2795626.0,1823611.0,256720.0,2427770.0,879762.0,203454.0,37197.0,6611.0,131747.0,562134.0,693881.0
25,525,"Albany, Ga",149666.0,97446.0,818.0,96628.0,60857.0,17433.0,71551.0,30239.0,10557.0,3230.0,462.0,5845.0,46375.0,52220.0
26,526,Utica,64071.0,48487.0,791.0,47696.0,22949.0,3641.0,39020.0,20654.0,5853.0,2687.0,141.0,2535.0,13049.0,15584.0
27,527,Indianapolis,1156153.0,891148.0,7826.0,883322.0,550685.0,100709.0,734590.0,298576.0,69017.0,17364.0,2371.0,46130.0,218875.0,265005.0
28,528,Miami-Ft. Lauderdale,1564315.0,1204307.0,6351.0,1197956.0,712778.0,103990.0,1061120.0,447951.0,77706.0,11988.0,1821.0,65024.0,294984.0,360008.0
29,529,Louisville,679557.0,514277.0,4302.0,509975.0,333320.0,53755.0,428998.0,157669.0,39901.0,10311.0,925.0,29310.0,135970.0,165280.0
30,530,Tallahassee-Thomasville,279457.0,204932.0,1823.0,203109.0,127027.0,20223.0,172839.0,67475.0,14703.0,3980.0,623.0,13888.0,60637.0,74525.0
31,531,"Tri-Cities, Tn-Va",317265.0,215553.0,3778.0,211775.0,116861.0,22233.0,176130.0,83915.0,16340.0,6791.0,573.0,13517.0,88195.0,101712.0
32,532,Albany-Schenectady-Troy,556811.0,446755.0,3905.0,442850.0,250065.0,30764.0,394235.0,176645.0,21279.0,6918.0,1364.0,19632.0,90424.0,110056.0
33,533,Hartford & New Haven,1024077.0,833814.0,5457.0,828357.0,491684.0,50006.0,760041.0,315017.0,33628.0,6167.0,1417.0,31724.0,158539.0,190263.0
34,534,Orlando-Daytona Bch-Melbrn,1500670.0,1222934.0,9104.0,1213830.0,707710.0,89222.0,1083533.0,467431.0,67044.0,12457.0,5159.0,48755.0,228981.0,277736.0
35,535,"Columbus, Oh",962601.0,778621.0,5916.0,772705.0,496778.0,78017.0,660485.0,251882.0,44658.0,12122.0,2067.0,29967.0,154013.0,183980.0
36,536,Youngstown,272131.0,198943.0,2283.0,196660.0,112563.0,19496.0,169469.0,77649.0,11588.0,2769.0,347.0,10964.0,62224.0,73188.0
37,537,Bangor,145362.0,109692.0,2177.0,107515.0,56750.0,9392.0,90791.0,44942.0,8263.0,3298.0,423.0,6222.0,29448.0,35670.0
38,538,"Rochester, Ny",4201703.0,3332489.0,19691.0,3312798.0,1942548.0,223224.0,3012682.0,1284785.0,131816.0,24869.0,7044.0,134196.0,735018.0,869214.0
39,539,Tampa-St. Pete (Sarasota),1837181.0,1439266.0,9002.0,1430264.0,839762.0,100636.0,1295543.0,555369.0,58058.0,11569.0,2308.0,90211.0,307704.0,397915.0
40,540,Traverse City-Cadillac,1689302.0,1226368.0,13479.0,1212889.0,724840.0,137167.0,994996.0,431181.0,100543.0,31441.0,3933.0,96154.0,366780.0,462934.0
41,541,Lexington,503971.0,364355.0,3033.0,361322.0,236032.0,43903.0,294493.0,109380.0,31934.0,8774.0,849.0,19502.0,120114.0,139616.0
42,542,Dayton,489570.0,384198.0,3077.0,381121.0,247111.0,43322.0,321744.0,121299.0,23217.0,5352.0,851.0,17735.0,87637.0,105372.0
43,543,Springfield-Holyoke,268225.0,210846.0,1751.0,209095.0,113320.0,13755.0,189925.0,89208.0,7080.0,2043.0,506.0,7908.0,49471.0,57379.0
44,544,Norfolk-Portsmth-Newpt Nws,1321170.0,1046048.0,8239.0,1037809.0,670777.0,107708.0,886016.0,335362.0,59548.0,14913.0,1956.0,50480.0,224642.0,275122.0
45,545,Greenville-N.Bern-Washngtn,309479.0,228459.0,2057.0,226402.0,144396.0,30445.0,184764.0,73309.0,16676.0,4000.0,644.0,13492.0,67528.0,81020.0
46,546,"Columbia, Sc",414616.0,299610.0,2751.0,296859.0,180326.0,32791.0,245125.0,102163.0,27013.0,6045.0,1778.0,16554.0,98452.0,115006.0
47,547,Toledo,429272.0,331896.0,3511.0,328385.0,201033.0,33106.0,275095.0,112959.0,25678.0,7054.0,1522.0,18984.0,78392.0,97376.0
48,548,West Palm Beach-Ft. Pierce,1021527.0,814101.0,8389.0,805712.0,481085.0,63233.0,712442.0,297085.0,52738.0,10156.0,2095.0,38550.0,168876.0,207426.0
49,549,Watertown,694829.0,547545.0,4452.0,543093.0,316022.0,39973.0,480342.0,207056.0,29733.0,9542.0,1088.0,27140.0,120144.0,147284.0
50,550,Wilmington,202686.0,153967.0,1464.0,152503.0,89927.0,13390.0,133914.0,58350.0,7879.0,1691.0,318.0,8567.0,40152.0,48719.0
51,551,Lansing,264694.0,206982.0,2058.0,204924.0,135026.0,24748.0,167303.0,62304.0,15779.0,4151.0,642.0,11550.0,46162.0,57712.0
52,552,Presque Isle,29844.0,20645.0,286.0,20359.0,8885.0,1704.0,17022.0,9963.0,1835.0,921.0,78.0,1361.0,7838.0,9199.0
53,553,Marquette,87332.0,62940.0,846.0,62094.0,33505.0,6702.0,50609.0,25129.0,4922.0,2027.0,322.0,4710.0,19682.0,24392.0
54,554,Wheeling-Steubenville,134473.0,92491.0,1076.0,91415.0,48080.0,9546.0,74606.0,37692.0,8462.0,3432.0,340.0,4796.0,37186.0,41982.0
55,555,Syracuse,359903.0,282439.0,2108.0,280331.0,166252.0,21170.0,249588.0,106153.0,14039.0,3392.0,400.0,14671.0,62793.0,77464.0
56,556,Richmond-Petersburg,1206030.0,965662.0,9288.0,956374.0,622103.0,96485.0,795750.0,292828.0,74888.0,22762.0,3163.0,40250.0,200118.0,240368.0
57,557,Knoxville,853605.0,617691.0,5070.0,612621.0,370132.0,71175.0,506285.0,215640.0,47968.0,14889.0,1327.0,34226.0,201688.0,235914.0
58,558,Lima,71820.0,55331.0,596.0,54735.0,31559.0,4157.0,47243.0,20490.0,4354.0,1421.0,222.0,2694.0,13795.0,16489.0
59,559,Bluefield-Beckley-Oak Hill,864507.0,609802.0,5749.0,604053.0,333404.0,54467.0,514467.0,236634.0,48500.0,17892.0,1480.0,32542.0,222163.0,254705.0
60,560,Raleigh-Durham (Fayetvlle),1184418.0,941732.0,6009.0,935723.0,622853.0,81180.0,820819.0,284029.0,59103.0,12420.0,1827.0,41528.0,201158.0,242686.0
61,561,Jacksonville,1243594.0,970468.0,9170.0,961298.0,570601.0,94138.0,823106.0,352563.0,65157.0,15253.0,5064.0,48408.0,224718.0,273126.0
62,563,Grand Rapids-Kalmzoo-B.Crk,1113729.0,869644.0,9143.0,860501.0,552111.0,105993.0,690648.0,266762.0,74226.0,24851.0,3343.0,44683.0,199402.0,244085.0
63,564,Charleston-Huntington,458447.0,317322.0,3852.0,313470.0,174718.0,27584.0,265479.0,121158.0,26179.0,9785.0,595.0,19072.0,122053.0,141125.0
64,565,Elmira (Corning),98580.0,73047.0,1142.0,71905.0,36282.0,6029.0,60385.0,31868.0,6150.0,2498.0,145.0,4135.0,21398.0,25533.0
65,566,Harrisburg-Lncstr-Leb-York,775588.0,597995.0,7934.0,590061.0,347203.0,46060.0,523037.0,225601.0,27772.0,7078.0,1391.0,26396.0,151197.0,177593.0
66,567,Greenvll-Spart-Ashevll-And,4748479.0,3589566.0,27391.0,3562175.0,2237704.0,363527.0,3044315.0,1200203.0,241077.0,58351.0,9098.0,183729.0,975184.0,1158913.0
67,569,Harrisonburg,62325.0,44243.0,579.0,43664.0,26074.0,7482.0,31730.0,14938.0,4239.0,1518.0,192.0,2564.0,15518.0,18082.0
68,570,Myrtle Beach-Florence,296116.0,200725.0,1692.0,199033.0,115693.0,23844.0,163528.0,73663.0,13174.0,3857.0,2395.0,12403.0,82988.0,95391.0
69,571,Ft. Myers-Naples,2247060.0,1767604.0,11690.0,1755914.0,1031776.0,148423.0,1556647.0,671608.0,100221.0,18392.0,2960.0,81727.0,397729.0,479456.0
70,573,Roanoke-Lynchburg,342742.0,239466.0,4200.0,235266.0,140492.0,33686.0,174074.0,76379.0,30525.0,11780.0,1440.0,13776.0,89500.0,103276.0
71,574,Johnstown-Altoona-St Colge,298268.0,219904.0,3310.0,216594.0,119535.0,18534.0,186156.0,87422.0,15000.0,5238.0,705.0,10487.0,67877.0,78364.0
72,575,Chattanooga,1572169.0,1190970.0,8841.0,1182129.0,744317.0,133798.0,1000154.0,402120.0,72831.0,16743.0,2060.0,57465.0,323734.0,381199.0
73,576,Salisbury,166229.0,125804.0,1333.0,124471.0,71131.0,12750.0,104298.0,48130.0,8602.0,2673.0,411.0,6162.0,34263.0,40425.0
74,577,Wilkes Barre-Scranton-Hztn,2333558.0,1820713.0,23229.0,1797484.0,1060714.0,126339.0,1608564.0,680721.0,87527.0,23131.0,3438.0,65795.0,447050.0,512845.0
75,581,Terre Haute,146390.0,103343.0,1514.0,101829.0,58824.0,15119.0,76444.0,35914.0,11744.0,4394.0,664.0,4714.0,38333.0,43047.0
76,582,"Lafayette, In",72168.0,57739.0,433.0,57306.0,35903.0,4706.0,49989.0,19657.0,2970.0,856.0,285.0,4795.0,9634.0,14429.0
77,583,Alpena,17768.0,12459.0,210.0,12249.0,6602.0,1747.0,8949.0,4542.0,1687.0,741.0,85.0,846.0,4463.0,5309.0
78,584,Charlottesville,75646.0,60910.0,705.0,60205.0,36651.0,7008.0,47312.0,19611.0,6069.0,2203.0,425.0,3047.0,11689.0,14736.0
79,588,South Bend-Elkhart,1183913.0,873738.0,10090.0,863648.0,512728.0,107894.0,699810.0,310085.0,72522.0,21409.0,3325.0,48183.0,261992.0,310175.0
80,592,Gainesville,126121.0,96463.0,884.0,95579.0,61099.0,7325.0,82547.0,29960.0,7701.0,2936.0,200.0,5868.0,23790.0,29658.0
81,596,Zanesville,34348.0,25401.0,334.0,25067.0,11000.0,2846.0,20681.0,12658.0,1787.0,1035.0,41.0,1128.0,7819.0,8947.0
82,597,Parkersburg,64356.0,47309.0,546.0,46763.0,25257.0,3738.0,40704.0,19370.0,2735.0,1232.0,117.0,1781.0,15266.0,17047.0
83,598,Clarksburg-Weston,106318.0,75337.0,862.0,74475.0,38056.0,6669.0,61715.0,30522.0,7408.0,3356.0,367.0,3430.0,27551.0,30981.0
84,600,Corpus Christi,208621.0,150144.0,898.0,149246.0,100370.0,27176.0,111891.0,41292.0,13587.0,4301.0,774.0,6878.0,51599.0,58477.0
85,602,Chicago,4669470.0,3741114.0,27597.0,3713517.0,2427369.0,335615.0,3223042.0,1163655.0,244649.0,52865.0,10650.0,166931.0,761425.0,928356.0
86,603,Joplin-Pittsburg,248445.0,167645.0,2031.0,165614.0,99695.0,25002.0,121856.0,54041.0,20578.0,8114.0,938.0,13368.0,67432.0,80800.0
87,604,Columbia-Jefferson City,181695.0,132397.0,1667.0,130730.0,79227.0,13149.0,106024.0,43312.0,14499.0,4731.0,677.0,10259.0,39039.0,49298.0
88,605,Topeka,183468.0,139896.0,1314.0,138582.0,83747.0,16206.0,111456.0,47485.0,12711.0,4095.0,1027.0,9131.0,34441.0,43572.0
89,606,Dothan,99457.0,69508.0,1304.0,68204.0,39354.0,10730.0,53214.0,25120.0,5982.0,2021.0,167.0,3424.0,26525.0,29949.0
90,609,St. Louis,2101399.0,1610832.0,14969.0,1595863.0,1015129.0,180242.0,1306648.0,504615.0,145547.0,41387.0,5343.0,80214.0,410353.0,490567.0
91,610,Rockford,187050.0,146051.0,1355.0,144696.0,95061.0,18877.0,114738.0,42970.0,13236.0,3720.0,569.0,6710.0,34289.0,40999.0
92,611,Rochestr-Mason City-Austin,151478.0,119770.0,1205.0,118565.0,74531.0,12396.0,98344.0,38540.0,9747.0,3268.0,384.0,5528.0,26180.0,31708.0
93,612,Shreveport,569943.0,370647.0,5052.0,365595.0,226374.0,71319.0,250829.0,108603.0,53330.0,19762.0,1833.0,29402.0,169894.0,199296.0
94,613,Minneapolis-St. Paul,3548724.0,2914101.0,30571.0,2883530.0,1871419.0,267866.0,2460321.0,907586.0,205694.0,51235.0,10849.0,119453.0,515170.0,634623.0
95,616,Kansas City,973927.0,782907.0,5361.0,777546.0,527587.0,84149.0,652599.0,222544.0,52928.0,13764.0,2156.0,34560.0,156460.0,191020.0
96,617,Milwaukee,921253.0,730856.0,6159.0,724697.0,475591.0,70780.0,625820.0,228385.0,41453.0,8720.0,1889.0,28504.0,161893.0,190397.0
97,618,Houston,2396623.0,1915174.0,10628.0,1904546.0,1326032.0,271869.0,1545630.0,519934.0,158260.0,28147.0,4328.0,82426.0,399023.0,481449.0
98,619,"Springfield, Mo",620893.0,448254.0,6474.0,441780.0,262817.0,62620.0,336611.0,150599.0,50365.0,17296.0,2162.0,35798.0,136841.0,172639.0
99,622,New Orleans,673577.0,486183.0,2815.0,483368.0,301708.0,52525.0,409759.0,160810.0,36877.0,7537.0,1023.0,22932.0,164462.0,187394.0
100,623,Dallas-Ft. Worth,2711842.0,2187462.0,13250.0,2174212.0,1437552.0,259751.0,1778695.0,630657.0,195541.0,45006.0,10494.0,90850.0,433530.0,524380.0
101,624,Sioux City,1408759.0,1089070.0,13742.0,1075328.0,667075.0,119517.0,878297.0,356939.0,101443.0,28734.0,3350.0,55345.0,264344.0,319689.0
102,625,Waco-Temple-Bryan,4898935.0,3850908.0,23008.0,3827900.0,2573735.0,502806.0,3114654.0,1114734.0,331197.0,70729.0,12282.0,197443.0,850584.0,1048027.0
103,626,Victoria,32734.0,22546.0,211.0,22335.0,11096.0,2487.0,17384.0,9583.0,2844.0,1119.0,258.0,1781.0,8407.0,10188.0
104,627,Wichita Falls & Lawton,158507.0,113930.0,934.0,112996.0,75113.0,18999.0,82675.0,31371.0,13479.0,3894.0,600.0,8305.0,36272.0,44577.0
105,628,Monroe-El Dorado,175637.0,108576.0,2052.0,106524.0,65504.0,18472.0,75331.0,31791.0,15462.0,5889.0,554.0,6218.0,60843.0,67061.0
106,630,Birmingham (Ann And Tusc),1518187.0,1082420.0,10454.0,1071966.0,687327.0,157332.0,851506.0,337643.0,89429.0,23544.0,3008.0,63613.0,372154.0,435767.0
107,631,Ottumwa-Kirksville,49061.0,34450.0,458.0,33992.0,19353.0,4322.0,26592.0,12560.0,3449.0,1346.0,128.0,1871.0,12740.0,14611.0
108,632,Paducah-Cape Girard-Harsbg,820251.0,578443.0,6427.0,572016.0,360957.0,86436.0,436542.0,179574.0,59776.0,19227.0,2038.0,32369.0,209439.0,241808.0
109,633,Odessa-Midland,156262.0,118719.0,584.0,118135.0,81530.0,19801.0,88633.0,30350.0,11827.0,3114.0,527.0,6546.0,30997.0,37543.0
110,634,Amarillo,196383.0,143059.0,1030.0,142029.0,88870.0,19603.0,111407.0,45356.0,14482.0,3957.0,747.0,8306.0,45018.0,53324.0
111,635,Austin,781855.0,657679.0,2953.0,654726.0,454392.0,62326.0,555075.0,179277.0,49754.0,11798.0,2063.0,28130.0,96046.0,124176.0
112,636,Harlingen-Wslco-Brnsvl-Mca,376768.0,222577.0,1912.0,220665.0,137176.0,44227.0,160132.0,68508.0,25590.0,8700.0,406.0,22887.0,131304.0,154191.0
113,637,Cedar Rapids-Wtrlo-Iwc&Dub,361363.0,286385.0,3591.0,282794.0,173582.0,26373.0,237435.0,96137.0,25844.0,6902.0,884.0,12833.0,62145.0,74978.0
114,638,St. Joseph,62303.0,43476.0,491.0,42985.0,27471.0,6230.0,32927.0,13305.0,4525.0,1421.0,107.0,2393.0,16434.0,18827.0
115,639,"Jackson, Tn",94654.0,64024.0,735.0,63289.0,43698.0,8119.0,49903.0,16987.0,6179.0,1653.0,222.0,5416.0,25214.0,30630.0
116,640,Memphis,2712054.0,1817338.0,19640.0,1797698.0,1140883.0,304368.0,1348137.0,555826.0,190834.0,56550.0,5074.0,155558.0,739158.0,894716.0
117,641,San Antonio,2784986.0,2133511.0,15054.0,2118457.0,1383822.0,274843.0,1696544.0,636301.0,213482.0,51102.0,7809.0,109448.0,542027.0,651475.0
118,642,"Lafayette, La",222323.0,160848.0,1119.0,159729.0,91486.0,21699.0,130025.0,61554.0,11058.0,3889.0,465.0,6983.0,54492.0,61475.0
119,643,Lake Charles,100977.0,71124.0,427.0,70697.0,39793.0,7487.0,58692.0,27956.0,5930.0,1902.0,209.0,4364.0,25489.0,29853.0
120,644,"Alexandria, La",88194.0,61451.0,593.0,60858.0,40706.0,8644.0,45299.0,16443.0,8818.0,2480.0,137.0,3156.0,23587.0,26743.0
121,647,Greenwood-Greenville,65275.0,35453.0,286.0,35167.0,22078.0,7236.0,24646.0,10706.0,4416.0,1355.0,73.0,2513.0,27309.0,29822.0
122,648,Champaign&Sprngfld-Decatur,389883.0,298443.0,2601.0,295842.0,187226.0,34636.0,238471.0,94859.0,28863.0,7395.0,1042.0,15717.0,75723.0,91440.0
123,649,Evansville,696266.0,499720.0,6066.0,493654.0,299412.0,58967.0,394624.0,166760.0,51628.0,16312.0,1521.0,24726.0,171820.0,196546.0
124,650,Oklahoma City,1225962.0,937262.0,6335.0,930927.0,626545.0,129676.0,742055.0,267634.0,72304.0,20475.0,3596.0,54407.0,234293.0,288700.0
125,651,Lubbock,164597.0,120230.0,1287.0,118943.0,77469.0,16151.0,95397.0,36249.0,11343.0,2312.0,512.0,10048.0,34319.0,44367.0
126,652,Omaha,439620.0,350325.0,3109.0,347216.0,216445.0,29753.0,299923.0,118692.0,23372.0,6390.0,1048.0,14320.0,74975.0,89295.0
127,656,Panama City,143262.0,108261.0,1036.0,107225.0,68365.0,14310.0,86753.0,33768.0,8474.0,2589.0,240.0,5162.0,29839.0,35001.0
128,657,Sherman-Ada,128888.0,85751.0,1111.0,84640.0,50730.0,15526.0,53962.0,23204.0,16116.0,7254.0,822.0,6870.0,36267.0,43137.0
129,658,Green Bay-Appleton,1931575.0,1528094.0,17488.0,1510606.0,935571.0,150058.0,1279322.0,517343.0,106494.0,29505.0,4303.0,65821.0,337660.0,403481.0
130,659,Nashville,1760740.0,1303885.0,9888.0,1293997.0,843411.0,158647.0,1064949.0,402284.0,102704.0,25406.0,3014.0,79712.0,377143.0,456855.0
131,661,San Angelo,772830.0,540524.0,5366.0,535158.0,345144.0,101431.0,380036.0,152835.0,69079.0,23191.0,2084.0,33825.0,198481.0,232306.0
132,662,Abilene-Sweetwater,112197.0,76629.0,879.0,75750.0,49739.0,10803.0,56515.0,20405.0,10867.0,3327.0,402.0,3656.0,31912.0,35568.0
133,669,Madison,405423.0,329229.0,3741.0,325488.0,199217.0,28039.0,278285.0,113241.0,24624.0,7091.0,1000.0,17678.0,58516.0,76194.0
134,670,Ft. Smith-Fay-Sprngdl-Rgrs,318496.0,212508.0,2090.0,210418.0,126641.0,29370.0,165924.0,73338.0,18857.0,5847.0,499.0,34005.0,71983.0,105988.0
135,671,Tulsa,795512.0,572771.0,5112.0,567659.0,378246.0,95789.0,413068.0,151473.0,68050.0,24076.0,3009.0,35344.0,187397.0,222741.0
136,673,Columbus-Tupelo-West Point,187454.0,116835.0,1471.0,115364.0,74513.0,28025.0,74928.0,32351.0,15801.0,5797.0,454.0,10580.0,60039.0,70619.0
137,675,Peoria-Bloomington,680103.0,530281.0,5209.0,525072.0,340555.0,62863.0,434211.0,164223.0,38958.0,10103.0,1700.0,22533.0,127289.0,149822.0
138,676,Duluth-Superior,449247.0,352617.0,5325.0,347292.0,210828.0,37380.0,283786.0,118776.0,33993.0,10035.0,1208.0,17337.0,79293.0,96630.0
139,678,Wichita-Hutchinson Plus,1577959.0,1220290.0,9748.0,1210542.0,761869.0,129617.0,1006880.0,396209.0,95719.0,27788.0,5342.0,61658.0,296011.0,357669.0
140,679,Des Moines-Ames,458921.0,361608.0,4471.0,357137.0,231077.0,43699.0,289630.0,111007.0,32219.0,8062.0,1072.0,20065.0,77248.0,97313.0
141,682,Davenport-R.Island-Moline,311823.0,235039.0,2671.0,232368.0,144890.0,28476.0,187549.0,76712.0,20130.0,5816.0,863.0,10058.0,66726.0,76784.0
142,686,Mobile-Pensacola (Ft Walt),538090.0,401027.0,2909.0,398118.0,248685.0,45251.0,333676.0,134167.0,29250.0,6867.0,1606.0,22479.0,114584.0,137063.0
143,687,Bismarck-Mnt-Dcknsn(Wlstn),616483.0,483738.0,4594.0,479144.0,292185.0,40224.0,413311.0,167040.0,35555.0,9756.0,1815.0,28007.0,104738.0,132745.0
144,691,Huntsville-Decatur (Flor),1278595.0,921093.0,7638.0,913455.0,584679.0,125596.0,734806.0,289800.0,74819.0,18913.0,2860.0,53287.0,304215.0,357502.0
145,692,Beaumont-Port Arthur,171098.0,116081.0,985.0,115096.0,65264.0,20327.0,84442.0,43302.0,12239.0,3827.0,574.0,5999.0,49018.0,55017.0
146,693,Little Rock-Pine Bluff,568567.0,388322.0,4826.0,383496.0,242732.0,70039.0,278621.0,114682.0,45166.0,14058.0,1349.0,28967.0,151278.0,180245.0
147,698,Montgomery-Selma,243464.0,168307.0,1686.0,166621.0,111414.0,24443.0,131852.0,48676.0,13127.0,3621.0,249.0,8882.0,66275.0,75157.0
148,702,La Crosse-Eau Claire,221438.0,171158.0,2242.0,168916.0,97526.0,14968.0,142685.0,62795.0,15043.0,4421.0,457.0,6295.0,43985.0,50280.0
149,705,Wausau-Rhinelander,189612.0,145152.0,2264.0,142888.0,85074.0,17198.0,112163.0,48522.0,15269.0,5599.0,560.0,5889.0,38571.0,44460.0
150,709,Tyler-Longview(Lfkn&Ncgd),268224.0,195231.0,2938.0,192293.0,126398.0,35606.0,135455.0,53133.0,24913.0,8186.0,948.0,10439.0,62554.0,72993.0
151,710,Hattiesburg-Laurel,110389.0,68776.0,1236.0,67540.0,41493.0,15805.0,45183.0,21598.0,7892.0,3051.0,182.0,6517.0,35096.0,41613.0
152,711,Meridian,69271.0,39347.0,545.0,38802.0,24596.0,8068.0,26476.0,11578.0,5160.0,1692.0,41.0,5881.0,24043.0,29924.0
153,716,Baton Rouge,151124.0,109528.0,631.0,108897.0,65139.0,11832.0,91755.0,39553.0,8063.0,2246.0,211.0,5921.0,35675.0,41596.0
154,717,Quincy-Hannibal-Keokuk,2413530.0,1855515.0,14288.0,1841227.0,1199071.0,178057.0,1590223.0,574649.0,124713.0,24110.0,5681.0,102144.0,455871.0,558015.0
155,718,"Jackson, Ms",817470.0,546918.0,5032.0,541886.0,355410.0,91888.0,400613.0,156446.0,65637.0,16566.0,1820.0,35808.0,234744.0,270552.0
156,722,Lincoln & Hastings-Krny,295831.0,232936.0,2446.0,230490.0,138131.0,25850.0,188590.0,81637.0,20002.0,6411.0,775.0,9668.0,53227.0,62895.0
157,724,Fargo,408283.0,310949.0,3537.0,307412.0,191475.0,30882.0,259936.0,104011.0,22430.0,6203.0,983.0,21716.0,75618.0,97334.0
158,725,Sioux Falls(Mitchell),602546.0,460742.0,5057.0,455685.0,270292.0,42599.0,385608.0,164328.0,34133.0,9768.0,1815.0,26612.0,115192.0,141804.0
159,734,Jonesboro,84306.0,60008.0,349.0,59659.0,41163.0,9977.0,45227.0,15984.0,5647.0,1442.0,138.0,4565.0,19733.0,24298.0
160,736,Bowling Green,84596.0,63788.0,615.0,63173.0,39101.0,7711.0,52609.0,22100.0,4027.0,1049.0,58.0,3845.0,16963.0,20808.0
161,737,Mankato,115418.0,92923.0,1029.0,91894.0,52710.0,9158.0,77703.0,35133.0,7024.0,1745.0,358.0,4184.0,18311.0,22495.0
162,740,North Platte,764089.0,604994.0,5861.0,599133.0,367347.0,60509.0,502594.0,207076.0,45352.0,14535.0,1914.0,24433.0,134662.0,159095.0
163,743,Anchorage,193052.0,161061.0,1076.0,159985.0,113296.0,19218.0,132554.0,41196.0,10209.0,2875.0,563.0,5812.0,26179.0,31991.0
164,744,Honolulu,455449.0,375403.0,2613.0,372790.0,250151.0,27824.0,337052.0,115184.0,13742.0,2363.0,652.0,14465.0,65581.0,80046.0
165,745,Fairbanks,38535.0,31704.0,242.0,31462.0,20180.0,4027.0,25536.0,10211.0,1931.0,401.0,209.0,1316.0,5515.0,6831.0
166,746,Biloxi-Gulfport,134603.0,99200.0,776.0,98424.0,61452.0,15085.0,78154.0,33923.0,7681.0,1572.0,134.0,4037.0,31366.0,35403.0
167,747,Juneau,12696.0,11212.0,81.0,11131.0,8380.0,920.0,9959.0,2638.0,252.0,39.0,17.0,408.0,1076.0,1484.0
168,749,Laredo,76836.0,44497.0,472.0,44025.0,25982.0,3115.0,39203.0,16452.0,2924.0,770.0,87.0,4249.0,28090.0,32339.0
169,751,Denver,1681332.0,1425165.0,11110.0,1414055.0,926662.0,111643.0,1220965.0,428992.0,119197.0,30518.0,5108.0,56855.0,199312.0,256167.0
170,752,Colorado Springs-Pueblo,364309.0,305011.0,2800.0,302211.0,199925.0,32516.0,251256.0,89646.0,27029.0,7066.0,832.0,11239.0,48059.0,59298.0
171,753,Phoenix (Prescott),1927853.0,1552052.0,9712.0,1542340.0,957753.0,146795.0,1313332.0,518676.0,137072.0,32669.0,4690.0,67456.0,308345.0,375801.0
172,754,Butte-Bozeman,74340.0,59172.0,537.0,58635.0,35762.0,5517.0,46706.0,18890.0,7185.0,2507.0,432.0,3109.0,12059.0,15168.0
173,755,Great Falls,67838.0,48488.0,751.0,47737.0,26809.0,5025.0,38802.0,17775.0,4531.0,1790.0,267.0,2659.0,16691.0,19350.0
174,756,Billings,115328.0,90399.0,1594.0,88805.0,46403.0,8501.0,72518.0,36764.0,9103.0,3680.0,380.0,4521.0,20408.0,24929.0
175,757,Boise,285802.0,220692.0,2909.0,217783.0,135105.0,20774.0,179958.0,71106.0,23879.0,6536.0,940.0,12774.0,52336.0,65110.0
176,758,Idaho Fals-Pocatllo(Jcksn),132130.0,106915.0,1182.0,105733.0,67701.0,11747.0,81627.0,30348.0,13908.0,5540.0,373.0,6248.0,18967.0,25215.0
177,759,Cheyenne-Scottsbluff,60217.0,47971.0,417.0,47554.0,27071.0,4707.0,38294.0,17523.0,4939.0,2173.0,139.0,1694.0,10552.0,12246.0
178,760,Twin Falls,68453.0,53162.0,621.0,52541.0,31430.0,7733.0,38017.0,16902.0,7570.0,3230.0,138.0,2092.0,13199.0,15291.0
179,762,Missoula,122698.0,96688.0,1345.0,95343.0,52764.0,9584.0,78286.0,36867.0,9152.0,2994.0,430.0,4488.0,21522.0,26010.0
180,764,Rapid City,104874.0,80940.0,722.0,80218.0,48388.0,7480.0,67881.0,28055.0,6080.0,2204.0,193.0,3946.0,19988.0,23934.0
181,765,El Paso (Las Cruces),569483.0,403671.0,4156.0,399515.0,255438.0,56451.0,316817.0,124001.0,37534.0,10029.0,1964.0,21909.0,143903.0,165812.0
182,766,Helena,129585.0,95781.0,1609.0,94172.0,51380.0,10279.0,72017.0,34479.0,13158.0,5357.0,530.0,5364.0,28440.0,33804.0
183,767,Casper-Riverton,59517.0,45787.0,357.0,45430.0,23434.0,3423.0,37236.0,18639.0,4782.0,2308.0,443.0,3256.0,10474.0,13730.0
184,770,Salt Lake City,1002769.0,843946.0,6622.0,837324.0,543606.0,76164.0,696281.0,252130.0,90796.0,24569.0,2974.0,49635.0,109188.0,158823.0
185,771,Yuma-El Centro,116868.0,84822.0,850.0,83972.0,54154.0,10469.0,66435.0,21795.0,11101.0,3342.0,241.0,3544.0,28502.0,32046.0
186,773,Grand Junction-Montrose,77513.0,62989.0,708.0,62281.0,41417.0,6632.0,50765.0,17461.0,5546.0,2057.0,262.0,2066.0,12458.0,14524.0
187,789,Tucson (Sierra Vista),463258.0,372006.0,2853.0,369153.0,236064.0,42807.0,304798.0,114162.0,32909.0,7568.0,1803.0,17833.0,73419.0,91252.0
188,790,Albuquerque-Santa Fe,792255.0,556865.0,6791.0,550074.0,333031.0,72312.0,435268.0,180068.0,57824.0,18316.0,3187.0,29773.0,205617.0,235390.0
189,798,Glendive,4594.0,3448.0,36.0,3412.0,1900.0,190.0,2998.0,1213.0,367.0,154.0,16.0,127.0,1019.0,1146.0
190,801,Eugene,254828.0,205413.0,2537.0,202876.0,129265.0,18623.0,169433.0,63793.0,17708.0,5947.0,633.0,10832.0,38583.0,49415.0
191,802,Eureka,63649.0,50317.0,385.0,49932.0,29031.0,4540.0,41511.0,17962.0,4081.0,1489.0,379.0,2690.0,10642.0,13332.0
192,803,Los Angeles,8189462.0,6811494.0,42918.0,6768576.0,4424612.0,549144.0,5962843.0,2133490.0,478670.0,78011.0,20583.0,247235.0,1130733.0,1377968.0
193,807,San Francisco-Oak-San Jose,2614143.0,2282135.0,11757.0,2270378.0,1589930.0,147465.0,2056040.0,623705.0,118694.0,19814.0,5510.0,63975.0,268033.0,332008.0
194,810,Yakima-Pasco-Rchlnd-Knnwck,248869.0,191786.0,1941.0,189845.0,116711.0,22295.0,150546.0,61655.0,19789.0,6104.0,1578.0,12099.0,44984.0,57083.0
195,811,Reno,274544.0,220437.0,1854.0,218583.0,135699.0,22530.0,183630.0,73079.0,19420.0,5008.0,694.0,9121.0,44986.0,54107.0
196,813,Medford-Klamath Falls,181902.0,143018.0,1747.0,141271.0,78683.0,14128.0,112267.0,51472.0,17624.0,6622.0,807.0,6603.0,32281.0,38884.0
197,819,Seattle-Tacoma,2005865.0,1734929.0,10543.0,1724386.0,1200425.0,122679.0,1545304.0,481761.0,83608.0,18583.0,3517.0,57026.0,213910.0,270936.0
198,820,"Portland, Or",1263156.0,1063444.0,8096.0,1055348.0,712266.0,92503.0,909135.0,307615.0,69344.0,18614.0,3167.0,42600.0,157112.0,199712.0
199,821,"Bend, Or",69631.0,58203.0,417.0,57786.0,39264.0,6631.0,46448.0,15345.0,5422.0,2040.0,389.0,2822.0,8606.0,11428.0
200,825,San Diego,1111739.0,970352.0,3922.0,966430.0,645331.0,62443.0,876765.0,293588.0,70951.0,9144.0,1586.0,23361.0,118026.0,141387.0
201,828,Monterey-Salinas,238915.0,196337.0,1258.0,195079.0,130215.0,20935.0,160445.0,53327.0,19942.0,5901.0,607.0,6422.0,36156.0,42578.0
202,839,Las Vegas,769865.0,613279.0,4175.0,609104.0,382003.0,59950.0,525134.0,207824.0,45166.0,7816.0,1214.0,29151.0,127435.0,156586.0
203,855,Santabarbra-Sanmar-Sanluob,3917402.0,3151634.0,20869.0,3130765.0,2012187.0,276236.0,2715194.0,1009937.0,244814.0,42502.0,11085.0,124569.0,641199.0,765768.0
204,862,Sacramnto-Stkton-Modesto,1307851.0,1072574.0,8497.0,1064077.0,714374.0,117994.0,888176.0,308042.0,94323.0,19219.0,3690.0,40303.0,194974.0,235277.0
205,866,Fresno-Visalia,610470.0,452953.0,4763.0,448190.0,300076.0,77974.0,340201.0,128531.0,40576.0,10115.0,1780.0,22892.0,134625.0,157517.0
206,868,Chico-Redding,199401.0,153627.0,1816.0,151811.0,88959.0,13730.0,120734.0,50442.0,20846.0,7433.0,964.0,6746.0,39028.0,45774.0
207,881,Spokane,453693.0,358482.0,4824.0,353658.0,227430.0,41967.0,271576.0,100389.0,43035.0,17432.0,2298.0,17391.0,77820.0,95211.0
