,DMA Code,DMA Name,universe,total_less_than_10_percent,total_10_to_14.9_percent,total_15_to_19.9_percent,total_20_to_24.9_percent,total_25_to_29.9_percent,total_30_to_34.9_percent,total_35_to_39.9_percent,total_40_to_49.9_percent,total_50_percent_or_more,total_not_computed
0,500,Portland-Auburn,117423.0,3413.0,8919.0,14471.0,15127.0,16492.0,11134.0,7578.0,8941.0,21405.0,9943.0
1,501,New York,3655925.0,175604.0,296718.0,413208.0,411358.0,373268.0,315893.0,224568.0,302699.0,956258.0,186351.0
2,502,Binghamton,42214.0,1795.0,4355.0,4396.0,4081.0,3947.0,2761.0,2586.0,3902.0,10401.0,3990.0
3,503,Macon,87844.0,3733.0,7444.0,10161.0,8086.0,7802.0,7279.0,4890.0,6740.0,20737.0,10972.0
4,504,Philadelphia,1005242.0,35027.0,80804.0,121011.0,117341.0,111112.0,86267.0,58413.0,82963.0,250838.0,61466.0
5,505,Detroit,994754.0,40100.0,97716.0,125463.0,118411.0,103530.0,79807.0,53766.0,78733.0,230361.0,66867.0
6,506,Boston (Manchester),927314.0,35313.0,76931.0,114213.0,116805.0,110450.0,85563.0,56560.0,73013.0,208519.0,49947.0
7,507,Savannah,771722.0,27884.0,65705.0,91748.0,94050.0,81044.0,65252.0,46771.0,68334.0,171653.0,59281.0
8,508,Pittsburgh,365859.0,19613.0,39336.0,47842.0,43942.0,36938.0,26974.0,18422.0,26594.0,74350.0,31848.0
9,509,Ft. Wayne,216777.0,10750.0,24911.0,31087.0,27946.0,22348.0,17520.0,11293.0,15690.0,39758.0,15474.0
10,510,Cleveland-Akron (Canton),527296.0,23911.0,53320.0,68697.0,61837.0,57507.0,43225.0,28195.0,38805.0,112468.0,39331.0
11,511,"Washington, Dc (Hagrstwn)",1028377.0,36018.0,85642.0,136039.0,141622.0,120030.0,89778.0,66498.0,80726.0,214137.0,57887.0
12,512,Baltimore,535347.0,19132.0,43361.0,65838.0,66792.0,62022.0,43237.0,33733.0,45560.0,124893.0,30779.0
13,513,Flint-Saginaw-Bay City,124219.0,4514.0,11140.0,13515.0,14515.0,13317.0,9824.0,7796.0,9766.0,29562.0,10270.0
14,514,Buffalo,1112767.0,49750.0,103271.0,139636.0,127446.0,116183.0,87296.0,61027.0,85334.0,261921.0,80903.0
15,515,Cincinnati,306939.0,13927.0,34833.0,42756.0,36422.0,32469.0,22822.0,16519.0,22205.0,62538.0,22448.0
16,516,Erie,49854.0,2697.0,5151.0,5757.0,5961.0,5206.0,3811.0,2718.0,3278.0,11073.0,4202.0
17,517,Charlotte,411484.0,18251.0,39441.0,55059.0,52271.0,44400.0,33475.0,24778.0,31544.0,79519.0,32746.0
18,518,Greensboro-H.Point-W.Salem,243145.0,10160.0,23483.0,29988.0,26550.0,26601.0,18979.0,15296.0,21576.0,50016.0,20496.0
19,519,"Charleston, Sc",112209.0,4330.0,7239.0,12752.0,13260.0,11989.0,8576.0,7932.0,9383.0,25147.0,11601.0
20,520,Augusta-Aiken,827079.0,32751.0,71328.0,97932.0,92107.0,81027.0,65111.0,49584.0,64292.0,180347.0,92600.0
21,521,Providence-New Bedford,241221.0,11560.0,22057.0,30132.0,27800.0,28355.0,21543.0,15008.0,19385.0,51247.0,14134.0
22,522,"Columbus, Ga (Opelika, Al)",89653.0,3499.0,8242.0,11182.0,9738.0,8620.0,6155.0,5634.0,7274.0,20350.0,8959.0
23,523,Burlington-Plattsburgh,106115.0,3721.0,8257.0,12564.0,13193.0,12730.0,9003.0,7139.0,7951.0,23385.0,8172.0
24,524,Atlanta,1271396.0,45557.0,107651.0,164983.0,157695.0,131506.0,106990.0,80501.0,112398.0,280586.0,83529.0
25,525,"Albany, Ga",59932.0,2929.0,6749.0,6633.0,6011.0,4991.0,4223.0,2878.0,4231.0,13222.0,8065.0
26,526,Utica,16876.0,972.0,1740.0,2507.0,1698.0,1840.0,970.0,852.0,1515.0,3194.0,1588.0
27,527,Indianapolis,394147.0,16288.0,37166.0,51102.0,48304.0,42324.0,33274.0,22547.0,31539.0,83478.0,28125.0
28,528,Miami-Ft. Lauderdale,712082.0,12800.0,30804.0,57913.0,73743.0,74904.0,65539.0,53088.0,77326.0,227800.0,38165.0
29,529,Louisville,219378.0,10404.0,25061.0,31785.0,26247.0,24692.0,16850.0,13501.0,15518.0,38225.0,17095.0
30,530,Tallahassee-Thomasville,111883.0,4329.0,8776.0,10620.0,11757.0,9656.0,9132.0,5894.0,9610.0,27322.0,14787.0
31,531,"Tri-Cities, Tn-Va",88036.0,5041.0,8392.0,9533.0,8496.0,7724.0,6335.0,4254.0,6527.0,15199.0,16535.0
32,532,Albany-Schenectady-Troy,190869.0,7321.0,18693.0,25441.0,25112.0,22010.0,16398.0,10532.0,14846.0,39802.0,10714.0
33,533,Hartford & New Haven,355082.0,13723.0,27154.0,41733.0,41251.0,40850.0,30550.0,21808.0,30638.0,85107.0,22268.0
34,534,Orlando-Daytona Bch-Melbrn,514652.0,12473.0,33431.0,54409.0,62823.0,57000.0,44031.0,33543.0,54580.0,128879.0,33483.0
35,535,"Columbus, Oh",366055.0,13750.0,38068.0,52463.0,50405.0,41953.0,29082.0,20951.0,26179.0,71990.0,21214.0
36,536,Youngstown,79787.0,3714.0,8155.0,8995.0,9011.0,8142.0,6475.0,4570.0,6530.0,16279.0,7916.0
37,537,Bangor,37728.0,1388.0,3533.0,4448.0,4030.0,4910.0,3175.0,2603.0,2857.0,6712.0,4072.0
38,538,"Rochester, Ny",2261251.0,125592.0,196716.0,256219.0,252149.0,229017.0,194938.0,137366.0,180247.0,570393.0,118614.0
39,539,Tampa-St. Pete (Sarasota),604858.0,16484.0,37930.0,66409.0,74092.0,70727.0,53696.0,42741.0,57240.0,146223.0,39316.0
40,540,Traverse City-Cadillac,525643.0,19573.0,44280.0,58087.0,56272.0,54648.0,42250.0,29983.0,41763.0,131572.0,47215.0
41,541,Lexington,174626.0,8397.0,18615.0,20561.0,18933.0,17920.0,12610.0,9748.0,10498.0,34048.0,23296.0
42,542,Dayton,166839.0,8363.0,20732.0,22622.0,20356.0,18869.0,13617.0,8615.0,12223.0,31328.0,10114.0
43,543,Springfield-Holyoke,97921.0,3718.0,8315.0,9548.0,10368.0,11638.0,9436.0,6671.0,8564.0,24506.0,5157.0
44,544,Norfolk-Portsmth-Newpt Nws,490046.0,17535.0,38359.0,58898.0,62928.0,55953.0,42343.0,31922.0,42669.0,106400.0,33039.0
45,545,Greenville-N.Bern-Washngtn,121589.0,5802.0,10759.0,13655.0,15505.0,11399.0,9927.0,6355.0,9900.0,25898.0,12389.0
46,546,"Columbia, Sc",134877.0,4946.0,10870.0,15396.0,13459.0,13247.0,11218.0,6997.0,10349.0,31784.0,16611.0
47,547,Toledo,141073.0,7809.0,15834.0,18294.0,18063.0,15750.0,10252.0,7130.0,10223.0,27425.0,10293.0
48,548,West Palm Beach-Ft. Pierce,270639.0,7304.0,16815.0,29555.0,33280.0,27882.0,23461.0,20033.0,24626.0,66682.0,21001.0
49,549,Watertown,231829.0,8631.0,21198.0,29077.0,28800.0,27499.0,18653.0,12644.0,18572.0,51751.0,15004.0
50,550,Wilmington,66276.0,2262.0,4443.0,6983.0,7357.0,6628.0,4936.0,3868.0,5233.0,16865.0,7701.0
51,551,Lansing,84630.0,3379.0,7665.0,11698.0,10199.0,8852.0,6147.0,4599.0,7198.0,19365.0,5528.0
52,552,Presque Isle,7928.0,477.0,785.0,729.0,837.0,1050.0,713.0,541.0,523.0,1456.0,817.0
53,553,Marquette,21840.0,900.0,1702.0,2557.0,2165.0,2561.0,1902.0,1062.0,1700.0,4720.0,2571.0
54,554,Wheeling-Steubenville,33797.0,2379.0,3032.0,3596.0,3681.0,3463.0,2680.0,1280.0,2308.0,5790.0,5588.0
55,555,Syracuse,121349.0,5135.0,11531.0,13336.0,13195.0,13801.0,8967.0,6705.0,8503.0,31305.0,8871.0
56,556,Richmond-Petersburg,384559.0,14921.0,34562.0,51840.0,48551.0,42135.0,32394.0,24064.0,28278.0,77668.0,30146.0
57,557,Knoxville,273533.0,12427.0,26360.0,33587.0,31553.0,29081.0,21024.0,15039.0,18929.0,53136.0,32397.0
58,558,Lima,20590.0,1205.0,2432.0,3336.0,2016.0,2127.0,1562.0,1199.0,1178.0,4062.0,1473.0
59,559,Bluefield-Beckley-Oak Hill,225416.0,11095.0,20147.0,22767.0,20534.0,20748.0,16290.0,11161.0,15211.0,43918.0,43545.0
60,560,Raleigh-Durham (Fayetvlle),449010.0,15797.0,40888.0,57880.0,58299.0,49058.0,37839.0,27983.0,35711.0,92322.0,33233.0
61,561,Jacksonville,398950.0,12938.0,28712.0,46542.0,48020.0,43420.0,36796.0,26269.0,34230.0,87272.0,34751.0
62,563,Grand Rapids-Kalmzoo-B.Crk,302044.0,11341.0,27677.0,40089.0,37667.0,32837.0,24596.0,17477.0,25181.0,64771.0,20408.0
63,564,Charleston-Huntington,121778.0,5772.0,10144.0,11931.0,11080.0,10109.0,7897.0,6274.0,7856.0,24462.0,26253.0
64,565,Elmira (Corning),28143.0,1356.0,2467.0,3322.0,3325.0,2899.0,2849.0,1739.0,1907.0,5734.0,2545.0
65,566,Harrisburg-Lncstr-Leb-York,232403.0,9786.0,24101.0,33423.0,30444.0,24397.0,19072.0,13629.0,18648.0,45470.0,13433.0
66,567,Greenvll-Spart-Ashevll-And,1654855.0,67373.0,150416.0,203326.0,202884.0,173455.0,135276.0,101418.0,132583.0,337775.0,150349.0
67,569,Harrisonburg,14814.0,802.0,1709.0,2365.0,1810.0,1555.0,974.0,663.0,721.0,2431.0,1784.0
68,570,Myrtle Beach-Florence,94410.0,3874.0,7653.0,10402.0,9268.0,8346.0,6931.0,5072.0,7377.0,19876.0,15611.0
69,571,Ft. Myers-Naples,912423.0,21255.0,48534.0,87478.0,103219.0,98432.0,80263.0,65446.0,90659.0,261320.0,55817.0
70,573,Roanoke-Lynchburg,84979.0,4627.0,9990.0,10427.0,7836.0,7056.0,6197.0,3542.0,6203.0,16013.0,13088.0
71,574,Johnstown-Altoona-St Colge,81579.0,4026.0,7433.0,9190.0,8152.0,8251.0,6288.0,4374.0,6003.0,18758.0,9104.0
72,575,Chattanooga,548170.0,24065.0,47995.0,70961.0,65145.0,59569.0,45852.0,33498.0,46113.0,105712.0,49260.0
73,576,Salisbury,46334.0,2185.0,3792.0,4749.0,5046.0,3933.0,3634.0,3298.0,4577.0,11113.0,4007.0
74,577,Wilkes Barre-Scranton-Hztn,652481.0,30139.0,68224.0,84570.0,78575.0,70366.0,52491.0,36074.0,47924.0,127668.0,56450.0
75,581,Terre Haute,42740.0,2432.0,4431.0,4755.0,4003.0,4224.0,3592.0,2422.0,3375.0,8471.0,5035.0
76,582,"Lafayette, In",33011.0,665.0,2772.0,3420.0,3454.0,3167.0,2971.0,2234.0,2825.0,8776.0,2727.0
77,583,Alpena,3359.0,97.0,214.0,362.0,390.0,596.0,386.0,133.0,303.0,496.0,382.0
78,584,Charlottesville,22068.0,1134.0,1788.0,3190.0,2159.0,1805.0,1577.0,1358.0,1695.0,4053.0,3309.0
79,588,South Bend-Elkhart,398273.0,16426.0,37254.0,51092.0,47467.0,44920.0,32193.0,24693.0,31671.0,81997.0,30560.0
80,592,Gainesville,52026.0,1407.0,3340.0,4410.0,4907.0,4953.0,3571.0,3255.0,4641.0,15741.0,5801.0
81,596,Zanesville,10222.0,492.0,1187.0,1199.0,1026.0,989.0,664.0,708.0,944.0,2369.0,644.0
82,597,Parkersburg,16768.0,644.0,2031.0,1725.0,1644.0,1633.0,1455.0,1119.0,1327.0,3100.0,2090.0
83,598,Clarksburg-Weston,26714.0,1635.0,2689.0,2536.0,2507.0,2675.0,2098.0,1082.0,1600.0,4461.0,5431.0
84,600,Corpus Christi,79316.0,2746.0,6916.0,8941.0,9828.0,9553.0,6455.0,5180.0,6092.0,16367.0,7238.0
85,602,Chicago,1581180.0,61776.0,144842.0,202964.0,194326.0,170099.0,129875.0,93442.0,121323.0,355613.0,106920.0
86,603,Joplin-Pittsburg,81110.0,4370.0,8426.0,10552.0,8656.0,8582.0,5890.0,4324.0,6085.0,14150.0,10075.0
87,604,Columbia-Jefferson City,62714.0,2794.0,6597.0,8934.0,7725.0,6811.0,4233.0,3500.0,4970.0,12059.0,5091.0
88,605,Topeka,66720.0,2896.0,6306.0,9072.0,8966.0,6948.0,5920.0,3833.0,5643.0,12694.0,4442.0
89,606,Dothan,33071.0,1530.0,3318.0,3952.0,4363.0,3354.0,2189.0,1670.0,2133.0,6514.0,4048.0
90,609,St. Louis,687823.0,29861.0,68894.0,93098.0,82867.0,72917.0,54325.0,40314.0,53613.0,140017.0,51917.0
91,610,Rockford,59186.0,2885.0,5921.0,7486.0,7730.0,6218.0,4763.0,3198.0,4333.0,12469.0,4183.0
92,611,Rochestr-Mason City-Austin,39906.0,2182.0,4331.0,4765.0,5589.0,4723.0,3266.0,1953.0,2729.0,7468.0,2900.0
93,612,Shreveport,185840.0,8889.0,17951.0,19359.0,16729.0,17043.0,13893.0,9706.0,14981.0,38046.0,29243.0
94,613,Minneapolis-St. Paul,1079505.0,45370.0,105291.0,147159.0,145059.0,127883.0,93740.0,64962.0,81177.0,215849.0,53015.0
95,616,Kansas City,352349.0,15316.0,33392.0,51105.0,47464.0,38799.0,30298.0,21422.0,28193.0,66241.0,20119.0
96,617,Milwaukee,348700.0,14351.0,37888.0,46543.0,42915.0,36803.0,27476.0,20464.0,26490.0,77897.0,17873.0
97,618,Houston,979567.0,35091.0,80908.0,120485.0,119483.0,109217.0,83418.0,63385.0,87542.0,220580.0,59458.0
98,619,"Springfield, Mo",197339.0,8131.0,19841.0,27126.0,23669.0,20031.0,15912.0,11673.0,13450.0,35943.0,21563.0
99,622,New Orleans,227981.0,8737.0,17380.0,23435.0,21557.0,20659.0,17473.0,13819.0,18875.0,61714.0,24332.0
100,623,Dallas-Ft. Worth,1119736.0,36214.0,97080.0,153972.0,154299.0,126069.0,101271.0,73886.0,98204.0,220694.0,58047.0
101,624,Sioux City,412220.0,22975.0,46155.0,54879.0,52721.0,42733.0,30095.0,20920.0,29377.0,78759.0,33606.0
102,625,Waco-Temple-Bryan,2054706.0,71303.0,165493.0,253880.0,260407.0,227892.0,176158.0,133507.0,179157.0,458030.0,128879.0
103,626,Victoria,10648.0,429.0,976.0,1151.0,1351.0,1211.0,685.0,726.0,1001.0,2169.0,949.0
104,627,Wichita Falls & Lawton,57430.0,2849.0,6148.0,7680.0,6585.0,5511.0,4338.0,3825.0,3823.0,10704.0,5967.0
105,628,Monroe-El Dorado,58615.0,2247.0,4161.0,4738.0,4933.0,4028.0,5176.0,3162.0,5153.0,13118.0,11899.0
106,630,Birmingham (Ann And Tusc),458907.0,19856.0,42532.0,54920.0,48851.0,47348.0,33300.0,24483.0,34691.0,91931.0,60995.0
107,631,Ottumwa-Kirksville,14185.0,572.0,1554.0,1592.0,1463.0,1329.0,1284.0,761.0,815.0,2832.0,1983.0
108,632,Paducah-Cape Girard-Harsbg,264210.0,12278.0,26082.0,31446.0,28769.0,26022.0,19926.0,14629.0,19028.0,52127.0,33903.0
109,633,Odessa-Midland,52484.0,3839.0,5899.0,6369.0,6141.0,4170.0,4811.0,2451.0,3453.0,10014.0,5337.0
110,634,Amarillo,68558.0,3194.0,7084.0,9907.0,8847.0,6036.0,5434.0,3094.0,4642.0,12862.0,7458.0
111,635,Austin,342808.0,12226.0,27751.0,44633.0,48273.0,41509.0,30996.0,21781.0,28972.0,71534.0,15133.0
112,636,Harlingen-Wslco-Brnsvl-Mca,127046.0,5790.0,11632.0,12693.0,11579.0,12418.0,9925.0,7842.0,10034.0,29917.0,15216.0
113,637,Cedar Rapids-Wtrlo-Iwc&Dub,103603.0,4710.0,10391.0,14045.0,12823.0,10656.0,7406.0,5049.0,7859.0,22919.0,7745.0
114,638,St. Joseph,21326.0,947.0,2486.0,2819.0,2376.0,2395.0,1288.0,1120.0,1396.0,4164.0,2335.0
115,639,"Jackson, Tn",30742.0,938.0,2549.0,3022.0,3187.0,3171.0,2530.0,1330.0,2283.0,7050.0,4682.0
116,640,Memphis,946572.0,41517.0,88654.0,109319.0,104696.0,96580.0,73355.0,52440.0,71667.0,190146.0,118198.0
117,641,San Antonio,965771.0,38158.0,86173.0,122030.0,123489.0,102294.0,80363.0,61338.0,81455.0,192122.0,78349.0
118,642,"Lafayette, La",70271.0,3591.0,6074.0,6715.0,7112.0,6220.0,4936.0,4631.0,5954.0,14199.0,10839.0
119,643,Lake Charles,29866.0,1567.0,2876.0,3953.0,2846.0,2745.0,2084.0,2116.0,2359.0,5917.0,3403.0
120,644,"Alexandria, La",32144.0,955.0,2742.0,3275.0,3693.0,2766.0,2573.0,1911.0,2401.0,7091.0,4737.0
121,647,Greenwood-Greenville,26794.0,1100.0,2184.0,2187.0,2341.0,2706.0,1928.0,1295.0,2428.0,6033.0,4592.0
122,648,Champaign&Sprngfld-Decatur,126690.0,6204.0,12727.0,15542.0,14706.0,11963.0,10076.0,7067.0,8020.0,27813.0,12572.0
123,649,Evansville,195622.0,10981.0,21635.0,24715.0,22630.0,19694.0,13789.0,10067.0,12801.0,34226.0,25084.0
124,650,Oklahoma City,446313.0,20116.0,45649.0,60665.0,54902.0,44124.0,33872.0,25014.0,33107.0,89410.0,39454.0
125,651,Lubbock,67837.0,2823.0,5116.0,7636.0,6911.0,7032.0,5547.0,2929.0,5512.0,17011.0,7320.0
126,652,Omaha,150690.0,6937.0,16905.0,22027.0,18941.0,16379.0,12932.0,8994.0,11565.0,25948.0,10062.0
127,656,Panama City,43615.0,1565.0,2780.0,4484.0,4769.0,4237.0,4306.0,2786.0,4032.0,9112.0,5544.0
128,657,Sherman-Ada,41679.0,2082.0,4182.0,4975.0,4934.0,4754.0,3031.0,2361.0,3037.0,6999.0,5324.0
129,658,Green Bay-Appleton,662844.0,29137.0,76782.0,92855.0,84862.0,71182.0,51650.0,36049.0,49065.0,134128.0,37134.0
130,659,Nashville,642594.0,24885.0,55533.0,78261.0,75704.0,73646.0,55249.0,39615.0,50207.0,133096.0,56398.0
131,661,San Angelo,266137.0,10171.0,24516.0,30243.0,27861.0,26443.0,21919.0,16772.0,20452.0,56707.0,31053.0
132,662,Abilene-Sweetwater,36836.0,1314.0,3809.0,4808.0,4493.0,3855.0,2945.0,2571.0,2404.0,5929.0,4708.0
133,669,Madison,147420.0,5983.0,15583.0,20324.0,19521.0,17370.0,11966.0,8329.0,10981.0,30115.0,7248.0
134,670,Ft. Smith-Fay-Sprngdl-Rgrs,120781.0,6247.0,14655.0,16957.0,15669.0,13314.0,9457.0,6549.0,8345.0,19343.0,10245.0
135,671,Tulsa,257878.0,13619.0,25992.0,33118.0,30983.0,25153.0,18118.0,14984.0,19363.0,46704.0,29844.0
136,673,Columbus-Tupelo-West Point,57125.0,2801.0,5570.0,5828.0,6004.0,4323.0,3660.0,2756.0,4169.0,11696.0,10318.0
137,675,Peoria-Bloomington,196458.0,9944.0,21750.0,24722.0,22840.0,19400.0,14665.0,11220.0,14173.0,40415.0,17329.0
138,676,Duluth-Superior,102605.0,5177.0,10115.0,12385.0,11982.0,10996.0,8902.0,5529.0,7693.0,21092.0,8734.0
139,678,Wichita-Hutchinson Plus,538034.0,28260.0,54082.0,74962.0,70036.0,56779.0,44024.0,30687.0,42405.0,96848.0,39951.0
140,679,Des Moines-Ames,144348.0,8169.0,14957.0,19623.0,20399.0,14749.0,11119.0,7801.0,10345.0,27297.0,9889.0
141,682,Davenport-R.Island-Moline,86547.0,4569.0,8924.0,11254.0,10450.0,8221.0,6961.0,4629.0,6898.0,16984.0,7657.0
142,686,Mobile-Pensacola (Ft Walt),176557.0,5877.0,13425.0,19916.0,19839.0,19033.0,15587.0,10596.0,16108.0,36273.0,19903.0
143,687,Bismarck-Mnt-Dcknsn(Wlstn),228447.0,13910.0,26416.0,32037.0,29246.0,21846.0,16052.0,12751.0,15309.0,43265.0,17615.0
144,691,Huntsville-Decatur (Flor),415115.0,17911.0,38493.0,47039.0,45112.0,42594.0,30978.0,21727.0,32089.0,86848.0,52324.0
145,692,Beaumont-Port Arthur,53654.0,3093.0,4455.0,5879.0,5848.0,5206.0,4454.0,3506.0,4098.0,10233.0,6882.0
146,693,Little Rock-Pine Bluff,190462.0,8759.0,18734.0,23310.0,21471.0,19489.0,15132.0,10717.0,13832.0,36204.0,22814.0
147,698,Montgomery-Selma,81413.0,3396.0,6391.0,8389.0,7463.0,8359.0,5358.0,4252.0,6437.0,19133.0,12235.0
148,702,La Crosse-Eau Claire,67531.0,3016.0,8437.0,9488.0,8243.0,7412.0,5027.0,3544.0,5062.0,12299.0,5003.0
149,705,Wausau-Rhinelander,50007.0,2638.0,6753.0,6992.0,5939.0,5227.0,3908.0,2537.0,3331.0,8723.0,3959.0
150,709,Tyler-Longview(Lfkn&Ncgd),86479.0,3422.0,8026.0,10763.0,9929.0,7615.0,6746.0,5469.0,7019.0,17745.0,9745.0
151,710,Hattiesburg-Laurel,32656.0,1920.0,2582.0,2599.0,3291.0,2692.0,2646.0,2201.0,2272.0,7153.0,5300.0
152,711,Meridian,19989.0,941.0,1470.0,1714.0,1999.0,1843.0,1355.0,717.0,1418.0,4468.0,4064.0
153,716,Baton Rouge,33138.0,1459.0,2627.0,3360.0,3380.0,1559.0,2261.0,1773.0,1681.0,5735.0,9303.0
154,717,Quincy-Hannibal-Keokuk,977686.0,40952.0,86281.0,126543.0,123330.0,104009.0,79841.0,56749.0,75333.0,222843.0,61805.0
155,718,"Jackson, Ms",262677.0,8863.0,22237.0,27109.0,29843.0,28317.0,20141.0,15257.0,20839.0,52565.0,37506.0
156,722,Lincoln & Hastings-Krny,102415.0,6168.0,11995.0,14018.0,13161.0,10371.0,7158.0,6219.0,6674.0,18324.0,8327.0
157,724,Fargo,137515.0,8249.0,17196.0,19844.0,17009.0,13272.0,10065.0,6671.0,9425.0,25718.0,10066.0
158,725,Sioux Falls(Mitchell),196682.0,12501.0,24220.0,28688.0,25490.0,19718.0,15215.0,9528.0,12996.0,30489.0,17837.0
159,734,Jonesboro,31554.0,1239.0,3396.0,4266.0,3306.0,2864.0,2773.0,1379.0,2331.0,5687.0,4313.0
160,736,Bowling Green,32028.0,1604.0,3091.0,4073.0,3595.0,3532.0,2019.0,1921.0,1926.0,7427.0,2840.0
161,737,Mankato,30721.0,1257.0,2870.0,3696.0,3956.0,3637.0,2732.0,1684.0,2428.0,6423.0,2038.0
162,740,North Platte,264336.0,14061.0,29818.0,37343.0,33659.0,27934.0,21002.0,15428.0,18591.0,46355.0,20145.0
163,743,Anchorage,65368.0,3173.0,5044.0,8528.0,8985.0,6898.0,5753.0,4194.0,5135.0,11764.0,5894.0
164,744,Honolulu,185589.0,6813.0,12255.0,18469.0,20226.0,19988.0,15800.0,12832.0,18035.0,47283.0,13888.0
165,745,Fairbanks,15502.0,869.0,1226.0,2622.0,1781.0,1777.0,1252.0,935.0,1609.0,2441.0,990.0
166,746,Biloxi-Gulfport,50674.0,1659.0,4706.0,4759.0,6373.0,5079.0,3861.0,2954.0,4998.0,11474.0,4811.0
167,747,Juneau,4707.0,173.0,622.0,575.0,875.0,596.0,337.0,198.0,344.0,801.0,186.0
168,749,Laredo,29691.0,1099.0,2095.0,3426.0,2771.0,2734.0,2148.0,1969.0,2720.0,7055.0,3674.0
169,751,Denver,585825.0,17777.0,41023.0,68961.0,75332.0,71008.0,55844.0,38938.0,52962.0,134869.0,29111.0
170,752,Colorado Springs-Pueblo,127923.0,3944.0,8683.0,14565.0,16545.0,14063.0,11963.0,9321.0,12349.0,30093.0,6397.0
171,753,Phoenix (Prescott),719777.0,26869.0,60119.0,88870.0,97265.0,82171.0,59099.0,45644.0,61912.0,149634.0,48194.0
172,754,Butte-Bozeman,27537.0,1324.0,2500.0,3342.0,3490.0,2839.0,2177.0,1548.0,1750.0,6172.0,2395.0
173,755,Great Falls,22548.0,1660.0,2204.0,2649.0,2611.0,2065.0,1424.0,1224.0,1938.0,3746.0,3027.0
174,756,Billings,35853.0,2433.0,3990.0,4739.0,3893.0,3628.0,2863.0,1985.0,2742.0,5740.0,3840.0
175,757,Boise,91370.0,3405.0,8472.0,12868.0,11619.0,10493.0,7594.0,5792.0,7855.0,15767.0,7505.0
176,758,Idaho Fals-Pocatllo(Jcksn),43533.0,2728.0,4437.0,5135.0,5891.0,4339.0,2943.0,2653.0,3794.0,8393.0,3220.0
177,759,Cheyenne-Scottsbluff,17851.0,831.0,1795.0,2322.0,2263.0,1893.0,1536.0,1011.0,1409.0,3193.0,1598.0
178,760,Twin Falls,21324.0,1362.0,2325.0,2385.0,2433.0,2137.0,1459.0,1591.0,1345.0,3381.0,2906.0
179,762,Missoula,40279.0,1979.0,3438.0,4186.0,4904.0,4837.0,3861.0,2524.0,2749.0,8957.0,2844.0
180,764,Rapid City,31590.0,1746.0,2881.0,3877.0,3838.0,3910.0,2817.0,1761.0,2479.0,5255.0,3026.0
181,765,El Paso (Las Cruces),191460.0,7463.0,15721.0,22318.0,20441.0,20684.0,15595.0,12704.0,16681.0,39011.0,20842.0
182,766,Helena,36860.0,2916.0,3486.0,4354.0,3838.0,4153.0,2582.0,1809.0,2728.0,6243.0,4751.0
183,767,Casper-Riverton,16970.0,807.0,1976.0,1988.0,2003.0,2242.0,1199.0,1132.0,1351.0,2322.0,1950.0
184,770,Salt Lake City,311859.0,12423.0,30962.0,44720.0,41245.0,35297.0,28248.0,19282.0,25345.0,56236.0,18101.0
185,771,Yuma-El Centro,42583.0,1769.0,3892.0,5352.0,4407.0,4700.0,4003.0,2964.0,2630.0,9658.0,3208.0
186,773,Grand Junction-Montrose,23049.0,1398.0,1942.0,2456.0,2514.0,2520.0,1546.0,1692.0,1918.0,5482.0,1581.0
187,789,Tucson (Sierra Vista),168702.0,6152.0,13862.0,20783.0,19236.0,17484.0,14798.0,10279.0,14442.0,39126.0,12540.0
188,790,Albuquerque-Santa Fe,254771.0,12612.0,23317.0,29492.0,27261.0,25666.0,19637.0,14939.0,20295.0,51276.0,30276.0
189,798,Glendive,1435.0,131.0,69.0,244.0,140.0,235.0,4.0,80.0,133.0,237.0,162.0
190,801,Eugene,101427.0,3387.0,6828.0,11012.0,11614.0,10976.0,8542.0,6482.0,9173.0,26105.0,7308.0
191,802,Eureka,26458.0,903.0,1382.0,2398.0,2229.0,2441.0,2226.0,2299.0,2161.0,8418.0,2001.0
192,803,Los Angeles,3914824.0,122368.0,265132.0,409832.0,450841.0,426804.0,354172.0,263599.0,376184.0,1059112.0,186780.0
193,807,San Francisco-Oak-San Jose,1155289.0,56112.0,110464.0,151033.0,147332.0,127655.0,97053.0,69950.0,95677.0,251259.0,48754.0
194,810,Yakima-Pasco-Rchlnd-Knnwck,88818.0,3887.0,9020.0,10868.0,11073.0,9947.0,7339.0,5175.0,6816.0,18254.0,6439.0
195,811,Reno,110784.0,5090.0,9355.0,15041.0,14235.0,13648.0,9677.0,7349.0,10350.0,21139.0,4900.0
196,813,Medford-Klamath Falls,64367.0,2330.0,4850.0,6737.0,7387.0,6079.0,6168.0,3712.0,5670.0,16784.0,4650.0
197,819,Seattle-Tacoma,795759.0,25688.0,61950.0,105617.0,108807.0,95819.0,75154.0,52687.0,67140.0,165679.0,37218.0
198,820,"Portland, Or",489320.0,14533.0,37797.0,59153.0,64315.0,58521.0,43667.0,32749.0,43080.0,110721.0,24784.0
199,821,"Bend, Or",24705.0,444.0,1722.0,2996.0,3131.0,2886.0,2601.0,1783.0,2092.0,5622.0,1428.0
200,825,San Diego,521353.0,10610.0,31086.0,55968.0,61312.0,59560.0,48722.0,35975.0,52784.0,144425.0,20911.0
201,828,Monterey-Salinas,106214.0,3255.0,6756.0,11625.0,11128.0,12733.0,10117.0,7641.0,10770.0,27229.0,4960.0
202,839,Las Vegas,371811.0,11108.0,28322.0,45058.0,46054.0,39657.0,32740.0,24951.0,36120.0,87308.0,20493.0
203,855,Santabarbra-Sanmar-Sanluob,2054458.0,56159.0,133181.0,207774.0,228217.0,220004.0,184897.0,141175.0,199866.0,582737.0,100448.0
204,862,Sacramnto-Stkton-Modesto,530508.0,14670.0,37798.0,59431.0,62894.0,57860.0,49000.0,35905.0,50164.0,133157.0,29629.0
205,866,Fresno-Visalia,279965.0,9966.0,22199.0,30283.0,30892.0,29244.0,23737.0,17275.0,27877.0,69076.0,19416.0
206,868,Chico-Redding,73921.0,2186.0,5044.0,7318.0,8298.0,7737.0,6181.0,4390.0,6553.0,20348.0,5866.0
207,881,Spokane,159744.0,6717.0,15168.0,18879.0,17956.0,18289.0,13682.0,9867.0,13690.0,34233.0,11263.0
