,DMA Code,DMA Name,universe,white_alone,black_alone,american_indian_and_alaska_native,asian_alone,native_hawaiian_and_pacific_islander,other_alone,two_or_more_races,latino_alone,asians_all,other_all
0,500,Portland-Auburn,1008275.0,931513.0,15636.0,2970.0,12875.0,131.0,1671.0,25201.0,18278.0,13006.0,29842.0
1,501,New York,21240907.0,10049833.0,3185963.0,29282.0,2264771.0,5729.0,146166.0,460990.0,5098173.0,2270500.0,636438.0
2,502,Binghamton,332676.0,290555.0,10987.0,499.0,9466.0,135.0,301.0,8387.0,12346.0,9601.0,9187.0
3,503,Macon,671178.0,347207.0,268987.0,1296.0,10849.0,488.0,1711.0,12039.0,28601.0,11337.0,15046.0
4,504,Philadelphia,8134792.0,4971573.0,1457975.0,10816.0,461630.0,2095.0,29595.0,205867.0,995241.0,463725.0,246278.0
5,505,Detroit,8670610.0,6229970.0,1350028.0,29403.0,387703.0,2742.0,26606.0,249456.0,394702.0,390445.0,305465.0
6,506,Boston (Manchester),6627031.0,4832066.0,417058.0,8953.0,459699.0,2081.0,44242.0,171971.0,690961.0,461780.0,225166.0
7,507,Savannah,5681331.0,2809766.0,1860329.0,10262.0,284007.0,3605.0,22090.0,140581.0,550691.0,287612.0,172933.0
8,508,Pittsburgh,2797681.0,2406533.0,202744.0,1963.0,62199.0,614.0,7951.0,65595.0,50082.0,62813.0,75509.0
9,509,Ft. Wayne,2086731.0,1734242.0,124650.0,3042.0,61828.0,624.0,4152.0,52427.0,105766.0,62452.0,59621.0
10,510,Cleveland-Akron (Canton),3811998.0,2915018.0,531353.0,5096.0,77151.0,610.0,11378.0,103783.0,167609.0,77761.0,120257.0
11,511,"Washington, Dc (Hagrstwn)",8819112.0,4699074.0,1915180.0,16941.0,737595.0,3942.0,36996.0,308236.0,1101148.0,741537.0,362173.0
12,512,Baltimore,4399795.0,2630764.0,1120759.0,8114.0,224974.0,1421.0,14043.0,136237.0,263483.0,226395.0,158394.0
13,513,Flint-Saginaw-Bay City,1134339.0,910304.0,122554.0,5240.0,10978.0,173.0,2641.0,31185.0,51264.0,11151.0,39066.0
14,514,Buffalo,8005500.0,5643968.0,1205206.0,16659.0,318590.0,2032.0,27185.0,192849.0,599011.0,320622.0,236693.0
15,515,Cincinnati,2396322.0,1918621.0,265429.0,1990.0,60080.0,766.0,6918.0,66090.0,76428.0,60846.0,74998.0
16,516,Erie,396586.0,345643.0,20049.0,695.0,5557.0,75.0,1349.0,9636.0,13582.0,5632.0,11680.0
17,517,Charlotte,3313604.0,2126093.0,665995.0,9825.0,115742.0,1219.0,9312.0,74700.0,310718.0,116961.0,93837.0
18,518,Greensboro-H.Point-W.Salem,1823599.0,1177475.0,372521.0,5393.0,45913.0,821.0,5970.0,39266.0,176240.0,46734.0,50629.0
19,519,"Charleston, Sc",921539.0,576551.0,250529.0,2044.0,15510.0,543.0,3781.0,23332.0,49249.0,16053.0,29157.0
20,520,Augusta-Aiken,7058016.0,4315969.0,1986147.0,17702.0,119569.0,4892.0,18715.0,164743.0,430279.0,124461.0,201160.0
21,521,Providence-New Bedford,1621099.0,1207138.0,80384.0,3179.0,48595.0,790.0,16893.0,49042.0,215078.0,49385.0,69114.0
22,522,"Columbus, Ga (Opelika, Al)",591182.0,305500.0,219159.0,1220.0,14275.0,421.0,1806.0,14978.0,33823.0,14696.0,18004.0
23,523,Burlington-Plattsburgh,890185.0,812504.0,15605.0,5174.0,14833.0,294.0,1582.0,20100.0,20093.0,15127.0,26856.0
24,524,Atlanta,10164796.0,5449809.0,2834286.0,14816.0,455111.0,3523.0,40323.0,252241.0,1114687.0,458634.0,307380.0
25,525,"Albany, Ga",409495.0,208205.0,158858.0,687.0,3955.0,157.0,380.0,5966.0,31287.0,4112.0,7033.0
26,526,Utica,158612.0,146085.0,2758.0,209.0,1149.0,103.0,454.0,3015.0,4839.0,1252.0,3678.0
27,527,Indianapolis,3056201.0,2345256.0,344197.0,4690.0,92097.0,484.0,8726.0,75597.0,185154.0,92581.0,89013.0
28,528,Miami-Ft. Lauderdale,4722938.0,1104788.0,963147.0,5390.0,111057.0,1774.0,22763.0,65629.0,2448390.0,112831.0,93782.0
29,529,Louisville,1771333.0,1395511.0,208413.0,2394.0,32116.0,1062.0,5115.0,44224.0,82498.0,33178.0,51733.0
30,530,Tallahassee-Thomasville,755198.0,431416.0,240229.0,1620.0,13542.0,386.0,2037.0,14974.0,50994.0,13928.0,18631.0
31,531,"Tri-Cities, Tn-Va",767333.0,714086.0,17290.0,1620.0,5126.0,253.0,356.0,11986.0,16616.0,5379.0,13962.0
32,532,Albany-Schenectady-Troy,1382384.0,1140063.0,76335.0,2289.0,44518.0,360.0,4771.0,41430.0,72618.0,44878.0,48490.0
33,533,Hartford & New Haven,2626243.0,1781551.0,252312.0,3888.0,111509.0,380.0,7916.0,70690.0,397997.0,111889.0,82494.0
34,534,Orlando-Daytona Bch-Melbrn,4303370.0,2443265.0,567072.0,8324.0,142934.0,2540.0,22989.0,105455.0,1010791.0,145474.0,136768.0
35,535,"Columbus, Oh",2590889.0,1963501.0,338779.0,3349.0,96668.0,780.0,6342.0,82313.0,99157.0,97448.0,92004.0
36,536,Youngstown,640629.0,539471.0,57372.0,770.0,4217.0,217.0,776.0,16097.0,21709.0,4434.0,17643.0
37,537,Bangor,345066.0,323371.0,2354.0,3920.0,2561.0,28.0,590.0,6911.0,5331.0,2589.0,11421.0
38,538,"Rochester, Ny",11049719.0,5505886.0,1753589.0,19955.0,1276391.0,3360.0,81710.0,288797.0,2120031.0,1279751.0,390462.0
39,539,Tampa-St. Pete (Sarasota),4959815.0,3201548.0,529798.0,9992.0,141465.0,2645.0,17211.0,113771.0,943385.0,144110.0,140974.0
40,540,Traverse City-Cadillac,4322032.0,2975586.0,858935.0,27803.0,108673.0,1063.0,12453.0,126522.0,210997.0,109736.0,166778.0
41,541,Lexington,1307826.0,1130812.0,76124.0,2444.0,19105.0,455.0,2896.0,27546.0,48444.0,19560.0,32886.0
42,542,Dayton,1206540.0,973362.0,136445.0,1563.0,20415.0,618.0,2939.0,38829.0,32369.0,21033.0,43331.0
43,543,Springfield-Holyoke,698537.0,487178.0,40546.0,857.0,20597.0,298.0,1213.0,15507.0,132341.0,20895.0,17577.0
44,544,Norfolk-Portsmth-Newpt Nws,3531408.0,2146230.0,847089.0,7786.0,117458.0,2329.0,10528.0,126388.0,273600.0,119787.0,144702.0
45,545,Greenville-N.Bern-Washngtn,818097.0,496837.0,203305.0,2658.0,11709.0,731.0,1267.0,25453.0,76137.0,12440.0,29378.0
46,546,"Columbia, Sc",1115891.0,587085.0,418725.0,3111.0,20408.0,976.0,2962.0,24568.0,58056.0,21384.0,30641.0
47,547,Toledo,1055610.0,843910.0,91338.0,2000.0,12748.0,289.0,2624.0,27928.0,74773.0,13037.0,32552.0
48,548,West Palm Beach-Ft. Pierce,2815218.0,1920025.0,289063.0,6425.0,46537.0,1522.0,8942.0,55953.0,486751.0,48059.0,71320.0
49,549,Watertown,1802569.0,1444488.0,107399.0,7291.0,47452.0,926.0,4001.0,45084.0,145928.0,48378.0,56376.0
50,550,Wilmington,519510.0,387878.0,79251.0,4105.0,4460.0,278.0,1152.0,12403.0,29983.0,4738.0,17660.0
51,551,Lansing,683491.0,538135.0,54211.0,2186.0,24450.0,109.0,1306.0,23330.0,39764.0,24559.0,26822.0
52,552,Presque Isle,67431.0,63194.0,633.0,1285.0,251.0,25.0,78.0,1097.0,868.0,276.0,2460.0
53,553,Marquette,212321.0,193804.0,3171.0,3694.0,2185.0,64.0,136.0,5917.0,3350.0,2249.0,9747.0
54,554,Wheeling-Steubenville,324818.0,302493.0,10224.0,369.0,1508.0,51.0,351.0,6231.0,3591.0,1559.0,6951.0
55,555,Syracuse,911319.0,749665.0,60315.0,2749.0,29578.0,249.0,1508.0,28643.0,38612.0,29827.0,32900.0
56,556,Richmond-Petersburg,3305034.0,2106403.0,650168.0,7411.0,182141.0,1286.0,10975.0,100108.0,246542.0,183427.0,118494.0
57,557,Knoxville,2186994.0,1886992.0,116829.0,4561.0,31556.0,1022.0,4709.0,46158.0,95167.0,32578.0,55428.0
58,558,Lima,182353.0,156969.0,12109.0,140.0,1021.0,2.0,425.0,5358.0,6329.0,1023.0,5923.0
59,559,Bluefield-Beckley-Oak Hill,2107373.0,1927865.0,77391.0,3506.0,15370.0,504.0,4937.0,45079.0,32721.0,15874.0,53522.0
60,560,Raleigh-Durham (Fayetvlle),3263519.0,1804490.0,848800.0,20386.0,127233.0,2762.0,11723.0,96047.0,352078.0,129995.0,128156.0
61,561,Jacksonville,3424208.0,2317708.0,547224.0,8959.0,84668.0,1781.0,12258.0,92598.0,359012.0,86449.0,113815.0
62,563,Grand Rapids-Kalmzoo-B.Crk,2952080.0,2380036.0,182477.0,9441.0,66487.0,652.0,6258.0,92445.0,214284.0,67139.0,108144.0
63,564,Charleston-Huntington,1107850.0,1038415.0,26511.0,1700.0,6333.0,495.0,1038.0,21711.0,11647.0,6828.0,24449.0
64,565,Elmira (Corning),238562.0,217380.0,6680.0,341.0,3117.0,2.0,428.0,5413.0,5201.0,3119.0,6182.0
65,566,Harrisburg-Lncstr-Leb-York,2034196.0,1655050.0,111452.0,1650.0,47846.0,297.0,4431.0,44137.0,169333.0,48143.0,50218.0
66,567,Greenvll-Spart-Ashevll-And,12675779.0,8234421.0,2490354.0,121069.0,340497.0,8033.0,35525.0,306325.0,1139555.0,348530.0,462919.0
67,569,Harrisonburg,163860.0,146361.0,5259.0,234.0,995.0,132.0,412.0,2297.0,8170.0,1127.0,2943.0
68,570,Myrtle Beach-Florence,803661.0,457229.0,220392.0,59984.0,8466.0,186.0,1385.0,14409.0,41610.0,8652.0,75778.0
69,571,Ft. Myers-Naples,6572873.0,2698122.0,849102.0,9624.0,151757.0,2349.0,24252.0,100315.0,2737352.0,154106.0,134191.0
70,573,Roanoke-Lynchburg,842148.0,702551.0,82891.0,1670.0,14035.0,218.0,1217.0,16253.0,23313.0,14253.0,19140.0
71,574,Johnstown-Altoona-St Colge,741138.0,681299.0,18805.0,641.0,12717.0,138.0,702.0,12527.0,14309.0,12855.0,13870.0
72,575,Chattanooga,4182448.0,3201767.0,496418.0,8888.0,83063.0,2387.0,10262.0,104358.0,275305.0,85450.0,123508.0
73,576,Salisbury,443131.0,310736.0,77507.0,1122.0,7151.0,81.0,1974.0,13113.0,31447.0,7232.0,16209.0
74,577,Wilkes Barre-Scranton-Hztn,6010800.0,4996913.0,267739.0,4676.0,158724.0,1545.0,12154.0,118714.0,450335.0,160269.0,135544.0
75,581,Terre Haute,374522.0,340119.0,13584.0,511.0,3010.0,134.0,442.0,7675.0,9047.0,3144.0,8628.0
76,582,"Lafayette, In",201997.0,153263.0,10668.0,361.0,15581.0,84.0,772.0,4423.0,16845.0,15665.0,5556.0
77,583,Alpena,38827.0,36989.0,208.0,162.0,178.0,34.0,86.0,593.0,577.0,212.0,841.0
78,584,Charlottesville,205135.0,159789.0,20958.0,448.0,7134.0,74.0,614.0,5399.0,10719.0,7208.0,6461.0
79,588,South Bend-Elkhart,3103648.0,2338084.0,374759.0,5211.0,62003.0,1018.0,9873.0,79167.0,233533.0,63021.0,94251.0
80,592,Gainesville,344069.0,224188.0,58866.0,754.0,16621.0,155.0,1279.0,9658.0,32548.0,16776.0,11691.0
81,596,Zanesville,86033.0,78431.0,2548.0,143.0,439.0,57.0,322.0,3041.0,1052.0,496.0,3506.0
82,597,Parkersburg,152061.0,144495.0,1988.0,537.0,780.0,1.0,21.0,2349.0,1890.0,781.0,2907.0
83,598,Clarksburg-Weston,267899.0,251064.0,5418.0,387.0,1280.0,19.0,753.0,5480.0,3498.0,1299.0,6620.0
84,600,Corpus Christi,600532.0,181780.0,18293.0,1023.0,9510.0,351.0,476.0,6425.0,382674.0,9861.0,7924.0
85,602,Chicago,12668009.0,7460249.0,1741667.0,12970.0,744342.0,3384.0,25930.0,272457.0,2407010.0,747726.0,311357.0
86,603,Joplin-Pittsburg,635270.0,541744.0,15483.0,11226.0,5729.0,2398.0,700.0,25181.0,32809.0,8127.0,37107.0
87,604,Columbia-Jefferson City,481908.0,408469.0,32560.0,1823.0,10109.0,434.0,812.0,13972.0,13729.0,10543.0,16607.0
88,605,Topeka,462557.0,359598.0,26387.0,4156.0,8110.0,534.0,1493.0,15454.0,46825.0,8644.0,21103.0
89,606,Dothan,260574.0,177676.0,59283.0,1416.0,2607.0,50.0,626.0,6304.0,12612.0,2657.0,8346.0
90,609,St. Louis,5322246.0,4112633.0,721229.0,11793.0,106146.0,4429.0,12616.0,143123.0,210277.0,110575.0,167532.0
91,610,Rockford,466608.0,341327.0,44238.0,543.0,9014.0,43.0,610.0,12570.0,58263.0,9057.0,13723.0
92,611,Rochestr-Mason City-Austin,375459.0,317563.0,13316.0,820.0,13278.0,364.0,555.0,8147.0,21416.0,13642.0,9522.0
93,612,Shreveport,1500709.0,937792.0,319054.0,59029.0,12601.0,3753.0,2554.0,54037.0,111889.0,16354.0,115620.0
94,613,Minneapolis-St. Paul,9212376.0,7183451.0,627268.0,69980.0,493759.0,3338.0,29119.0,284958.0,520503.0,497097.0,384057.0
95,616,Kansas City,2557393.0,1898070.0,269451.0,8714.0,71596.0,4555.0,7306.0,79509.0,218192.0,76151.0,95529.0
96,617,Milwaukee,2332331.0,1640160.0,294313.0,7299.0,74322.0,709.0,7207.0,55786.0,252535.0,75031.0,70292.0
97,618,Houston,7345160.0,2689863.0,1220876.0,13509.0,549079.0,3088.0,17554.0,145558.0,2705633.0,552167.0,176621.0
98,619,"Springfield, Mo",1626824.0,1426724.0,42794.0,9496.0,20477.0,2087.0,1658.0,47942.0,75646.0,22564.0,59096.0
99,622,New Orleans,1795282.0,1023204.0,543284.0,12949.0,39404.0,313.0,5978.0,35868.0,134282.0,39717.0,54795.0
100,623,Dallas-Ft. Worth,8133670.0,3877174.0,1208024.0,22906.0,534118.0,8254.0,16573.0,198023.0,2268598.0,542372.0,237502.0
101,624,Sioux City,3543934.0,2993010.0,121657.0,15828.0,86232.0,4407.0,3587.0,77269.0,241944.0,90639.0,96684.0
102,625,Waco-Temple-Bryan,14725592.0,5993204.0,2026208.0,30530.0,826206.0,13758.0,33428.0,330554.0,5471704.0,839964.0,394512.0
103,626,Victoria,92044.0,40580.0,5224.0,105.0,1084.0,44.0,148.0,1331.0,43528.0,1128.0,1584.0
104,627,Wichita Falls & Lawton,420692.0,278743.0,36596.0,9713.0,6656.0,689.0,954.0,19593.0,67748.0,7345.0,30260.0
105,628,Monroe-El Dorado,466173.0,277526.0,165879.0,954.0,3253.0,159.0,1070.0,5256.0,12076.0,3412.0,7280.0
106,630,Birmingham (Ann And Tusc),3986203.0,2681944.0,982847.0,13694.0,49514.0,1568.0,6879.0,77565.0,172192.0,51082.0,98138.0
107,631,Ottumwa-Kirksville,125417.0,109295.0,3085.0,205.0,3325.0,328.0,160.0,2170.0,6849.0,3653.0,2535.0
108,632,Paducah-Cape Girard-Harsbg,2078512.0,1807188.0,121719.0,5132.0,22866.0,2074.0,2459.0,47348.0,69726.0,24940.0,54939.0
109,633,Odessa-Midland,493889.0,187122.0,21948.0,3454.0,6805.0,176.0,528.0,6519.0,267337.0,6981.0,10501.0
110,634,Amarillo,544505.0,293620.0,24545.0,2977.0,11890.0,651.0,350.0,11529.0,198943.0,12541.0,14856.0
111,635,Austin,2327874.0,1232282.0,154699.0,3954.0,129254.0,997.0,5890.0,63900.0,736898.0,130251.0,73744.0
112,636,Harlingen-Wslco-Brnsvl-Mca,1368723.0,90808.0,5605.0,1052.0,10928.0,314.0,1670.0,2034.0,1256312.0,11242.0,4756.0
113,637,Cedar Rapids-Wtrlo-Iwc&Dub,908416.0,786443.0,41613.0,2746.0,20683.0,1339.0,1163.0,20561.0,33868.0,22022.0,24470.0
114,638,St. Joseph,160578.0,135335.0,8912.0,459.0,1500.0,315.0,115.0,5087.0,8855.0,1815.0,5661.0
115,639,"Jackson, Tn",245753.0,177779.0,52116.0,402.0,1485.0,77.0,557.0,5494.0,7843.0,1562.0,6453.0
116,640,Memphis,7187362.0,4706341.0,1747205.0,29306.0,96716.0,11828.0,15777.0,167404.0,412785.0,108544.0,212487.0
117,641,San Antonio,8729083.0,3817160.0,625761.0,19549.0,341448.0,4990.0,15448.0,168448.0,3736279.0,346438.0,203445.0
118,642,"Lafayette, La",606497.0,396333.0,162252.0,1382.0,8249.0,284.0,1742.0,13390.0,22865.0,8533.0,16514.0
119,643,Lake Charles,272780.0,190119.0,60179.0,1149.0,3405.0,4.0,385.0,6339.0,11200.0,3409.0,7873.0
120,644,"Alexandria, La",242495.0,157019.0,62577.0,1758.0,2855.0,258.0,290.0,6808.0,10930.0,3113.0,8856.0
121,647,Greenwood-Greenville,175788.0,56044.0,113836.0,208.0,822.0,26.0,254.0,996.0,3602.0,848.0,1458.0
122,648,Champaign&Sprngfld-Decatur,949255.0,767974.0,88802.0,1250.0,30543.0,469.0,1150.0,22915.0,36152.0,31012.0,25315.0
123,649,Evansville,1801958.0,1618103.0,76028.0,2872.0,16443.0,1248.0,2899.0,35899.0,48466.0,17691.0,41670.0
124,650,Oklahoma City,3352076.0,2160708.0,297504.0,150443.0,92415.0,4254.0,7274.0,208396.0,431082.0,96669.0,366113.0
125,651,Lubbock,471210.0,230324.0,26032.0,1328.0,7559.0,277.0,418.0,7841.0,197431.0,7836.0,9587.0
126,652,Omaha,1150846.0,885458.0,72184.0,3848.0,29854.0,644.0,1610.0,30160.0,127088.0,30498.0,35618.0
127,656,Panama City,392802.0,301515.0,46759.0,2062.0,5258.0,425.0,1414.0,12480.0,22889.0,5683.0,15956.0
128,657,Sherman-Ada,350635.0,246324.0,14468.0,24533.0,3638.0,171.0,655.0,26428.0,34418.0,3809.0,51616.0
129,658,Green Bay-Appleton,4792855.0,3784270.0,341094.0,39059.0,141928.0,1534.0,12245.0,113859.0,358866.0,143462.0,165163.0
130,659,Nashville,4821036.0,3306075.0,954385.0,9308.0,104179.0,2598.0,12652.0,116960.0,314879.0,106777.0,138920.0
131,661,San Angelo,2395071.0,965855.0,102335.0,5712.0,27640.0,1635.0,3839.0,28229.0,1259826.0,29275.0,37780.0
132,662,Abilene-Sweetwater,313362.0,202494.0,18103.0,974.0,3869.0,48.0,979.0,6374.0,80521.0,3917.0,8327.0
133,669,Madison,1014539.0,847469.0,36635.0,3331.0,35780.0,252.0,2979.0,27582.0,60511.0,36032.0,33892.0
134,670,Ft. Smith-Fay-Sprngdl-Rgrs,884723.0,637677.0,23637.0,21509.0,25601.0,8324.0,4052.0,42597.0,121326.0,33925.0,68158.0
135,671,Tulsa,2106765.0,1352012.0,126362.0,224184.0,37647.0,1897.0,3036.0,182921.0,178706.0,39544.0,410141.0
136,673,Columbus-Tupelo-West Point,491566.0,317505.0,148750.0,894.0,4063.0,304.0,731.0,6614.0,12705.0,4367.0,8239.0
137,675,Peoria-Bloomington,1766218.0,1305429.0,134495.0,2499.0,52320.0,410.0,2842.0,40218.0,228005.0,52730.0,45559.0
138,676,Duluth-Superior,1134792.0,998840.0,26006.0,17134.0,23767.0,618.0,2582.0,29363.0,36482.0,24385.0,49079.0
139,678,Wichita-Hutchinson Plus,4085039.0,3053777.0,213424.0,24377.0,114767.0,2441.0,7333.0,134308.0,534612.0,117208.0,166018.0
140,679,Des Moines-Ames,1180898.0,990736.0,42209.0,1697.0,40258.0,769.0,943.0,27004.0,77282.0,41027.0,29644.0
141,682,Davenport-R.Island-Moline,757358.0,621902.0,39388.0,1533.0,12209.0,303.0,1068.0,17545.0,63410.0,12512.0,20146.0
142,686,Mobile-Pensacola (Ft Walt),1483893.0,1008452.0,313500.0,9170.0,29684.0,1041.0,4412.0,45082.0,72552.0,30725.0,58664.0
143,687,Bismarck-Mnt-Dcknsn(Wlstn),1534279.0,1293789.0,31125.0,78373.0,19723.0,1701.0,2302.0,42741.0,64525.0,21424.0,123416.0
144,691,Huntsville-Decatur (Flor),3377399.0,2184394.0,882255.0,15449.0,51607.0,1443.0,7160.0,67595.0,167496.0,53050.0,90204.0
145,692,Beaumont-Port Arthur,465142.0,270984.0,106046.0,913.0,11308.0,168.0,447.0,6702.0,68574.0,11476.0,8062.0
146,693,Little Rock-Pine Bluff,1474389.0,1043602.0,291288.0,5554.0,16109.0,1104.0,2111.0,37718.0,76903.0,17213.0,45383.0
147,698,Montgomery-Selma,623512.0,305057.0,279034.0,1223.0,10275.0,71.0,535.0,10520.0,16797.0,10346.0,12278.0
148,702,La Crosse-Eau Claire,560868.0,510252.0,6826.0,2847.0,12294.0,444.0,651.0,10948.0,16606.0,12738.0,14446.0
149,705,Wausau-Rhinelander,446338.0,403238.0,2988.0,5023.0,11800.0,197.0,1651.0,8949.0,12492.0,11997.0,15623.0
150,709,Tyler-Longview(Lfkn&Ncgd),764162.0,478009.0,119580.0,2069.0,8038.0,481.0,1307.0,15507.0,139171.0,8519.0,18883.0
151,710,Hattiesburg-Laurel,298536.0,188551.0,94692.0,442.0,2155.0,68.0,344.0,3705.0,8579.0,2223.0,4491.0
152,711,Meridian,176813.0,92516.0,71803.0,6391.0,1084.0,33.0,384.0,1424.0,3178.0,1117.0,8199.0
153,716,Baton Rouge,423645.0,292474.0,98355.0,1370.0,3621.0,63.0,622.0,8424.0,18716.0,3684.0,10416.0
154,717,Quincy-Hannibal-Keokuk,6304366.0,3148175.0,1257571.0,6702.0,392559.0,1397.0,14152.0,130828.0,1352982.0,393956.0,151682.0
155,718,"Jackson, Ms",2198330.0,1115674.0,965529.0,4764.0,22298.0,543.0,3038.0,24551.0,61933.0,22841.0,32353.0
156,722,Lincoln & Hastings-Krny,741889.0,617247.0,16868.0,2594.0,16800.0,435.0,869.0,17074.0,70002.0,17235.0,20537.0
157,724,Fargo,995867.0,855828.0,24913.0,34679.0,14919.0,760.0,1947.0,25508.0,37313.0,15679.0,62134.0
158,725,Sioux Falls(Mitchell),1554281.0,1274272.0,34941.0,110398.0,23279.0,836.0,1146.0,40455.0,68954.0,24115.0,151999.0
159,734,Jonesboro,220650.0,184751.0,18213.0,506.0,1695.0,140.0,411.0,6624.0,8310.0,1835.0,7541.0
160,736,Bowling Green,228708.0,191815.0,14224.0,533.0,5907.0,546.0,221.0,5839.0,9623.0,6453.0,6593.0
161,737,Mankato,312217.0,272626.0,5864.0,9489.0,3979.0,75.0,263.0,6965.0,12956.0,4054.0,16717.0
162,740,North Platte,1960350.0,1539138.0,90190.0,13570.0,47778.0,1070.0,2637.0,47789.0,218178.0,48848.0,63996.0
163,743,Anchorage,564246.0,325556.0,17541.0,88590.0,36427.0,9132.0,2266.0,44664.0,40070.0,45559.0,135520.0
164,744,Honolulu,1419638.0,306303.0,25127.0,2023.0,522110.0,136775.0,2539.0,272197.0,152564.0,658885.0,276759.0
165,745,Fairbanks,105366.0,72728.0,4469.0,8149.0,3306.0,540.0,563.0,7102.0,8509.0,3846.0,15814.0
166,746,Biloxi-Gulfport,367323.0,240901.0,83963.0,1343.0,8609.0,301.0,1158.0,9807.0,21241.0,8910.0,12308.0
167,747,Juneau,33399.0,21362.0,321.0,3192.0,2191.0,373.0,10.0,3675.0,2275.0,2564.0,6877.0
168,749,Laredo,289090.0,10150.0,854.0,120.0,1511.0,21.0,78.0,390.0,275966.0,1532.0,588.0
169,751,Denver,4571290.0,3100212.0,176283.0,19106.0,157173.0,5490.0,9048.0,123727.0,980251.0,162663.0,151881.0
170,752,Colorado Springs-Pueblo,1011377.0,667934.0,48193.0,4844.0,20439.0,2264.0,2494.0,39942.0,225267.0,22703.0,47280.0
171,753,Phoenix (Prescott),5678907.0,3198632.0,263525.0,192707.0,198946.0,11282.0,15365.0,151815.0,1646635.0,210228.0,359887.0
172,754,Butte-Bozeman,192345.0,174716.0,829.0,2398.0,1764.0,47.0,265.0,4723.0,7603.0,1811.0,7386.0
173,755,Great Falls,168029.0,131061.0,1508.0,22556.0,1061.0,106.0,183.0,5736.0,5818.0,1167.0,28475.0
174,756,Billings,289034.0,243194.0,1246.0,18552.0,1758.0,151.0,541.0,8086.0,15506.0,1909.0,27179.0
175,757,Boise,838345.0,661730.0,7259.0,4852.0,15300.0,1589.0,1255.0,23430.0,122930.0,16889.0,29537.0
176,758,Idaho Fals-Pocatllo(Jcksn),397437.0,327808.0,1341.0,5807.0,3890.0,421.0,632.0,8705.0,48833.0,4311.0,15144.0
177,759,Cheyenne-Scottsbluff,153168.0,118279.0,1911.0,1285.0,1506.0,103.0,290.0,3901.0,25893.0,1609.0,5476.0
178,760,Twin Falls,198287.0,141431.0,957.0,1165.0,2119.0,219.0,267.0,3751.0,48378.0,2338.0,5183.0
179,762,Missoula,314329.0,276437.0,1254.0,11206.0,3468.0,181.0,532.0,10780.0,10471.0,3649.0,22518.0
180,764,Rapid City,269199.0,212512.0,2443.0,30558.0,2572.0,332.0,528.0,8560.0,11694.0,2904.0,39646.0
181,765,El Paso (Las Cruces),1684377.0,406005.0,34604.0,80829.0,18359.0,1818.0,2236.0,22692.0,1117834.0,20177.0,105757.0
182,766,Helena,320189.0,272081.0,836.0,22612.0,1501.0,147.0,486.0,10399.0,12127.0,1648.0,33497.0
183,767,Casper-Riverton,146103.0,119770.0,1004.0,8663.0,542.0,60.0,123.0,3648.0,12293.0,602.0,12434.0
184,770,Salt Lake City,3332635.0,2598759.0,36817.0,31454.0,73291.0,28909.0,7476.0,83478.0,472451.0,102200.0,122408.0
185,771,Yuma-El Centro,392511.0,83236.0,7927.0,2995.0,4766.0,209.0,320.0,4399.0,288659.0,4975.0,7714.0
186,773,Grand Junction-Montrose,195242.0,155878.0,1121.0,1504.0,1953.0,162.0,299.0,3144.0,31181.0,2115.0,4947.0
187,789,Tucson (Sierra Vista),1211512.0,607254.0,38294.0,25643.0,31449.0,1895.0,1885.0,31567.0,473525.0,33344.0,59095.0
188,790,Albuquerque-Santa Fe,2146636.0,855316.0,36884.0,235935.0,31272.0,1450.0,6741.0,43261.0,935777.0,32722.0,285937.0
189,798,Glendive,9986.0,9269.0,44.0,116.0,46.0,0.0,0.0,224.0,287.0,46.0,340.0
190,801,Eugene,644107.0,531120.0,5479.0,5630.0,18889.0,1141.0,1082.0,28535.0,52231.0,20030.0,35247.0
191,802,Eureka,163793.0,116789.0,2037.0,7411.0,4680.0,501.0,666.0,9929.0,21780.0,5181.0,18006.0
192,803,Los Angeles,24911947.0,8595150.0,1327906.0,61992.0,3944043.0,78660.0,82188.0,790269.0,10031739.0,4022703.0,934449.0
193,807,San Francisco-Oak-San Jose,7420358.0,2897003.0,383887.0,20849.0,2000375.0,39170.0,31050.0,324149.0,1723875.0,2039545.0,376048.0
194,810,Yakima-Pasco-Rchlnd-Knnwck,741671.0,422331.0,9410.0,11256.0,12014.0,2051.0,1834.0,20590.0,262185.0,14065.0,33680.0
195,811,Reno,731902.0,477957.0,16056.0,13574.0,30135.0,3427.0,1912.0,22841.0,166000.0,33562.0,38327.0
196,813,Medford-Klamath Falls,447785.0,360819.0,3314.0,7359.0,5113.0,985.0,1293.0,16247.0,52655.0,6098.0,24899.0
197,819,Seattle-Tacoma,5403387.0,3562139.0,250067.0,48181.0,603396.0,40066.0,18901.0,308192.0,572445.0,643462.0,375274.0
198,820,"Portland, Or",3438408.0,2515836.0,74671.0,25019.0,182696.0,17133.0,9338.0,150107.0,463608.0,199829.0,184464.0
199,821,"Bend, Or",191749.0,166323.0,1002.0,1125.0,1993.0,193.0,283.0,5310.0,15520.0,2186.0,6718.0
200,825,San Diego,3323970.0,1492165.0,153310.0,11828.0,388801.0,12508.0,7871.0,131221.0,1126266.0,401309.0,150920.0
201,828,Monterey-Salinas,767694.0,303608.0,13556.0,1161.0,38649.0,2172.0,1681.0,22464.0,384403.0,40821.0,25306.0
202,839,Las Vegas,2279557.0,968565.0,257062.0,10611.0,217121.0,16160.0,9481.0,95563.0,704994.0,233281.0,115655.0
203,855,Santabarbra-Sanmar-Sanluob,11939238.0,3454614.0,855124.0,32268.0,1639686.0,30336.0,43209.0,329440.0,5554561.0,1670022.0,404917.0
204,862,Sacramnto-Stkton-Modesto,3901858.0,1811533.0,228232.0,13967.0,486885.0,26240.0,11002.0,173821.0,1150178.0,513125.0,198790.0
205,866,Fresno-Visalia,2052154.0,599999.0,71121.0,11079.0,147951.0,2876.0,4473.0,43654.0,1171001.0,150827.0,59206.0
206,868,Chico-Redding,516241.0,374983.0,6396.0,7388.0,18450.0,783.0,813.0,20764.0,86664.0,19233.0,28965.0
207,881,Spokane,1204500.0,982320.0,13007.0,21616.0,20890.0,3838.0,2391.0,44146.0,116292.0,24728.0,68153.0
