,COUNTRY_NAME,Surface area (km2),Population in thousands (2017),"Population density (per km2, 2017)","Sex ratio (m per 100 f, 2017)",GDP: Gross domestic product (million current US$),"GDP growth rate (annual %, const. 2005 prices)",GDP per capita (current US$),Economy: Industry (% of GVA),Economy: Services and other activity (% of GVA),Employment: Agriculture (% of employed),Employment: Industry (% of employed),Employment: Services (% of employed),Unemployment (% of labour force),Labour force participation (female/male pop. %),Agricultural production index (2004-2006=100),Food production index (2004-2006=100),International trade: Exports (million US$),International trade: Imports (million US$),International trade: Balance (million US$),Population growth rate (average annual %),Urban population (% of total population),Urban population growth rate (average annual %),"Fertility rate, total (live births per woman)","Life expectancy at birth (females/males, years)","Population age distribution (0-14 / 60+ years, %)",International migrant stock (000/% of total pop.),Mobile-cellular subscriptions (per 100 inhabitants),Mobile-cellular subscriptions (per 100 inhabitants).1,Individuals using the Internet (per 100 inhabitants),Forested area (% of land area),CO2 emission estimates (million tons/tons per capita),"Energy production, primary (Petajoules)",Energy supply per capita (Gigajoules),"Pop. using improved drinking water (urban/rural, %)",COUNTRY_CODE
0,United States of America,9833517.0,324460.0,35.5,98.0,18036648.0,2.6,56053.8,19.7,79.3,1.5,17.2,81.3,4.9,0.8179148311306903,111.0,113.0,1453167.0,2249661.0,-796494.0,0.7,81.6,1.0,1.9,1.061437908496732,0.8790697674418604,3215.662068965517,117.6,74.6,1513.0,324.33950617283955,83887.0,289.0,1.0122199592668024,1.0,US
1,China,9600000.0,1409517.0,150.1,106.3,11158457.0,6.9,8109.1,41.1,49.7,27.0,23.9,49.1,4.6,0.8108108108108107,132.0,133.0,2118981.0,1588696.0,530285.0,0.5,55.6,3.0,1.6,1.0404312668463611,1.0925925925925926,9780.0,93.2,50.3,1080.0,1372.2533333333333,101394.0,87.0,1.0483870967741935,1.3594976452119307,CN
2,Japan,377930.0,127484.0,349.7,95.4,4383076.0,1.2,34628.7,26.4,72.4,3.7,26.5,69.8,3.0,0.7015781922525107,96.0,97.0,644932.0,606924.0,38008.0,-0.1,93.5,0.6,1.4,1.08,0.3862275449101797,1277.4375,125.0,93.3,404.0,126.45833333333334,1114.0,146.0,1.0,1.0,JP
3,Germany,357376.0,82114.0,235.6,97.0,3363600.0,1.7,41686.2,30.5,68.9,1.4,27.5,71.2,4.2,0.8245083207261725,111.0,111.0,1340752.0,1060672.0,280080.0,0.2,75.3,0.2,1.4,1.0641848523748396,0.46785714285714286,805.7516778523491,116.7,87.6,116.0,80.8876404494382,5004.0,158.0,1.0,1.003030303030303,DE
4,United Kingdom,242495.0,66182.0,273.6,97.4,2858003.0,2.2,44162.4,19.4,79.9,1.2,18.4,80.4,5.0,0.8309037900874636,108.0,108.0,415856.0,635570.0,-219713.0,0.6,82.6,0.9,1.9,1.0481012658227848,0.7405857740585774,647.2045454545455,125.8,92.0,102.0,64.58461538461539,4482.0,116.0,1.0,0.9949799196787149,GB
5,France,551500.0,64980.0,118.7,96.7,2418946.0,1.3,36304.2,19.5,78.8,2.7,20.5,76.8,9.8,0.8468013468013468,103.0,103.0,488885.0,560555.0,-71670.0,0.4,79.5,0.8,2.0,1.0786802030456852,0.7042801556420234,643.3388429752066,102.6,84.7,278.0,64.53191489361703,5694.0,158.0,1.0,0.9969666329625884,FR
6,India,3287263.0,1339180.0,450.4,107.6,2116239.0,7.6,1614.2,29.7,53.2,44.3,24.5,31.2,3.4,0.3413400758533502,143.0,142.0,260327.0,356705.0,-96378.0,1.2,32.7,2.4,2.4,1.0438066465256797,2.9574468085106385,13102.5,78.8,26.0,1052.0,1316.7058823529412,23103.0,27.0,1.048596112311015,2.1964912280701756,IN
7,Italy,302073.0,59360.0,201.8,95.1,1821580.0,0.7,30462.4,23.5,74.2,3.5,27.1,69.4,11.4,0.6782006920415226,89.0,89.0,461529.0,404578.0,56951.0,-0.1,69.0,0.4,1.4,1.0600750938673342,0.45918367346938777,596.7938144329897,151.3,65.6,359.0,59.33333333333333,1539.0,103.0,1.0,0.9989959839357431,IT
8,Brazil,8515767.0,209288.0,25.0,96.6,1772591.0,-3.8,8528.3,22.7,72.0,15.2,21.5,63.2,12.4,0.7161125319693095,135.0,136.0,185235.0,137552.0,47683.0,0.9,85.7,1.2,1.8,1.1042253521126761,1.7222222222222223,2378.666666666667,126.6,59.1,990.0,203.76923076923075,10948.0,61.0,1.1494252873563218,1.7087378640776698,BR
9,Canada,9984670.0,36624.0,4.0,98.5,1552808.0,0.9,43205.6,28.6,69.6,2.1,19.5,78.4,7.1,0.8683834048640915,109.0,109.0,388911.0,402954.0,-14043.0,1.0,81.8,1.2,1.6,1.0514429109159347,0.6808510638297872,359.42660550458714,81.9,88.5,122.0,35.576158940397356,19276.0,324.0,1.0101010101010102,1.0101010101010102,CA
10,Republic of Korea,100284.0,50982.0,524.3,100.2,1377873.0,2.6,27396.7,38.0,59.7,5.0,24.7,70.3,3.6,0.6981919332406119,104.0,104.0,495418.0,406182.0,89236.0,0.4,82.5,0.7,1.2,1.0834403080872914,0.6716417910447761,510.49999999999994,118.5,89.9,111.0,50.188034188034194,2023.0,223.0,1.1342434584755403,1.0,KR
11,Russian Federation,17098246.0,143990.0,8.8,86.8,1326016.0,-3.7,9243.3,31.8,63.5,6.8,27.1,66.1,5.8,0.7896213183730715,120.0,120.0,285491.0,182257.0,103234.0,0.1,74.0,-0.1,1.7,1.1731066460587327,0.8341232227488152,1437.4444444444443,160.0,73.4,235.0,143.30252100840335,54829.0,208.0,1.0844298245614035,1.31175468483816,RU
12,Australia,7692060.0,24451.0,3.2,99.3,1230859.0,2.4,51352.2,26.5,71.1,2.7,21.2,76.1,5.5,0.826025459688826,111.0,111.0,189630.0,189406.0,224.0,1.5,89.4,1.5,1.9,1.0523690773067331,0.9047619047619048,239.84751773049646,132.8,84.6,948.0,23.61437908496732,15282.0,222.0,1.0,1.0,AU
13,Spain,505944.0,46354.0,92.9,96.2,1192955.0,3.2,25865.4,23.6,73.7,3.9,19.2,76.8,18.3,0.8115264797507789,102.0,102.0,281777.0,302539.0,-20762.0,-0.2,79.6,0.7,1.3,1.071608040201005,0.5810276679841897,460.8661417322835,107.9,78.7,617.0,45.88235294117647,1432.0,102.0,1.0,0.998,ES
14,Mexico,1964375.0,129163.0,66.4,99.2,1140724.0,2.5,8980.9,36.0,60.4,13.4,25.2,61.3,4.1,0.5723270440251572,120.0,120.0,373883.0,387064.0,-13181.0,1.4,79.2,1.6,2.3,1.0662162162162163,2.6435643564356437,1325.7777777777778,85.3,57.4,1162.0,126.39473684210527,8514.0,62.0,1.0553745928338762,1.1812080536912752,MX
15,Indonesia,1910931.0,263991.0,145.7,101.4,861934.0,4.8,3346.5,41.3,44.7,31.4,22.4,46.2,5.8,0.6093189964157706,139.0,140.0,144490.0,135653.0,8837.0,1.2,53.7,2.7,2.4,1.0615615615615617,3.186046511627907,3288.0,132.4,22.0,1281.0,257.88888888888886,19481.0,35.0,1.1849056603773584,1.5221052631578946,ID
16,Netherlands,41542.0,17036.0,505.2,99.0,750318.0,2.0,44332.1,20.0,78.2,2.2,15.9,81.9,5.6,0.8220946915351506,115.0,115.0,511714.0,420969.0,90745.0,0.3,90.5,1.0,1.7,1.0465994962216623,0.6559999999999999,169.1880341880342,123.5,93.1,40.0,16.8989898989899,2447.0,178.0,1.0,0.975975975975976,NL
17,Turkey,783562.0,80745.0,104.9,97.0,717888.0,4.0,9125.8,26.4,65.0,19.6,27.5,52.9,10.8,0.42577030812324923,120.0,122.0,142606.0,198602.0,-55996.0,1.6,73.4,2.0,2.1,1.0923076923076922,2.0833333333333335,780.2368421052632,96.0,53.7,388.0,76.88888888888889,1303.0,65.0,1.0,1.1497076023391812,TR
18,Switzerland,41291.0,8476.0,214.5,98.2,670790.0,0.8,80831.1,25.5,73.8,3.5,20.4,76.1,4.6,0.8389261744966443,106.0,106.0,304691.0,269157.0,35534.0,1.2,73.9,1.1,1.5,1.053416149068323,0.6182572614107884,82.94897959183673,142.0,88.0,74.0,8.209302325581396,552.0,126.0,1.0,1.001002004008016,CH
19,Saudi Arabia,2206714.0,32938.0,15.3,132.9,653219.0,3.4,20710.6,46.0,51.8,5.9,22.7,71.4,5.5,0.25477707006369427,96.0,96.0,182329.0,135904.0,46426.0,2.8,83.1,2.1,2.7,1.0398899587345254,4.5,315.3529411764706,176.6,69.6,131.0,30.82051282051282,25904.0,287.0,1.0,1.0,SA
20,Argentina,2780400.0,44271.0,16.2,95.9,632343.0,2.4,14564.5,27.8,66.2,2.0,24.8,73.1,6.5,0.6532258064516129,119.0,119.0,57733.0,55610.0,2124.0,1.0,91.8,1.0,2.3,1.1052631578947367,1.6168831168831168,434.64583333333337,143.9,69.4,256.0,43.40425531914894,3167.0,85.0,0.99,0.9786368260427264,AR
21,Sweden,438574.0,9911.0,24.2,100.2,495694.0,4.1,50687.5,26.3,72.4,1.8,18.2,79.9,7.3,0.8926470588235295,100.0,100.0,139574.0,140838.0,-1263.0,0.8,85.8,0.8,1.9,1.0462500000000001,0.6862745098039216,97.60714285714285,130.4,90.6,54.0,9.644444444444444,1428.0,206.0,1.0,0.995983935742972,SE
22,Nigeria,923768.0,190886.0,209.6,102.7,494583.0,2.7,2714.5,20.4,58.8,27.9,14.7,57.4,5.4,0.7542768273716952,116.0,117.0,104084.0,36533.0,67551.0,2.7,47.8,4.7,5.7,1.02734375,9.777777777777779,1713.0,82.2,47.4,361.0,160.5,10851.0,32.0,1.4101221640488657,1.2913385826771653,NG
23,Poland,312679.0,38171.0,124.6,93.4,477066.0,3.9,12355.5,34.1,63.3,10.9,29.6,59.5,5.3,0.7565485362095531,113.0,113.0,196455.0,188518.0,7937.0,-0.0,60.5,-0.1,1.3,1.111111111111111,0.6166666666666667,387.12499999999994,148.7,68.0,58.0,38.608108108108105,2819.0,102.0,1.024767801857585,1.0082730093071355,PL
24,Belgium,30528.0,11429.0,377.5,97.3,455107.0,1.5,40277.8,22.2,77.1,1.2,21.2,77.6,8.3,0.8166383701188455,108.0,107.0,398033.0,372713.0,25321.0,0.6,97.9,0.5,1.8,1.064102564102564,0.6951219512195123,112.83739837398375,115.7,85.1,37.0,11.25301204819277,520.0,196.0,1.0,1.0010060362173037,BE
25,Iran (Islamic Republic of),1628750.0,81163.0,49.8,101.2,398563.0,0.4,5038.1,39.1,52.3,16.6,32.5,50.9,11.3,0.2226775956284153,106.0,107.0,45627.0,35333.0,10294.0,1.2,73.4,2.1,1.7,1.0297297297297299,2.693181818181818,801.8823529411765,93.4,44.1,134.0,78.25301204819276,13291.0,127.0,1.0608034744842563,1.1275820170109356,IR
26,Thailand,513120.0,69038.0,135.1,95.2,395168.0,2.8,5814.8,35.7,55.1,34.0,22.7,43.3,0.6,0.7857142857142858,129.0,126.0,213927.0,195666.0,18260.0,0.4,50.4,3.0,1.5,1.1073446327683618,1.0236686390532546,674.7068965517242,125.8,39.3,611.0,67.27659574468085,3338.0,83.0,0.9959183673469387,0.9354838709677421,TH
27,Norway,386194.0,5305.0,14.5,101.8,386578.0,1.6,74185.5,34.6,63.5,2.2,20.2,77.6,5.1,0.8945827232796487,103.0,104.0,89120.0,72473.0,16647.0,1.2,80.5,1.3,1.8,1.0515723270440251,0.7982062780269058,52.23943661971831,113.6,96.8,64.0,5.173913043478262,8204.0,233.0,1.0,0.9969481180061038,NO
28,Austria,83871.0,8736.0,106.0,96.2,376967.0,1.0,44117.7,28.3,70.4,4.7,25.6,69.7,6.2,0.8297872340425533,108.0,108.0,145503.0,149299.0,-3795.0,0.6,66.0,0.4,1.4,1.0650510204081631,0.5617529880478087,85.28,157.4,83.9,118.0,8.507246376811594,505.0,158.0,1.0,1.0,AT
29,United Arab Emirates,83600.0,9400.0,112.4,262.4,370296.0,3.8,40438.8,44.9,54.4,3.5,21.1,75.4,3.7,0.459251101321586,70.0,70.0,195613.0,201908.0,-6296.0,2.0,85.5,2.9,1.8,1.0289473684210526,5.791666666666667,91.57352941176471,187.4,91.2,56.0,9.112068965517242,8642.0,366.0,0.996,1.0294117647058822,AE
30,Venezuela (Bolivarian Republic of),912050.0,31977.0,36.3,99.0,344331.0,-6.2,11068.9,44.7,50.0,11.9,26.8,61.3,6.6,0.6577266922094509,118.0,119.0,19731.0,16324.0,3407.0,1.4,89.0,1.5,2.4,1.1187410586552218,2.787878787878788,312.0888888888889,93.0,61.9,328.0,30.360655737704917,7460.0,90.0,1.2195121951219512,1.3948497854077253,VE
31,Egypt,1002000.0,97553.0,98.0,102.3,315917.0,4.2,3452.3,36.3,52.5,25.4,25.3,49.3,11.5,0.3031496062992126,120.0,122.0,22507.0,58053.0,-35545.0,2.2,43.1,1.7,3.4,1.0625909752547307,4.240506329113924,983.2,111.0,35.9,156.0,91.77272727272727,3509.0,36.0,1.0101010101010102,1.0397422126745435,EG
32,South Africa,1221037.0,56717.0,46.8,96.4,314571.0,1.3,5773.0,28.9,68.7,6.1,26.2,67.7,26.0,0.7594108019639935,125.0,126.0,74111.0,74744.0,-633.0,1.4,64.8,1.6,2.6,1.1229946524064172,3.452380952380952,541.8103448275863,159.3,51.9,581.0,53.824175824175825,7102.0,122.0,1.2235872235872234,1.1504132231404958,ZA
34,Denmark,42921.0,5734.0,135.1,99.0,301308.0,1.6,53149.3,22.9,75.8,2.4,19.2,78.4,6.0,0.8803030303030304,105.0,105.0,94355.0,85133.0,9222.0,0.5,87.7,0.6,1.7,1.0524967989756724,0.6521739130434783,56.68316831683168,128.3,96.3,47.0,5.677966101694915,666.0,119.0,1.0,1.0,DK
35,Israel,22072.0,8322.0,384.5,98.7,299413.0,2.5,37129.4,21.2,77.5,1.0,17.9,81.0,5.9,0.8478260869565217,112.0,112.0,60571.0,65803.0,-5232.0,1.6,92.1,1.4,3.0,1.0462500000000001,1.732919254658385,80.79116465863454,133.5,78.9,174.0,7.9753086419753085,313.0,119.0,1.0,1.0,IL
36,Malaysia,330323.0,31624.0,96.3,106.7,296284.0,5.0,9768.4,39.6,51.8,11.8,27.3,60.9,3.3,0.6336760925449871,122.0,130.0,189414.0,168375.0,21039.0,1.8,74.7,2.7,2.1,1.06198347107438,2.505154639175258,302.91566265060237,143.9,71.1,1272.0,29.97530864197531,3738.0,118.0,1.075268817204301,1.0020855057351405,MY
37,Singapore,719.0,5709.0,8155.5,97.7,292734.0,2.0,52239.0,26.4,73.6,0.3,17.0,82.6,2.0,0.7595269382391591,112.0,112.0,329871.0,283009.0,46862.0,1.7,100.0,2.0,1.2,1.0549313358302124,0.7692307692307693,56.02643171806167,146.1,82.1,293.0,5.529411764705882,27.0,209.0,,,SG
38,Philippines,300000.0,104918.0,351.9,101.3,292449.0,5.9,2904.2,31.3,58.2,27.7,16.3,56.1,5.9,0.6438529784537388,122.0,120.0,56313.0,85909.0,-29596.0,1.6,44.4,1.3,3.0,1.102446483180428,4.171052631578948,1059.5,118.1,40.7,783.0,96.09090909090908,991.0,19.0,1.0376522702104098,1.1002824858757063,PH
39,Colombia,1141748.0,49066.0,44.2,96.8,292080.0,3.1,6056.1,34.0,59.2,13.5,16.6,69.9,10.5,0.7268170426065164,114.0,115.0,31045.0,44831.0,-13786.0,1.0,76.4,1.7,1.9,1.1025641025641026,2.0258620689655173,443.6666666666667,115.7,55.9,835.0,46.72222222222222,5380.0,31.0,1.3116531165311653,1.2547864506627393,CO
40,Ireland,69797.0,4762.0,69.1,98.4,283716.0,26.3,60513.6,41.7,57.3,4.8,17.7,77.4,7.6,0.7734724292101341,102.0,102.0,129315.0,76997.0,52318.0,0.3,63.2,1.6,2.0,1.0546378653113087,1.130890052356021,46.93710691823899,103.7,80.1,50.0,4.671232876712329,84.0,114.0,1.0010224948875257,0.9590958019375672,IE
41,Pakistan,796095.0,197016.0,255.6,105.6,266458.0,5.5,1410.4,19.0,55.5,42.1,19.8,38.1,5.9,0.3006060606060606,135.0,138.0,20534.0,46998.0,-26464.0,2.1,38.8,2.8,3.7,1.0276923076923077,5.194029850746268,1910.0,66.9,18.0,140.0,184.7777777777778,2202.0,17.0,1.0444938820912124,1.6262230919765164,PK
42,Chile,756102.0,18055.0,24.3,98.2,240796.0,2.3,13416.2,32.8,63.3,9.6,22.9,67.5,6.8,0.678714859437751,111.0,111.0,59884.0,58804.0,1080.0,0.9,89.5,1.1,1.8,1.0669291338582676,1.26875,180.53846153846152,129.5,64.3,197.0,17.574468085106382,540.0,85.0,1.0685959271168275,1.1001100110011,CL
43,Finland,338440.0,5523.0,18.2,97.2,231960.0,0.2,42148.1,26.8,70.6,4.2,22.0,73.8,8.9,0.8833063209076175,101.0,101.0,57326.0,60502.0,-3176.0,0.4,84.2,0.5,1.8,1.0772200772200773,0.5899280575539567,55.421052631578945,135.5,92.7,36.0,5.5,757.0,257.0,1.0,1.1295454545454546,FI
44,Portugal,92226.0,10330.0,112.8,89.8,199122.0,1.6,19239.2,22.3,75.4,8.0,23.8,68.2,10.5,0.836734693877551,104.0,104.0,55658.0,67580.0,-11922.0,-0.4,63.5,1.0,1.3,1.0802069857697283,0.4874551971326165,103.37037037037037,110.4,68.6,281.0,10.488372093023257,250.0,84.0,1.0,0.9979959919839679,PT
45,Greece,131957.0,11160.0,86.6,96.9,194860.0,-0.2,17788.0,15.7,80.2,12.9,15.0,72.1,23.0,0.7337770382695508,86.0,87.0,27811.0,47595.0,-19784.0,-0.4,78.0,0.5,1.3,1.067948717948718,0.5358490566037736,109.95575221238937,114.0,66.8,374.0,11.032786885245901,368.0,89.0,1.0,1.0112130479102956,GR
46,Bangladesh,147570.0,164670.0,1265.0,101.7,194466.0,6.6,1207.9,28.1,56.3,40.6,19.1,40.3,4.0,0.5326757090012331,141.0,140.0,36031.0,52624.0,-16593.0,1.2,34.3,3.6,2.2,1.0444126074498568,3.8904109589041096,1580.8888888888887,83.4,14.4,151.0,146.4,1438.0,11.0,0.9942528735632183,0.92914653784219,BD
47,Viet Nam,330967.0,95541.0,308.1,98.0,193241.0,6.7,2067.9,37.0,44.2,41.8,22.9,35.2,2.2,0.887154861944778,136.0,134.0,176632.0,174111.0,2520.0,1.1,33.6,3.0,2.0,1.1357850070721356,2.081081081081081,727.9999999999999,130.6,52.7,616.0,92.72222222222223,2977.0,30.0,1.022703818369453,1.3543758967001436,VN
48,Peru,1285216.0,32166.0,25.1,99.8,190428.0,3.3,6069.1,33.3,59.2,24.4,17.3,58.3,5.3,0.7983091787439613,145.0,148.0,36040.0,36185.0,-145.0,1.3,78.6,1.7,2.5,1.0741258741258741,2.6346153846153846,303.00000000000006,109.9,40.9,685.0,30.85,1020.0,30.0,1.3208092485549132,1.550751879699248,PE
49,Czechia,78868.0,10618.0,137.5,96.7,185156.0,4.5,17561.7,37.8,59.7,2.5,37.0,60.5,3.9,0.7566371681415929,102.0,102.0,161248.0,140316.0,20932.0,0.1,73.0,0.3,1.5,1.0812250332889481,0.6015625,106.60526315789475,129.2,81.3,53.0,10.48913043478261,1221.0,164.0,1.0,0.9989919354838709,CZ
50,Kazakhstan,2724902.0,18204.0,6.7,93.9,181754.0,1.2,10312.1,32.5,62.5,18.1,20.4,61.6,5.6,0.8554838709677419,126.0,127.0,36775.0,25175.0,11601.0,1.6,53.2,0.9,2.7,1.1493001555209954,2.5135135135135136,176.45771144278606,187.2,72.9,82.0,17.363636363636363,7091.0,193.0,1.161214953271028,0.9887869520897045,KZ
51,Romania,238391.0,19679.0,85.5,94.0,177956.0,3.7,9120.7,34.9,60.3,25.5,27.7,46.8,7.1,0.7333333333333333,100.0,100.0,63581.0,74605.0,-11024.0,-0.6,54.6,0.0,1.5,1.0980392156862746,0.6144578313253013,189.08333333333334,107.1,55.8,104.0,19.444444444444443,1109.0,68.0,1.0,1.4565560821484993,RO
52,New Zealand,268107.0,4706.0,17.9,96.7,173417.0,3.1,38294.3,23.0,70.6,5.9,21.4,72.6,5.5,0.8530219780219781,116.0,118.0,33833.0,36423.0,-2589.0,1.1,86.3,1.0,2.0,1.0452830188679245,0.9519230769230769,45.20434782608696,121.8,88.2,199.0,4.5064935064935066,783.0,207.0,1.0,,NZ
53,Algeria,2381741.0,41318.0,17.3,102.0,164779.0,3.8,4154.1,37.3,50.5,10.8,34.5,54.7,11.4,0.24045261669024046,160.0,161.0,29992.0,47091.0,-17099.0,2.0,70.7,2.8,3.0,1.0323886639676114,3.117021276595745,404.0,113.0,38.2,135.0,39.2972972972973,5900.0,55.0,1.0305623471882641,1.092457420924574,DZ
54,Qatar,11607.0,2639.0,227.3,301.2,164641.0,3.6,73653.4,56.4,43.5,1.2,54.1,44.7,0.3,0.5673076923076924,154.0,154.0,57254.0,32058.0,25196.0,6.6,99.2,6.0,2.0,1.0338541666666667,4.964285714285714,22.3523178807947,153.6,92.9,39.0,2.17102615694165,9166.0,846.0,1.0,1.0,QA
55,Iraq,435052.0,38275.0,88.1,102.5,164234.0,-2.4,4509.0,58.0,37.4,20.4,21.0,58.6,16.1,0.2188841201716738,123.0,123.0,27341.0,45831.0,-18490.0,3.2,69.5,3.0,4.6,1.0656716417910448,8.08,353.9,93.8,17.2,72.0,35.083333333333336,6744.0,58.0,1.3380884450784594,1.0310262529832936,IQ
56,Hungary,93024.0,9722.0,107.4,90.7,121715.0,3.1,12350.6,31.9,64.0,4.3,29.8,65.9,4.5,0.7467948717948718,99.0,99.0,103071.0,92044.0,11027.0,-0.3,71.2,0.5,1.3,1.099023709902371,0.55,97.73913043478262,118.9,72.8,66.0,9.790697674418606,423.0,97.0,1.0,0.9918864097363084,HU
57,Angola,1246700.0,29784.0,23.9,96.2,117955.0,3.0,4714.1,51.2,42.0,4.2,37.6,58.2,6.6,0.7756160830090791,175.0,176.0,21011.0,8790.0,12221.0,3.5,44.1,5.0,6.0,1.0975609756097562,11.7,267.0,60.8,12.4,146.0,24.857142857142858,3902.0,25.0,2.673758865248227,3.9377777777777774,AO
58,Kuwait,17818.0,4136.0,232.1,134.9,114054.0,1.8,29303.9,48.7,50.7,2.6,27.3,70.1,2.2,0.570574162679426,199.0,199.0,46238.0,30825.0,15413.0,5.4,98.3,3.6,2.0,1.0272108843537415,4.3061224489795915,38.94157608695652,231.8,82.1,49.0,3.755905511811024,6941.0,380.0,1.0,1.0,KW
59,Puerto Rico,8868.0,3663.0,413.0,92.6,102906.0,-0.0,27939.0,50.0,49.1,2.0,17.5,80.5,12.8,0.6653771760154739,110.0,111.0,,,,-0.2,93.6,-0.2,1.5,1.1063829787234043,0.8774509803921569,36.666666666666664,87.1,79.5,126.0,,1.0,16.0,,1.0,PR
60,Morocco,446550.0,35740.0,80.1,98.1,100359.0,4.4,2919.3,28.9,57.4,32.6,20.7,46.8,10.4,0.34362416107382554,130.0,130.0,22858.0,41696.0,-18838.0,1.4,60.2,2.3,2.6,1.0312075983717774,2.560747663551402,295.0,126.9,57.1,207.0,35.23529411764706,78.0,23.0,1.5114854517611027,1.283969465648855,MA
61,Ecuador,257217.0,16625.0,66.9,99.9,100177.0,0.2,6205.1,34.1,55.8,25.7,19.2,55.1,5.8,0.6145181476846058,118.0,119.0,16798.0,16189.0,609.0,1.6,63.7,1.9,2.6,1.076923076923077,2.7047619047619045,161.45833333333334,79.4,48.9,2358.0,15.678571428571429,1247.0,42.0,1.2370860927152318,1.0780669144981412,EC
62,Ukraine,603500.0,44223.0,76.3,86.0,90615.0,-9.9,2021.6,26.3,59.7,15.7,24.6,59.7,8.8,0.7748148148148147,137.0,137.0,36369.0,39184.0,-2815.0,-0.5,69.7,-0.3,1.5,1.1497730711043874,0.6681034482758621,447.67592592592587,144.0,49.3,102.0,44.5686274509804,3203.0,98.0,0.9764826175869121,1.0518358531317495,UA
63,Slovakia,49035.0,5448.0,113.3,94.6,87268.0,3.8,16082.5,34.8,61.5,3.3,34.5,62.2,9.9,0.7558823529411764,97.0,97.0,77565.0,75156.0,2409.0,0.1,53.6,-0.3,1.4,1.0991735537190084,0.7064220183486238,53.696969696969695,122.3,85.0,54.0,5.482142857142858,264.0,121.0,1.0,1.0122199592668024,SK
64,Cuba,109884.0,11485.0,107.9,100.1,87206.0,4.4,7656.6,20.5,74.5,12.9,11.7,75.3,3.0,0.616398243045388,100.0,101.0,18000.0,4911.0,13089.0,0.2,77.1,0.1,1.7,1.0544747081712063,0.7960199004975124,133.0,29.6,31.1,339.0,11.6,212.0,47.0,1.0734966592427617,1.0594837261503929,CU
65,Sri Lanka,65610.0,20877.0,332.9,92.5,82316.0,4.8,3973.7,30.7,60.6,27.4,25.9,46.6,5.2,0.4053333333333333,120.0,122.0,10546.0,19501.0,-8955.0,0.5,18.4,0.8,2.1,1.095505617977528,1.610738255033557,193.5,112.8,30.0,587.0,20.444444444444443,179.0,20.0,1.0368421052631578,0.9110651499482936,LK
66,Sudan,,40533.0,23.0,99.9,79546.0,4.9,1977.0,20.1,47.6,32.9,20.4,46.7,13.4,0.3379501385041551,,,1797.0,7658.0,-5861.0,2.3,33.8,2.5,4.8,1.0483091787439613,7.418181818181818,387.3076923076923,70.5,26.6,133.0,38.5,682.0,16.0,,,SD
67,Oman,309500.0,4636.0,15.0,192.8,69832.0,5.7,15550.8,51.1,47.3,5.0,39.6,55.4,17.8,0.3524590163934426,134.0,134.0,24455.0,23260.0,1195.0,6.5,77.6,8.5,2.9,1.0563758389261746,5.45,44.89051094890511,159.9,74.2,99.0,4.25,3101.0,239.0,1.1091753774680604,1.027455121436114,OM
68,Uzbekistan,448969.0,31911.0,75.0,99.4,69004.0,6.8,2308.3,32.9,47.9,29.0,23.9,47.1,8.9,0.6331592689295039,158.0,174.0,27947.0,25652.0,2295.0,1.6,36.4,1.4,2.4,1.0792951541850222,3.68421052631579,300.2307692307693,73.3,42.8,59.0,29.22222222222222,2339.0,62.0,1.2175525339925835,1.0,UZ
69,Dominican Republic,48671.0,10767.0,222.8,99.2,67103.0,7.0,6373.6,28.0,65.4,13.1,16.9,70.0,14.4,0.6653944020356234,136.0,138.0,3747.0,22725.0,-18978.0,1.2,79.0,2.6,2.5,1.0883190883190883,2.8725490196078436,106.56410256410257,82.6,51.9,184.0,10.238095238095237,28.0,28.0,1.0427350427350428,1.1387054161162484,DO
70,Guatemala,108889.0,16914.0,157.8,96.9,63794.0,4.1,3903.5,27.2,62.0,32.0,18.5,49.4,2.4,0.49642857142857144,158.0,158.0,10572.0,16987.0,-6415.0,2.1,51.6,3.4,3.2,1.092485549132948,5.086956521739131,152.8,111.5,27.1,290.0,16.636363636363637,327.0,32.0,1.133640552995392,1.5720081135902637,GT
71,Kenya,591958.0,49700.0,87.3,98.8,63399.0,5.6,1376.7,19.0,49.0,61.9,8.6,29.5,10.8,0.8618784530386739,126.0,126.0,5688.0,14109.0,-8420.0,2.7,25.6,4.3,4.1,1.0761904761904761,9.418604651162791,451.83333333333337,80.7,45.6,480.0,47.66666666666667,750.0,20.0,1.436619718309859,1.0505050505050506,KE
72,Myanmar,676577.0,53371.0,81.7,95.5,62601.0,7.3,1161.5,34.5,38.7,23.6,14.6,61.7,0.8,0.9245049504950495,130.0,128.0,11673.0,15696.0,-4023.0,0.9,34.1,2.5,2.3,1.0722135007849292,2.851063829787234,732.9999999999999,76.7,21.8,321.0,54.0,1078.0,15.0,1.2459677419354838,1.0933852140077822,MM
73,Ethiopia,1104300.0,104957.0,105.0,99.7,59917.0,9.6,602.8,16.0,43.5,70.5,8.4,21.1,5.7,0.8653198653198653,158.0,157.0,1724.0,19121.0,-17397.0,2.6,19.5,4.9,4.6,1.0581583198707594,7.660377358490567,975.3636363636364,42.8,11.6,148.0,115.99999999999999,1308.0,15.0,1.9156378600823043,0.9645390070921985,ET
74,Luxembourg,2586.0,584.0,225.3,101.0,56802.0,3.5,100160.8,12.1,87.7,1.3,10.2,88.5,5.6,0.7938931297709924,98.0,98.0,12838.0,19124.0,-6285.0,2.2,90.2,1.7,1.5,1.0583756345177666,0.8367346938775508,5.665909090909091,148.5,97.3,11.0,0.560693641618497,6.0,290.0,1.0,0.9898477157360406,LU
75,Belarus,207600.0,9468.0,46.7,87.0,54609.0,-3.9,5750.8,38.9,53.6,9.6,32.0,58.4,0.5,0.7964601769911505,122.0,122.0,23414.0,27464.0,-4050.0,0.0,76.7,0.0,1.6,1.168421052631579,0.784037558685446,94.99122807017544,123.6,62.2,25.0,9.477611940298507,155.0,122.0,1.0080726538849647,0.9884453781512604,BY
76,Uruguay,173626.0,3457.0,19.8,93.5,53442.0,1.0,15573.8,28.0,65.2,8.7,20.5,70.8,8.8,0.7287024901703801,129.0,130.0,6964.0,8137.0,-1173.0,0.3,95.3,0.5,2.0,1.098360655737705,1.0820512820512822,34.19047619047619,160.2,64.6,106.0,3.35,113.0,58.0,1.0649627263045793,1.043196544276458,UY
77,Azerbaijan,86600.0,9828.0,118.9,99.3,53049.0,0.7,5438.7,49.9,43.4,36.7,14.2,49.1,5.2,0.9011627906976745,131.0,136.0,9143.0,8532.0,611.0,1.3,54.6,1.6,2.1,1.087463556851312,2.306930693069307,97.85185185185185,111.3,77.0,97.0,9.615384615384615,2459.0,61.0,1.2172236503856042,1.0577367205542725,AZ
78,Costa Rica,51100.0,4906.0,96.1,100.1,52958.0,3.7,11015.0,21.5,73.4,11.6,19.1,69.3,8.6,0.6130718954248365,127.0,129.0,9908.0,15322.0,-5414.0,1.1,76.8,2.7,1.9,1.0651890482398958,1.5882352941176472,47.92045454545454,150.7,59.8,340.0,4.875,110.0,44.0,1.0837867247007615,1.0314192849404118,CR
79,Panama,75320.0,4099.0,55.1,100.4,52132.0,5.8,13268.1,27.1,70.0,14.5,19.6,65.9,6.2,0.6281094527363184,117.0,118.0,636.0,11697.0,-11061.0,1.7,66.6,2.1,2.6,1.0834454912516824,2.4035087719298245,39.29787234042553,174.2,51.2,383.0,3.8260869565217397,31.0,35.0,1.1027088036117383,1.4396551724137931,PA
80,Lebanon,10452.0,6082.0,594.6,100.6,50149.0,1.5,8571.4,19.6,77.2,8.2,22.4,69.4,7.0,0.3371104815864023,95.0,95.0,3402.0,20409.0,-17007.0,6.0,87.8,3.2,1.7,1.0465717981888747,1.925,58.58651026392962,87.1,74.0,87.0,5.604651162790698,7.0,55.0,1.0,1.0,LB
81,Bulgaria,111002.0,7085.0,65.3,94.6,48953.0,3.0,6846.8,27.6,67.2,6.5,29.4,64.1,8.1,0.8069883527454242,117.0,119.0,26088.0,28875.0,-2787.0,-0.6,73.9,-0.3,1.5,1.0988700564971752,0.5126353790613718,72.92857142857143,129.3,56.7,104.0,7.186440677966101,474.0,103.0,1.006060606060606,1.037037037037037,BG
82,Croatia,56594.0,4189.0,74.9,93.1,48676.0,1.6,11479.4,26.6,69.3,9.2,26.8,64.0,11.7,0.7928082191780822,91.0,91.0,13648.0,21830.0,-8182.0,-0.4,59.0,0.1,1.5,1.0923913043478262,0.5485074626865671,42.419117647058826,103.8,69.8,176.0,4.2,182.0,79.0,0.9989969909729187,1.0208768267223383,HR
85,Slovenia,20273.0,2080.0,103.3,98.6,42777.0,2.3,20689.8,32.7,64.9,8.9,29.6,61.5,8.1,0.832797427652733,89.0,89.0,27585.0,26646.0,939.0,0.3,49.7,0.1,1.6,1.077720207253886,0.5703422053231939,20.70175438596491,113.2,73.1,143.0,2.064516129032258,154.0,135.0,1.0030181086519114,1.0,SI
86,Lithuania,65286.0,2890.0,46.1,85.4,41402.0,1.8,14383.7,29.8,66.5,8.7,24.5,66.8,9.2,0.8184568835098337,125.0,125.0,25025.0,27501.0,-2476.0,-1.3,66.5,-0.5,1.6,1.1576642335766423,0.5849802371541503,28.936170212765955,139.5,71.4,26.0,2.909090909090909,74.0,98.0,1.1028761061946901,1.173913043478261,LT
87,Tunisia,163610.0,11532.0,74.2,97.6,41199.0,0.8,3660.9,27.8,62.0,11.7,29.4,58.9,14.6,0.3520336605890603,108.0,108.0,13483.0,19456.0,-5973.0,1.2,66.8,1.4,2.3,1.0561643835616437,1.951219512195122,113.4,129.9,48.5,96.0,11.076923076923077,274.0,39.0,1.0729613733905579,1.2205513784461155,TN
88,Turkmenistan,488100.0,5758.0,12.3,97.0,37597.0,6.5,6996.7,51.0,35.6,17.9,37.4,44.7,8.6,0.6087516087516087,103.0,109.0,3741.0,2616.0,1125.0,1.8,50.0,1.9,3.0,1.107981220657277,4.232876712328767,53.08108108108108,145.9,15.0,54.0,5.302325581395349,3270.0,212.0,,,TM
90,Jordan,89318.0,9702.0,109.3,102.6,37517.0,2.4,4940.1,27.7,68.4,2.0,17.8,80.2,13.4,0.2248062015503876,134.0,135.0,7509.0,19207.0,-11698.0,4.9,83.7,3.8,3.6,1.0457063711911356,6.228070175438596,75.90243902439025,179.4,53.4,113.0,7.361111111111111,7.0,47.0,1.0595882990249188,0.9969666329625884,JO
91,Serbia,88499.0,8791.0,100.5,95.6,37160.0,0.8,5238.6,31.4,60.5,19.4,24.5,56.1,15.5,0.7245409015025042,102.0,102.0,14852.0,19231.0,-4379.0,-0.4,55.6,-0.3,1.6,1.0793871866295266,0.673469387755102,88.72527472527473,120.5,65.3,71.0,8.767441860465118,393.0,62.0,1.0050556117290192,1.0424628450106157,RS
92,Ghana,238537.0,28834.0,126.7,99.3,37156.0,3.9,1355.6,26.9,54.1,41.9,14.2,43.8,5.9,0.9606598984771574,144.0,144.0,7221.0,11939.0,-4718.0,2.4,54.0,3.4,4.2,1.031301482701812,7.264150943396227,266.3333333333333,129.7,23.5,238.0,24.166666666666668,410.0,14.0,1.1023809523809522,2.3488372093023258,GH
93,Libya,1676198.0,6375.0,3.6,101.7,34457.0,-10.2,5488.2,67.1,32.0,19.1,25.1,55.8,19.2,0.35459183673469385,113.0,114.0,4615.0,8876.0,-4261.0,0.2,78.6,1.1,2.4,1.0813953488372094,4.2727272727272725,62.6910569105691,157.0,19.0,63.0,6.263736263736264,1505.0,119.0,,1.011494252873563,LY
94,Bolivia (Plurinational State of),1098581.0,11052.0,10.2,100.2,32998.0,4.8,3076.8,31.0,56.5,29.5,21.1,49.4,3.8,0.7760290556900726,142.0,143.0,6969.0,8374.0,-1405.0,1.6,68.5,2.3,3.0,1.0750382848392037,3.3263157894736843,110.0,92.2,45.1,231.0,10.736842105263158,962.0,32.0,1.2791005291005293,2.210909090909091,BO
95,Bahrain,771.0,1493.0,1963.9,168.3,31126.0,2.9,22600.2,40.7,59.0,1.0,33.4,65.6,1.3,0.453474676089517,167.0,167.0,12892.0,14749.0,-1856.0,2.0,88.8,1.7,2.1,1.0251322751322751,4.282608695652174,13.778864970645792,185.3,93.5,36.0,1.3608695652173914,961.0,413.0,1.0,1.0,BH
96,Yemen,527968.0,28250.0,53.5,102.1,29688.0,-28.1,1106.4,36.9,48.4,32.9,17.9,49.2,16.1,0.35549525101763907,136.0,137.0,570.0,6861.0,-6291.0,2.6,34.6,4.0,4.4,1.0445859872611465,8.673913043478262,264.6923076923077,68.0,25.1,298.0,25.22222222222222,668.0,12.0,1.5483870967741935,2.7126099706744866,YE
97,Cameroon,475650.0,24054.0,50.9,100.2,28416.0,5.8,1217.3,28.3,49.1,61.8,8.7,29.5,4.6,0.8756157635467979,155.0,160.0,2130.0,4899.0,-2768.0,2.7,54.4,3.6,5.0,1.0471869328493648,8.895833333333334,238.75,71.8,20.7,775.0,23.333333333333336,408.0,14.0,1.798861480075901,2.305970149253731,CM
98,Syrian Arab Republic,185180.0,18270.0,99.5,102.1,28393.0,-5.3,1534.5,30.0,49.3,18.5,39.2,42.3,13.8,0.17489421720733425,65.0,68.0,1265.0,2383.0,-1118.0,-2.3,57.7,1.4,3.1,1.184782608695652,5.382352941176471,186.2127659574468,62.4,30.0,132.0,18.058823529411764,237.0,24.0,1.05848623853211,1.011566771819138,SY
99,Paraguay,406752.0,6811.0,17.1,102.9,27714.0,3.1,4174.4,29.5,51.6,19.6,19.5,61.0,5.5,0.6883116883116882,160.0,166.0,8494.0,9753.0,-1259.0,1.3,59.7,2.1,2.6,1.0594059405940595,3.1276595744680846,65.20833333333334,105.4,44.4,59.0,6.333333333333333,325.0,38.0,1.053740779768177,1.218112244897959,PY
100,Latvia,64573.0,1950.0,31.3,84.9,27004.0,2.7,13704.1,23.3,73.5,7.3,23.0,69.7,9.6,0.8050221565731167,130.0,130.0,11433.0,13596.0,-2163.0,-1.2,67.4,-0.7,1.5,1.1438953488372094,0.5877862595419847,19.634328358208958,127.0,79.2,30.0,2.0,108.0,99.0,1.0152594099694812,1.1141104294478528,LV
101,Trinidad and Tobago,5127.0,1369.0,266.9,97.1,25927.0,0.2,19062.9,42.5,57.0,4.1,31.6,64.3,4.2,0.715846994535519,95.0,95.0,4576.0,4826.0,-249.0,0.5,8.4,-1.2,1.8,1.1031390134529147,1.38,13.486486486486486,157.7,69.2,69.0,1.3538011695906431,1663.0,607.0,1.0,1.0,TT
102,El Salvador,21041.0,6378.0,307.8,88.5,25850.0,2.5,4219.4,25.8,63.3,18.6,20.2,61.2,6.4,0.6226415094339622,111.0,117.0,5335.0,9855.0,-4519.0,0.5,66.7,1.4,2.2,1.1354933726067744,2.3620689655172415,60.00000000000001,145.3,26.9,86.0,6.3,86.0,28.0,1.1271676300578035,1.3733333333333335,SV
103,Uganda,241550.0,42863.0,214.5,99.0,25282.0,5.4,647.7,21.5,52.9,72.0,7.4,20.5,2.4,0.9384264538198404,93.0,90.0,2755.0,3750.0,-996.0,3.4,16.1,5.4,5.9,1.0743362831858407,14.454545454545457,394.47368421052636,50.4,19.2,196.0,52.0,409.0,12.0,1.2598944591029024,1.6473988439306357,UG
104,Estonia,45227.0,1310.0,30.9,88.2,22460.0,1.4,17112.0,27.4,69.2,3.8,29.0,67.3,7.2,0.7982708933717578,136.0,136.0,13952.0,15759.0,-1807.0,-0.3,67.5,-0.4,1.6,1.1309192200557103,0.6332046332046332,13.136363636363637,148.7,88.4,23.0,1.3175675675675675,242.0,193.0,1.0101010101010102,1.0093167701863355,EE
105,Papua New Guinea,462840.0,8251.0,18.2,103.5,21315.0,6.6,2797.6,28.2,51.8,68.3,5.7,26.0,2.5,0.9775280898876403,84.0,83.0,8760.0,8874.0,-114.0,2.2,13.0,2.1,3.8,1.0766773162939298,5.885245901639345,86.0,46.6,7.9,493.0,7.874999999999999,114.0,22.0,2.682926829268293,4.2406015037593985,PG
106,Zambia,752612.0,17094.0,23.0,98.5,21255.0,2.9,1311.1,32.3,59.5,54.8,9.9,35.3,7.4,0.8640296662546354,179.0,180.0,6505.0,7442.0,-937.0,3.0,40.9,4.3,5.2,1.0765217391304347,12.108108108108107,159.875,74.5,21.0,88.0,15.0,374.0,26.0,1.668615984405458,1.557422969187675,ZM
107,Nepal,147181.0,29305.0,204.4,94.3,20658.0,2.7,724.5,14.9,53.3,72.6,10.9,16.5,3.0,0.9192618223760092,139.0,139.0,703.0,5249.0,-4547.0,1.2,18.6,3.2,2.3,1.0445103857566767,3.511363636363636,287.9444444444444,96.8,17.6,104.0,26.666666666666668,451.0,19.0,0.9901960784313727,1.2873563218390804,NP
108,Honduras,112492.0,9265.0,82.8,99.4,20365.0,3.6,2521.9,25.1,61.9,29.4,21.6,49.0,5.6,0.5633136094674557,122.0,119.0,3657.0,8448.0,-4791.0,1.8,54.7,3.1,2.6,1.0710227272727273,4.514285714285714,93.66666666666667,95.5,20.4,301.0,7.916666666666667,105.0,28.0,1.162291169451074,1.1158301158301158,HN
109,Afghanistan,652864.0,35530.0,54.4,106.3,20270.0,-2.4,623.2,23.3,53.3,61.6,10.0,28.5,8.6,0.23086124401913877,125.0,125.0,1458.0,3568.0,-2110.0,3.2,26.7,4.0,5.3,1.040983606557377,10.53658536585366,318.6666666666667,61.6,8.3,42.0,32.66666666666667,63.0,5.0,1.6638297872340426,1.6703703703703705,AF
110,Cyprus,9251.0,1180.0,127.7,100.2,19561.0,1.7,21941.9,10.6,87.2,4.1,16.7,79.2,10.3,0.8210227272727272,80.0,80.0,1920.0,6604.0,-4684.0,0.9,66.9,0.9,1.4,1.057915057915058,0.9081081081081082,11.678571428571427,95.4,71.7,72.0,1.173076923076923,5.0,72.0,1.0,1.0,CY
111,Cambodia,181035.0,16005.0,90.7,95.3,18050.0,7.0,1158.7,29.4,42.3,42.4,19.6,38.0,0.3,0.8689655172413793,175.0,177.0,13204.0,15313.0,-2109.0,1.6,20.7,2.6,2.7,1.0625954198473282,4.408450704225352,148.0,133.0,19.0,255.0,16.75,178.0,17.0,1.4471780028943562,2.888524590163934,KH
112,Iceland,103000.0,335.0,3.3,100.7,16780.0,4.2,50936.0,24.0,69.7,4.0,17.7,78.2,3.6,0.910621761658031,117.0,117.0,4450.0,5703.0,-1254.0,0.6,94.1,1.3,2.0,1.0397022332506203,1.0,3.289473684210526,114.0,98.2,27.0,0.3278688524590164,284.0,952.0,1.0,0.987,IS
113,Democratic People's Republic of Korea,120538.0,25491.0,211.7,95.7,16283.0,-1.1,648.0,46.2,32.2,58.9,19.3,21.8,4.3,0.8568102444703142,104.0,103.0,1010.0,2757.0,-1748.0,0.5,60.9,0.7,2.0,1.1026785714285714,1.5259259259259261,242.5,12.9,0.0,78.0,25.3125,871.0,20.0,1.0050301810865192,1.2124137931034484,KP
114,Bosnia and Herzegovina,51209.0,3507.0,68.8,96.4,16251.0,3.1,4265.0,26.5,66.2,18.0,30.4,51.7,25.4,0.5965217391304347,96.0,97.0,5327.0,9130.0,-3803.0,-1.0,39.8,0.1,1.3,1.0691994572591588,0.6025641025641025,38.666666666666664,90.2,65.1,91.0,3.8275862068965516,252.0,85.0,0.997,1.075,BA
115,Mozambique,799380.0,29669.0,37.7,95.5,14806.0,6.6,529.2,21.0,54.4,75.0,4.1,21.0,24.1,1.0873015873015874,137.0,137.0,3352.0,5295.0,-1943.0,2.9,32.2,3.3,5.4,1.075925925925926,9.333333333333334,278.625,74.2,9.0,309.0,28.000000000000004,779.0,20.0,2.1783783783783783,4.198019801980198,MZ
116,Botswana,582000.0,2292.0,4.0,97.7,14391.0,-0.3,6360.6,33.4,64.2,25.7,14.9,59.4,18.6,0.9019607843137255,110.0,110.0,7321.0,6103.0,1218.0,1.8,57.4,1.3,2.9,1.105351170568562,4.906249999999999,22.619718309859156,169.0,27.5,28.0,2.1875,47.0,44.0,1.0747562296858073,1.8213457076566124,BW
117,Jamaica,10990.0,2890.0,266.9,99.0,14262.0,1.0,5105.8,22.3,70.5,17.9,15.3,66.8,13.1,0.7991746905089409,102.0,102.0,1202.0,4767.0,-3565.0,0.4,54.8,0.9,2.1,1.0656634746922027,1.6691176470588236,28.999999999999996,111.5,43.2,311.0,2.7407407407407405,8.0,37.0,1.0906040268456376,0.9500594530321048,JM
118,Georgia,69700.0,3912.0,56.3,91.4,13965.0,2.8,3491.4,24.1,66.9,44.7,11.2,44.1,11.4,0.7329113924050633,85.0,86.0,2114.0,7236.0,-5122.0,-1.4,53.6,-0.1,2.0,1.1240875912408759,0.923076923076923,40.19047619047619,129.0,45.2,120.0,4.090909090909091,61.0,47.0,1.0,1.2542819499341238,GE
119,Zimbabwe,390757.0,16530.0,42.7,95.0,13893.0,1.1,890.4,30.5,56.5,67.5,7.3,25.2,5.0,0.8914285714285715,99.0,98.0,2832.0,5212.0,-2379.0,2.3,32.4,2.3,4.0,1.0516934046345812,9.80952380952381,153.4230769230769,84.8,16.4,89.0,15.0,482.0,30.0,1.4413075780089153,1.6006493506493504,ZW
120,Equatorial Guinea,28052.0,1268.0,45.2,124.0,13812.0,-7.4,16344.1,73.1,25.7,18.8,18.0,63.2,7.7,0.7788671023965141,117.0,118.0,7443.0,5456.0,1987.0,4.2,39.9,3.1,5.0,1.0522522522522522,8.454545454545455,8.307692307692308,66.7,21.3,177.0,0.8153846153846154,841.0,87.0,2.3015873015873014,1.1253521126760564,GQ
121,Gabon,267668.0,2025.0,7.9,105.6,13735.0,3.9,7960.7,54.5,41.7,16.2,19.1,64.8,18.1,0.6981132075471699,97.0,92.0,2851.0,2930.0,-79.0,3.3,87.2,2.7,4.0,1.0427892234548335,5.609374999999999,17.205128205128204,168.9,23.5,270.0,1.6774193548387097,559.0,64.0,1.457271364317841,1.3777777777777778,GA
122,Senegal,196712.0,15851.0,82.3,96.6,13633.0,6.5,901.1,24.1,60.4,51.4,20.7,27.9,9.3,0.6425531914893616,126.0,127.0,2640.0,5478.0,-2838.0,3.0,43.7,3.6,5.0,1.0579937304075235,9.127659574468085,154.8235294117647,100.0,21.7,123.0,14.833333333333334,77.0,11.0,1.3803863298662706,1.9349112426035506,SN
123,South Sudan,658841.0,12576.0,20.6,100.4,13167.0,2.0,1067.0,58.0,37.4,,,,,,,,2389.0,750.0,1640.0,3.3,18.8,5.1,5.2,1.0351201478743068,8.176470588235295,123.0,23.9,17.9,49.0,15.0,337.0,2.0,1.1722319859402461,3.644444444444444,SS
124,Mali,1240192.0,18542.0,15.2,100.2,13100.0,7.6,744.3,19.6,40.5,56.7,14.7,28.6,8.1,0.6136087484811665,154.0,157.0,3030.0,2510.0,520.0,2.9,39.9,5.1,6.4,1.0233812949640286,11.925,172.9047619047619,139.6,10.3,42.0,13.999999999999998,55.0,4.0,1.5054602184087365,2.3291925465838506,ML
125,Brunei Darussalam,5765.0,429.0,81.3,106.0,12930.0,-0.6,30552.7,60.2,38.7,0.6,19.4,80.1,2.1,0.6746666666666666,157.0,157.0,4875.0,2679.0,2197.0,1.4,77.2,1.8,1.9,1.0439414114513983,2.875,4.226337448559671,108.1,71.2,193.0,0.41743119266055045,679.0,357.0,,,BN
126,Nicaragua,130373.0,6218.0,51.7,97.2,12693.0,4.9,2086.9,26.8,54.4,24.1,14.5,61.4,6.1,0.6153846153846154,130.0,130.0,2225.0,5927.0,-3701.0,1.2,58.8,2.0,2.3,1.0854341736694677,3.452380952380952,57.57142857142857,116.1,19.7,144.0,6.125,91.0,26.0,1.430835734870317,1.3734290843806103,NI
128,Lao People's Democratic Republic,236800.0,6858.0,29.7,99.5,12585.0,7.6,1850.2,32.8,43.6,78.3,4.0,17.7,1.5,1.001285347043702,193.0,186.0,2066.0,4513.0,-2447.0,1.3,38.6,4.9,2.9,1.0453834115805947,5.222222222222222,74.0,53.1,18.2,209.0,6.666666666666667,72.0,12.0,1.23342939481268,1.6875,LA
129,Mongolia,1564116.0,3076.0,2.0,97.9,11758.0,2.3,3973.4,34.1,51.1,28.4,20.7,51.0,6.3,0.8196248196248196,147.0,149.0,4917.0,3358.0,1559.0,1.9,72.0,2.8,2.8,1.1271317829457366,4.5,29.333333333333336,105.0,21.4,41.0,2.888888888888889,677.0,84.0,1.1216216216216217,1.5586854460093897,MN
130,Albania,28748.0,2930.0,106.9,101.9,11541.0,2.6,3984.2,26.0,51.7,41.4,18.3,40.3,15.8,0.659016393442623,134.0,134.0,1962.0,4669.0,-2707.0,-0.1,57.4,2.2,1.7,1.056878306878307,0.9157894736842105,28.8,106.4,63.3,130.0,2.85,84.0,36.0,0.9968487394957983,1.058758314855876,AL
131,Mauritius,1969.0,1265.0,623.2,97.9,11511.0,3.5,9040.9,22.7,74.4,7.3,25.2,67.5,7.6,0.6312247644683715,96.0,96.0,2194.0,4655.0,-2461.0,0.2,39.7,-0.1,1.5,1.099009900990099,1.1084337349397588,13.0,140.6,50.1,257.0,1.272727272727273,10.0,51.0,1.001002004008016,1.014038876889849,MU
132,Namibia,824116.0,2534.0,3.1,94.7,11491.0,5.3,4673.6,30.6,62.8,29.1,14.6,56.3,24.9,0.8771384136858476,88.0,89.0,4816.0,6721.0,-1905.0,2.2,46.7,4.2,3.6,1.0879864636209813,6.672727272727273,24.710526315789476,102.1,22.3,115.0,2.3749999999999996,19.0,31.0,1.160756501182033,3.244047619047619,NA
133,Burkina Faso,272967.0,19193.0,70.2,99.5,11065.0,4.1,611.1,21.8,43.7,80.0,4.9,15.1,2.9,0.8453038674033149,131.0,134.0,2019.0,3699.0,-1680.0,3.0,29.9,5.9,5.6,1.0224137931034483,11.589743589743591,180.6923076923077,80.6,11.4,31.0,27.999999999999996,123.0,9.0,1.2862796833773087,7.522388059701492,BF
134,Armenia,29743.0,2930.0,102.9,88.8,10529.0,3.0,3489.1,28.3,52.8,35.0,15.7,49.3,16.6,0.7452830188679245,135.0,135.0,1776.0,3230.0,-1455.0,0.3,62.7,-0.1,1.6,1.0906515580736544,1.183431952662722,30.349206349206348,115.2,58.2,114.0,3.0555555555555554,48.0,46.0,1.0,1.2301790281329923,AM
136,Chad,1284000.0,14900.0,11.8,100.2,10009.0,6.6,713.0,39.0,35.6,76.6,2.0,21.4,5.8,0.807061790668348,146.0,151.0,1990.0,1371.0,619.0,3.3,22.5,3.4,6.3,1.0455445544554456,11.775,139.7297297297297,40.2,2.7,43.0,0.0,288.0,6.0,1.6026785714285714,4.8307692307692305,TD
137,Malta,315.0,431.0,1346.4,100.9,9747.0,6.2,23280.7,15.0,83.6,1.2,20.9,77.9,5.4,0.5996955859969558,96.0,96.0,4039.0,7182.0,-3143.0,0.5,95.4,0.5,1.4,1.0432569974554708,0.5517241379310345,4.181818181818182,129.3,76.2,39.0,0.4107142857142857,1.0,78.0,1.0,1.0,MT
138,Madagascar,587295.0,25571.0,44.0,99.5,9739.0,3.1,401.8,18.4,56.7,74.2,9.4,16.5,2.3,0.9415730337078652,119.0,120.0,2256.0,2965.0,-709.0,2.7,35.1,4.7,4.4,1.0476190476190477,8.541666666666668,321.0,46.0,4.2,1324.0,31.0,129.0,7.0,2.311614730878187,2.0689655172413794,MG
139,New Caledonia,18575.0,276.0,15.1,101.5,8937.0,3.2,33965.7,26.0,72.6,3.0,26.9,70.1,15.1,0.6801195814648728,102.0,103.0,1344.0,2422.0,-1079.0,1.4,70.2,2.2,2.2,1.0759837177747624,1.5845070422535212,2.6352459016393444,93.5,74.0,526.0,0.2606060606060606,1.0,215.0,1.0,1.0,NC
140,Guinea,245857.0,12717.0,51.8,100.6,8875.0,0.1,703.9,32.8,47.4,69.7,7.4,22.9,6.8,0.9330199764982375,130.0,131.0,1753.0,2082.0,-329.0,2.3,37.2,3.8,5.1,1.0174216027874565,8.134615384615383,126.88888888888889,87.2,4.7,185.0,11.999999999999998,113.0,12.0,1.3753709198813056,2.889830508474576,GN
141,Bahamas,13940.0,395.0,39.5,95.9,8854.0,-1.7,22817.2,12.7,85.7,3.9,14.2,81.9,14.7,0.8773704171934262,132.0,132.0,365.0,2904.0,-2539.0,1.4,82.9,1.5,1.8,1.0847222222222221,1.5185185185185186,3.875816993464052,80.3,78.0,86.0,0.38095238095238093,0.0,90.0,1.0,1.0,BS
142,Haiti,27750.0,10981.0,398.4,97.8,8501.0,1.7,793.7,38.2,45.1,46.9,12.6,40.6,12.9,0.8647140864714086,163.0,166.0,984.0,3316.0,-2332.0,1.4,58.6,3.8,3.1,1.0697674418604652,4.52054794520548,98.75,69.9,12.2,205.0,9.666666666666666,136.0,16.0,1.3634453781512605,1.7500000000000002,HT
143,Congo,342000.0,5261.0,15.4,100.1,8493.0,1.2,1838.1,70.0,25.3,40.7,25.8,33.5,11.5,0.9242424242424242,106.0,106.0,2540.0,9793.0,-7253.0,2.6,65.4,3.2,4.9,1.0508196721311474,8.134615384615383,46.23529411764706,111.7,7.6,134.0,4.428571428571429,648.0,24.0,2.395,3.5714285714285716,CG
144,Benin,114763.0,11176.0,99.1,99.5,8476.0,5.2,779.1,24.9,51.9,43.2,10.2,46.6,1.0,0.9536784741144413,152.0,158.0,410.0,2630.0,-2220.0,2.8,44.0,3.7,5.2,1.0495726495726496,8.540000000000001,106.69565217391306,85.6,6.8,88.0,10.5,96.0,17.0,1.1816920943134537,4.876712328767123,BJ
145,Rwanda,26338.0,12208.0,494.9,96.2,8096.0,6.9,697.3,15.1,50.3,75.0,7.2,17.8,2.4,1.0336134453781511,139.0,139.0,622.0,1778.0,-1157.0,2.5,28.8,6.4,4.2,1.063391442155309,8.183673469387754,116.1842105263158,70.5,18.0,62.0,8.0,84.0,8.0,1.2044506258692627,0.9300476947535772,RW
146,Tajikistan,142600.0,8921.0,63.7,100.9,7853.0,4.2,925.9,28.0,47.1,57.2,13.4,29.4,10.8,0.7650834403080873,155.0,172.0,899.0,3030.0,-2132.0,2.2,26.8,2.6,3.5,1.085672082717873,6.086206896551724,85.96875,98.6,19.0,45.0,8.666666666666668,76.0,14.0,1.3958020989505247,0.9821989528795811,TJ
147,Niger,1267000.0,21477.0,17.0,100.6,7143.0,3.6,359.0,19.1,41.3,62.3,14.4,23.3,2.7,0.452914798206278,148.0,148.0,927.0,1861.0,-933.0,3.8,18.7,5.1,7.4,1.0329861111111112,11.952380952380953,189.3,46.5,2.2,34.0,21.0,101.0,5.0,2.05761316872428,8.23913043478261,NE
148,Kyrgyzstan,199949.0,6045.0,31.5,98.4,6572.0,3.5,1106.4,25.9,58.7,29.2,21.0,49.8,7.7,0.6412903225806452,108.0,110.0,1423.0,3844.0,-2421.0,1.6,35.7,1.6,3.1,1.1189759036144578,4.184210526315789,60.117647058823536,132.8,30.2,44.0,5.647058823529412,80.0,27.0,1.1218097447795823,0.9320083682008368,KG
150,Malawi,118484.0,18622.0,197.5,98.2,6420.0,3.0,372.9,16.6,57.3,69.9,4.8,25.4,6.8,1.0037037037037038,149.0,150.0,875.0,1649.0,-774.0,2.9,16.3,3.8,4.9,1.0841924398625429,10.232558139534884,179.33333333333334,35.3,9.3,176.0,13.0,89.0,6.0,1.0740740740740742,1.1884422110552764,MW
151,Liechtenstein,160.0,38.0,237.0,98.4,6361.0,1.4,169491.8,40.1,59.2,,,,2.6,0.7577903682719548,102.0,102.0,,,,0.8,14.3,0.5,1.5,,0.6563876651982379,0.3753993610223642,108.8,96.6,6.0,0.0,1.0,74.0,,,LI
152,Monaco,2.0,39.0,25969.8,94.7,6258.0,5.4,165870.6,13.4,86.6,,,,,,,,,,,0.6,100.0,0.8,,,,0.3763440860215054,88.8,93.4,21.0,,,,,,MC
153,Bermuda,53.0,61.0,1227.0,91.4,5853.0,0.4,94399.9,5.3,94.0,1.6,10.3,87.6,6.7,0.9075,115.0,115.0,8.0,971.0,-963.0,-0.6,100.0,0.2,1.5,1.098064516129032,0.5943775100401607,0.6201298701298702,58.0,98.3,72.0,0.06521739130434782,1.0,136.0,,,BM
154,French Polynesia,4000.0,283.0,77.3,103.7,5135.0,1.6,18161.0,11.9,85.2,8.9,16.9,74.2,17.0,0.7365079365079364,98.0,98.0,173.0,1491.0,-1319.0,0.7,55.9,0.9,2.1,1.0621621621621622,1.9579831932773109,2.8396226415094343,94.9,64.6,175.0,0.27586206896551724,1.0,43.0,1.0,1.0,PF
155,Mauritania,1030700.0,4420.0,4.3,101.6,5023.0,1.2,1235.0,41.7,37.4,40.3,9.5,50.2,12.0,0.44732824427480916,125.0,125.0,1623.0,2174.0,-551.0,2.9,59.9,3.5,4.9,1.0473856209150325,7.9799999999999995,40.64705882352941,89.3,15.2,86.0,3.8571428571428577,31.0,13.0,1.0227670753064797,4.166666666666666,MR
156,Suriname,163820.0,563.0,3.6,100.7,4879.0,-2.7,8985.3,27.4,61.1,3.4,22.3,74.3,9.9,0.5903790087463557,152.0,152.0,1437.0,1244.0,193.0,1.0,66.0,0.8,2.5,1.0943952802359882,2.5384615384615383,5.441860465116279,180.7,42.8,83.0,0.5405405405405405,44.0,62.0,1.1097285067873301,1.439739413680782,SR
157,Eritrea,117600.0,5069.0,50.2,100.4,4783.0,4.8,914.9,23.5,59.3,57.0,7.6,35.4,7.3,0.8634850166481687,109.0,109.0,16.0,3325.0,-3310.0,2.0,22.6,5.1,4.4,1.0684039087947883,7.886792452830188,53.0,7.0,1.1,122.0,6.999999999999999,27.0,7.0,1.3733583489681052,6.109589041095891,ER
158,Sierra Leone,72300.0,7557.0,104.7,98.1,4483.0,-20.3,694.8,17.6,31.1,68.0,6.5,25.5,3.1,0.946220930232558,168.0,168.0,466.0,958.0,-492.0,2.3,39.9,2.7,4.8,1.0221774193548387,10.023809523809524,65.14285714285715,89.5,2.5,177.0,6.5,53.0,11.0,1.776150627615063,3.3043478260869565,SL
159,Fiji,18272.0,906.0,49.6,103.1,4391.0,3.6,4921.9,18.1,70.7,21.3,2.9,75.8,7.7,0.5196629213483146,88.0,88.0,926.0,2316.0,-1391.0,0.7,53.7,1.5,2.6,1.0896860986547086,2.878787878787879,9.200000000000001,108.2,46.3,291.0,0.923076923076923,8.0,26.0,1.0910087719298245,1.0565610859728507,FJ
160,Barbados,431.0,286.0,664.5,91.9,4385.0,0.9,15429.4,12.1,86.2,2.8,19.3,77.9,11.3,0.8828571428571428,88.0,88.0,517.0,1621.0,-1104.0,0.3,31.5,0.1,1.8,1.0658436213991769,0.9095238095238096,2.8512396694214877,116.5,76.1,56.0,0.2888888888888889,2.0,59.0,1.0,1.0,BB
162,Togo,56785.0,7798.0,143.4,99.4,4086.0,5.5,559.4,19.7,34.6,62.5,8.7,28.7,6.8,1.003717472118959,140.0,143.0,715.0,1716.0,-1001.0,2.6,40.0,3.8,4.7,1.0257289879931388,9.043478260869566,72.8421052631579,65.0,7.1,80.0,6.5,111.0,20.0,2.067873303167421,8.517241379310345,TG
163,Montenegro,13812.0,629.0,46.8,97.4,4020.0,4.5,6424.1,17.5,72.6,7.5,17.3,75.2,17.4,0.7477638640429338,66.0,66.0,354.0,2263.0,-1908.0,0.1,64.0,0.3,1.7,1.0648648648648649,0.8497652582159625,6.25,162.2,64.6,98.0,0.6285714285714287,29.0,64.0,1.0080645161290323,1.0629067245119306,ME
164,Cayman Islands,264.0,62.0,256.5,100.4,3726.0,0.7,62132.0,7.5,92.2,0.8,15.5,83.6,6.3,0.9415887850467289,104.0,104.0,18.0,991.0,-972.0,1.5,100.0,1.5,,,2.7313432835820897,0.5984848484848484,155.5,77.0,74.0,0.05434782608695653,,130.0,,,KY
165,Maldives,300.0,436.0,1454.4,131.8,3435.0,2.8,9446.5,22.0,74.9,7.7,22.8,69.5,2.9,0.7261306532663316,65.0,65.0,140.0,2128.0,-1988.0,2.8,45.5,4.5,2.2,1.026525198938992,3.714285714285714,3.6332046332046333,206.7,54.5,75.0,0.35135135135135137,0.0,54.0,1.0163432073544432,0.9918616480162767,MV
166,Guyana,214969.0,778.0,4.0,101.9,3282.0,3.1,4278.8,31.7,50.6,18.4,25.4,56.2,11.3,0.5441558441558442,142.0,143.0,1453.0,1625.0,-172.0,0.6,28.6,0.8,2.6,1.071875,3.372093023255814,7.7,67.2,38.2,94.0,0.7692307692307692,7.0,46.0,0.9989827060020346,1.0719512195121952,GY
167,Timor-Leste,14919.0,1296.0,87.2,103.2,2873.0,4.3,2425.4,79.9,14.9,50.8,2.0,47.2,4.3,0.48381294964028776,111.0,117.0,94.0,647.0,-553.0,2.2,32.8,3.8,5.9,1.0514372163388805,8.074074074074074,12.0,117.4,13.4,24.0,1.25,143.0,7.0,1.5735537190082645,2.574626865671642,TL
168,Andorra,468.0,77.0,163.8,102.3,2812.0,0.8,39896.4,10.8,88.6,,,,,,,,100.0,1355.0,-1255.0,-1.6,85.1,0.1,1.2,,0.7578947368421053,0.7051926298157454,88.1,96.9,13.0,0.078125,1.0,119.0,1.0,1.0,AD
169,Burundi,27830.0,10864.0,423.1,96.9,2735.0,-4.1,244.6,13.9,49.8,91.1,2.6,6.3,1.7,1.022974607013301,109.0,122.0,123.0,625.0,-502.0,3.0,12.1,5.7,6.0,1.070110701107011,10.227272727272727,110.3076923076923,46.2,4.9,61.0,0.0,56.0,6.0,1.2344173441734416,0.9012345679012345,BI
170,Aruba,180.0,105.0,584.8,90.4,2702.0,0.1,26005.4,15.4,84.1,0.6,14.0,85.1,,0.8448275862068966,,,95.0,1117.0,-1022.0,0.5,41.5,-0.3,1.8,1.0672153635116597,0.9086294416243654,1.0373563218390807,135.7,88.7,32.0,0.10714285714285714,1.0,120.0,1.0,1.0,AW
171,Greenland,2166086.0,56.0,0.1,112.1,2078.0,0.3,36976.7,15.9,74.1,4.6,12.6,82.5,9.7,,99.0,99.0,553.0,623.0,-71.0,-0.1,86.4,0.7,2.0,1.0684133915574965,1.590909090909091,0.5607476635514019,106.5,67.6,23.0,0.05555555555555555,2.0,154.0,1.0,1.0,GL
172,Bhutan,38394.0,808.0,21.2,113.1,2074.0,5.2,2677.1,43.9,38.8,56.6,9.7,33.7,2.4,0.8081632653061225,98.0,98.0,616.0,1688.0,-1072.0,1.6,38.6,3.7,2.2,1.0043731778425657,3.63013698630137,7.742424242424243,87.1,39.8,71.0,0.7692307692307692,75.0,82.0,1.0,2.353474320241692,BT
173,Liberia,111369.0,4732.0,49.1,101.8,2053.0,0.3,455.9,11.4,17.9,45.3,11.7,43.0,4.1,0.9032761310452418,104.0,121.0,641.0,727.0,-86.0,2.6,49.7,3.4,4.8,1.0301003344481605,8.530612244897958,45.519999999999996,81.1,5.9,172.0,4.5,73.0,19.0,1.4153354632587858,4.745762711864407,LR
174,Lesotho,30355.0,2233.0,73.6,94.4,2008.0,2.8,940.6,31.3,61.0,39.7,20.0,40.3,27.5,0.8002680965147454,101.0,100.0,648.0,1727.0,-1079.0,1.3,27.3,3.0,3.3,1.091816367265469,5.2835820895522385,22.0,105.5,16.1,18.0,2.0833333333333335,31.0,28.0,1.2285714285714284,1.3514492753623186,LS
175,Djibouti,23200.0,957.0,41.3,100.7,1737.0,6.5,1956.3,21.4,75.3,22.8,23.9,53.2,6.6,0.5328467153284672,133.0,133.0,134.0,987.0,-852.0,1.7,77.3,1.6,3.1,1.0533333333333335,4.859375,8.850393700787402,34.7,11.9,98.0,0.8749999999999999,3.0,13.0,1.5054095826893354,11.725490196078432,DJ
176,Belize,22966.0,375.0,16.4,99.2,1721.0,1.2,4789.4,18.5,66.9,16.1,15.9,67.9,11.5,0.6766109785202864,97.0,97.0,246.0,952.0,-706.0,2.2,44.0,1.9,2.6,1.0818452380952381,5.064516129032258,3.5933333333333333,48.9,41.6,117.0,0.35714285714285715,9.0,36.0,0.9890000000000001,1.0600907029478457,BZ
177,Central African Republic,622984.0,4659.0,7.5,97.3,1633.0,4.8,333.2,24.8,40.4,72.2,4.3,23.4,6.9,0.8498817966903075,114.0,113.0,213.0,147.0,66.0,0.4,40.0,2.6,5.1,1.0669456066945606,7.854545454545455,48.0,20.4,4.6,60.0,2.9999999999999996,19.0,5.0,1.6470588235294117,6.055555555555555,CF
178,Cabo Verde,4033.0,546.0,135.6,99.3,1603.0,1.5,3080.2,19.8,70.7,27.2,11.5,61.3,10.5,0.6347517730496455,98.0,98.0,29.0,485.0,-455.0,1.2,65.5,2.0,2.5,1.0556348074179744,4.3768115942028984,5.137931034482759,127.2,43.0,65.0,0.5,2.0,17.0,1.0767468499427262,1.5027624309392265,CV
179,San Marino,61.0,33.0,556.7,94.9,1565.0,1.0,49240.2,33.3,66.6,,,,6.6,,,,,,,1.2,94.2,0.6,,1.0575275397796817,0.6224066390041494,0.31756756756756754,115.2,49.6,1.0,,,,,,SM
180,Somalia,637657.0,14742.0,23.5,99.3,1559.0,2.7,144.5,7.4,32.5,72.0,4.8,23.2,6.6,0.43873517786561256,112.0,112.0,925.0,530.0,394.0,2.9,39.6,4.1,6.6,1.0600375234521577,10.545454545454545,126.5,52.5,1.8,175.0,5.999999999999999,129.0,12.0,7.909090909090907,8.253968253968255,SO
181,Saint Lucia,539.0,179.0,293.2,95.9,1450.0,1.9,7839.4,12.9,84.4,14.8,17.6,67.6,19.0,0.8237597911227155,69.0,69.0,120.0,654.0,-535.0,0.5,18.5,0.9,1.5,1.074792243767313,1.3795620437956204,1.855072463768116,101.5,52.4,62.0,0.18181818181818182,0.0,33.0,1.040794979079498,0.9216539717083786,LC
182,Seychelles,457.0,95.0,206.0,97.2,1363.0,6.8,14133.2,13.6,83.8,3.6,17.9,78.2,4.1,0.9062957540263543,105.0,109.0,335.0,833.0,-498.0,0.5,53.9,1.1,2.4,1.1339155749636098,1.6691729323308269,0.9624060150375939,158.1,58.1,439.0,0.09615384615384615,0.0,72.0,1.0,1.0,SC
183,Antigua and Barbuda,442.0,102.0,231.8,92.3,1356.0,4.1,14764.5,18.3,79.8,,,,,,88.0,88.0,61.0,491.0,-429.0,1.1,23.8,-0.9,2.1,1.0668485675306958,2.1926605504587156,0.9183006535947712,137.2,65.2,55.0,0.08620689655172414,,84.0,1.0,1.0,AG
184,Sint Maarten (Dutch part),34.0,40.0,1180.0,95.7,1094.0,0.5,28241.7,12.3,87.6,,,,,,,,,,,3.1,100.0,2.0,,1.1141618497109824,2.019230769230769,0.3877840909090909,,,51.0,0.035897435897435895,,303.0,,,SX
185,Comoros,2235.0,814.0,437.4,101.8,1079.0,4.8,1368.9,4.0,65.3,62.0,5.2,32.8,20.0,0.4490566037735849,107.0,107.0,20.0,193.0,-173.0,2.4,28.3,2.7,4.6,1.053921568627451,8.122448979591836,7.874999999999999,54.8,7.5,114.0,1.0,3.0,6.0,1.0392817059483725,1.5631067961165048,KM
186,Solomon Islands,28896.0,611.0,21.8,103.4,1075.0,3.2,1841.6,15.6,56.3,48.1,2.4,49.5,31.4,0.8312925170068027,118.0,118.0,437.0,454.0,-17.0,2.1,22.3,4.2,4.1,1.0409956076134699,7.185185185185184,6.5,72.7,10.0,245.0,0.5,3.0,11.0,1.2072538860103628,5.426666666666667,SB
187,Guinea-Bissau,36125.0,1861.0,66.2,96.9,978.0,4.8,530.0,14.5,40.5,60.1,5.8,34.1,6.5,0.8585987261146497,137.0,138.0,885.0,212.0,673.0,2.6,49.3,4.1,4.9,1.0626151012891345,8.46938775510204,18.583333333333336,69.3,3.5,77.0,2.9999999999999996,25.0,17.0,1.6384742951907132,3.9411764705882355,GW
188,Grenada,345.0,108.0,317.1,100.9,954.0,6.2,8933.8,13.9,77.8,,,,,,103.0,103.0,30.0,350.0,-320.0,0.4,35.6,0.3,2.2,1.0677966101694916,2.5047619047619047,1.0757575757575757,112.2,53.8,54.0,0.08695652173913045,0.0,35.0,1.0388247639034627,0.9918616480162767,GD
189,Gambia,11295.0,2101.0,207.6,98.0,942.0,4.7,473.2,14.9,64.0,30.4,14.4,55.2,29.7,0.8740920096852302,82.0,82.0,32.0,471.0,-439.0,3.1,59.6,4.3,5.6,1.0423011844331642,11.921052631578947,19.84536082474227,131.3,17.1,67.0,1.6666666666666667,7.0,7.0,1.1161137440758293,1.1181818181818182,GM
191,Saint Kitts and Nevis,261.0,55.0,212.9,97.0,876.0,3.8,15771.9,28.1,70.7,,,,,,39.0,39.0,51.0,332.0,-280.0,1.1,32.0,1.3,,,,0.5522388059701493,131.8,75.7,52.0,0.047619047619047616,0.0,59.0,1.0,,KN
192,Turks and Caicos Islands,948.0,35.0,37.3,104.1,863.0,4.1,25121.8,10.4,89.0,,,,,,,,4.0,389.0,-385.0,2.0,92.2,2.5,,1.0263852242744063,2.526315789473684,0.34411764705882353,,,60.0,0.03278688524590164,0.0,86.0,,,TC
193,Samoa,2842.0,196.0,69.4,106.6,774.0,2.8,4006.0,24.2,66.6,5.3,14.8,79.8,6.5,0.4003436426116838,107.0,107.0,56.0,350.0,-294.0,0.8,19.1,-0.2,4.2,1.088607594936709,4.305882352941176,1.8846153846153846,58.5,25.4,93.0,0.2,2.0,24.0,0.9818731117824774,1.0241492864983535,WS
194,Saint Vincent and the Grenadines,389.0,110.0,281.8,101.7,738.0,1.6,6739.2,17.2,75.3,22.1,16.1,61.8,19.1,0.7334200260078023,115.0,115.0,47.0,335.0,-288.0,0.0,50.6,0.7,2.0,1.0594059405940595,2.0341880341880345,1.0952380952380951,103.6,51.8,58.0,0.10526315789473685,0.0,29.0,1.0,,VC
195,Vanuatu,12189.0,276.0,22.7,102.4,737.0,-1.0,2783.0,8.4,64.9,61.4,6.8,31.8,5.3,0.7664596273291926,123.0,122.0,50.0,416.0,-366.0,2.3,26.1,3.4,3.4,1.0605187319884724,5.35820895522388,2.666666666666667,66.2,22.4,137.0,0.33333333333333337,1.0,12.0,1.0645855758880516,1.175090252707581,VU
196,Dominica,750.0,74.0,98.6,103.0,512.0,-1.8,7051.1,13.2,71.5,,,,,,110.0,111.0,23.0,214.0,-191.0,0.5,69.5,0.8,,,,0.7282608695652175,106.3,67.6,66.0,0.052631578947368425,0.0,29.0,,,DM
197,Tonga,747.0,108.0,150.0,100.7,402.0,3.8,3784.5,21.5,56.1,33.3,28.2,38.5,4.8,0.7158322056833558,134.0,134.0,14.0,209.0,-196.0,0.4,23.7,0.7,3.8,1.0862068965517242,4.211764705882352,1.0555555555555556,65.6,45.0,79.0,0.09090909090909091,0.0,15.0,1.001004016064257,1.096629213483146,TO
198,Sao Tome and Principe,964.0,204.0,212.8,99.2,334.0,4.0,1752.8,14.7,73.0,22.2,13.5,64.3,13.6,0.5958005249343832,119.0,119.0,10.0,139.0,-129.0,2.2,65.1,3.6,4.7,1.065625,9.953488372093023,1.846153846153846,65.1,25.8,94.0,0.16666666666666669,1.0,14.0,1.0566239316239316,1.7510729613733904,ST
199,Anguilla,91.0,15.0,165.7,97.6,320.0,2.9,21879.6,15.7,82.0,,,,,,,,2.0,154.0,-153.0,1.2,100.0,1.2,,,3.0657894736842106,0.14705882352941177,177.9,76.0,52.0,0.01020408163265306,0.0,136.0,,,AI
200,Micronesia (Federated States of),702.0,106.0,150.8,105.1,315.0,3.7,3015.2,6.5,65.8,,,,,,99.0,99.0,6.0,40.0,-34.0,0.2,22.4,0.3,3.3,1.0310192023633677,4.1375,1.0769230769230769,30.3,31.5,167.0,0.14285714285714288,0.0,22.0,1.0846681922196795,1.736734693877551,FM
201,Cook Islands,236.0,17.0,72.4,97.4,294.0,5.5,14118.7,9.0,82.9,4.3,11.7,84.0,8.2,0.85378590078329,91.0,91.0,14.0,98.0,-84.0,-1.2,74.5,0.9,2.6,1.110181311018131,1.8943661971830985,0.21105527638190957,,,75.0,0.029411764705882356,,48.0,1.0,1.0,CK
202,Palau,459.0,22.0,47.2,113.3,258.0,5.7,12122.5,8.0,88.2,,,,,,,,7.0,154.0,-147.0,0.8,87.1,1.7,2.2,1.1424375917767988,1.549618320610687,0.21428571428571427,111.5,,182.0,0.024193548387096774,,172.0,1.127906976744186,1.0,PW
203,Nauru,21.0,11.0,568.0,101.9,189.0,18.7,18469.2,59.9,37.1,,,,23.0,0.6248415716096324,112.0,112.0,,,,2.3,100.0,0.2,3.9,1.1211072664359862,9.875,0.10289389067524116,67.8,54.0,82.0,0.0,0.0,63.0,,,NR
204,Marshall Islands,181.0,53.0,295.2,104.5,183.0,0.6,3452.6,10.2,73.3,,,,4.7,0.5440900562851783,115.0,115.0,27.0,86.0,-58.0,0.2,72.7,0.6,4.1,1.0168302945301544,7.090909090909091,0.532258064516129,29.2,19.3,101.0,0.052631578947368425,0.0,27.0,0.9579918032786886,1.5035587188612098,MH
205,Kiribati,726.0,116.0,143.7,97.3,162.0,3.7,1442.9,13.6,62.2,,,,,,61.0,61.0,3.0,116.0,-113.0,1.8,44.3,1.8,3.8,1.1041666666666667,5.46875,1.142857142857143,38.8,13.0,104.0,0.16666666666666669,0.0,8.0,1.7252964426877468,1.673202614379085,KI
206,Montserrat,103.0,5.0,51.8,106.0,59.0,0.4,11553.4,12.7,85.9,,,,5.6,,103.0,103.0,4.0,36.0,-32.0,0.7,9.0,0.7,,,1.0051020408163265,0.05303030303030303,96.6,54.6,55.0,0.0,,133.0,1.0,,MS
207,Tuvalu,26.0,11.0,373.1,102.0,33.0,3.5,3362.4,7.6,66.4,,,,,,110.0,110.0,0.0,12.0,-12.0,0.9,59.7,1.9,3.6,,3.1414141414141414,0.07142857142857144,40.3,42.7,96.0,,,13.0,1.01340206185567,1.0760598503740648,TV
208,Saint Pierre and Miquelon,242.0,6.0,27.5,98.2,,,,,,,,,,,112.0,112.0,653.0,2629.0,-1976.0,0.0,90.4,0.1,,,,0.06369426751592357,,,12.0,0.00819672131147541,0.0,174.0,,,PM
210,Western Sahara,266000.0,553.0,2.1,110.1,,,,,,37.4,27.9,34.7,6.8,0.3433373349339736,100.0,100.0,,,,1.8,80.9,3.3,2.6,1.0508221225710013,5.203703703703703,5.777777777777778,,,49.0,,,,,,EH
211,Martinique,1128.0,385.0,363.1,83.5,,,,,,3.9,11.8,69.0,22.8,0.9776951672862454,78.0,78.0,,,,-0.5,88.9,0.2,2.0,1.0848329048843188,0.688715953307393,3.9551282051282053,,,48.0,0.396551724137931,1.0,79.0,1.0020040080160322,1.292984869325997,MQ
212,Mayotte,,253.0,674.8,96.7,,,,,,,,,,,,,,,,2.8,47.0,1.9,4.1,1.0907894736842105,7.000000000000001,2.398753894080997,,,88.0,,0.0,19.0,,,YT
214,American Samoa,199.0,56.0,278.2,103.6,,,,,,,,,,,112.0,112.0,,,,-0.0,87.2,-0.1,2.6,1.0942334739803095,3.6999999999999997,0.5550239234449761,,,92.0,,,,1.0,1.0,AS
215,French Guiana,83534.0,283.0,3.4,100.0,,,,,,,14.9,58.3,21.3,0.8231292517006803,120.0,120.0,,,,2.8,84.4,2.8,3.5,1.0854139290407359,3.9523809523809526,2.6860759493670883,,,73.0,0.25,3.0,50.0,1.2583222370173104,1.2519788918205805,GF
216,Isle of Man,572.0,84.0,147.9,98.2,,,,,,,,,2.6,0.8297258297258298,,,,,,0.8,52.2,0.8,,,0.5947955390334573,0.8776699029126214,,,3.0,,0.0,3.0,,,IM
217,Gibraltar,6.0,35.0,3457.1,101.8,,,,,,,,,,,,,234.0,533.0,-299.0,0.6,100.0,0.1,,,0.8080357142857144,0.32361516034985427,129.5,65.0,31.0,0.030303030303030304,,259.0,,,GI
218,"Bonaire, Sint Eustatius and Saba",,25.0,77.4,,,,,,,,,,,,,,,,,3.2,74.7,2.4,,,,0.248565965583174,,,56.0,0.022556390977443608,0.0,208.0,,,BQ
219,Falkland Islands (Malvinas),12173.0,3.0,0.2,110.5,,,,,,,,,1.2,0.8976744186046512,96.0,105.0,4.0,17.0,-13.0,0.3,76.2,1.0,,,1.0445859872611465,0.029574861367837338,163.5,98.3,23.0,0.005291005291005292,0.0,257.0,,,FK
220,Holy See,0.0,1.0,1800.0,219.2,,,,,,,,,,,,,,,,0.0,100.0,0.0,,,,0.008,,,1.0,,,,,,VA
221,Niue,260.0,2.0,6.2,100.0,,,,,,,,,,,101.0,101.0,,,,-0.1,42.5,-0.9,2.6,1.0884450784593438,1.1343283582089552,0.017341040462427744,,79.6,52.0,0.0,0.0,62.0,0.9979716024340772,1.0,NU
222,Tokelau,12.0,1.0,130.0,100.0,,,,,,,,,,,112.0,112.0,0.0,1.0,-1.0,1.9,0.0,0.0,2.1,,2.319672131147541,0.01282051282051282,,,49.0,,,,,,TK
223,Northern Mariana Islands,457.0,55.0,119.9,107.1,,,,,,,,,,,,,1735.0,4553.0,-2818.0,0.1,89.2,0.4,1.6,1.0400534045393859,2.35,0.549618320610687,,,102.0,,,,1.0,1.0,MP
224,Guam,549.0,164.0,304.1,102.6,,,,,,0.2,14.0,85.7,10.7,0.8034934497816594,88.0,88.0,,,,0.3,94.5,1.4,2.4,1.0667539267015707,1.7642857142857142,1.6986607142857142,,73.1,99.0,,,,1.0,1.0,GU
225,Guadeloupe,1705.0,450.0,266.0,86.4,,,,,,3.3,13.5,65.5,26.1,0.8778761061946903,100.0,100.0,,,,-0.0,98.4,0.5,2.0,1.09375,0.788135593220339,4.690476190476191,,,73.0,0.4727272727272727,5.0,80.0,0.9949899799599199,1.0837988826815643,GP
227,Faroe Islands,1393.0,49.0,35.3,107.2,,,,,,,,,4.0,0.9232558139534884,102.0,102.0,1192.0,976.0,216.0,0.2,42.0,0.5,2.4,1.079182630906769,0.9333333333333333,0.4824561403508772,127.3,94.2,21.0,0.04838709677419355,1.0,182.0,,,FO
